{
  "best_epoch": 18,
  "best_val_mse": 8.660456163823486e-05,
  "stop_epoch": 20,
  "stop_reason": "fixed_budget",
  "epochs_full": [
    0,
    1,
    2,
    3,
    4,
    5,
    6,
    7,
    8,
    9,
    10,
    11,
    12,
    13,
    14,
    15,
    16,
    17,
    18,
    19,
    20
  ],
  "train_history_full": [
    0.5476477953910828,
    0.05490368039645255,
    0.0015972800991497934,
    0.0010299206812866032,
    0.000778503738436848,
    0.0007141527515137568,
    0.003490671577071771,
    0.0005796635685954243,
    0.0004745676895370707,
    0.0004190991205628961,
    0.0004084216387476772,
    0.0003971874577458948,
    0.00038160528625594454,
    0.0003506808219011873,
    0.00031283362932736056,
    0.0020823076735832727,
    0.00032269384247483684,
    0.0003087700636824593,
    0.00026251546699786557,
    0.0002548108753398992,
    0.00023098662425763904
  ],
  "val_history_full": [
    0.5478491196556697,
    0.0024486365062849863,
    0.001234766149464699,
    0.00040764614823274314,
    0.0007035787982333984,
    0.0005710223257275564,
    0.00045328695624549355,
    0.000493106665551692,
    0.0003911373136188125,
    0.00021682844852052984,
    0.00033960253414180543,
    0.0004338796443623742,
    0.0002533476665756473,
    0.00018407140848308151,
    0.00017298364319786843,
    0.00018947618128362274,
    0.0011660130251021613,
    0.00023564995965912996,
    8.660456163823486e-05,
    0.0001911352719328115,
    0.0002114666110303785
  ],
  "sampled_epochs": [
    0,
    1,
    2,
    3,
    4,
    5,
    6,
    7,
    8,
    9,
    10,
    20
  ],
  "sampled_train_history": [
    0.5476477953910828,
    0.05490368039645255,
    0.0015972800991497934,
    0.0010299206812866032,
    0.000778503738436848,
    0.0007141527515137568,
    0.003490671577071771,
    0.0005796635685954243,
    0.0004745676895370707,
    0.0004190991205628961,
    0.0004084216387476772,
    0.00023098662425763904
  ],
  "sampled_val_history": [
    0.5478491196556697,
    0.0024486365062849863,
    0.001234766149464699,
    0.00040764614823274314,
    0.0007035787982333984,
    0.0005710223257275564,
    0.00045328695624549355,
    0.000493106665551692,
    0.0003911373136188125,
    0.00021682844852052984,
    0.00033960253414180543,
    0.0002114666110303785
  ],
  "final_mse": 8.660456163823486e-05,
  "final_sdr_db": 37.61941389053587,
  "final_symbol_accuracy": 1.0
}