{
  "best_epoch": 16,
  "best_val_mse": 5.320850635013942e-05,
  "stop_epoch": 20,
  "stop_reason": "fixed_budget",
  "epochs_full": [
    0,
    1,
    2,
    3,
    4,
    5,
    6,
    7,
    8,
    9,
    10,
    11,
    12,
    13,
    14,
    15,
    16,
    17,
    18,
    19,
    20
  ],
  "train_history_full": [
    0.6216385736465454,
    0.09454220069572329,
    0.0023778818080201743,
    0.0010386760686524213,
    0.0006943665606435388,
    0.0004865850833710283,
    0.00039494864644948395,
    0.00031182725271210074,
    0.000275782385119237,
    0.00022058875204529612,
    0.0001981622043880634,
    0.0001624129989068024,
    0.00014679859447060153,
    0.00013717120017390697,
    0.00011720171378692612,
    0.000111734317796072,
    0.00010089349260670133,
    0.05351930692900205,
    0.0013187045775353908,
    0.0005299179209861904,
    0.0003005988794146106
  ],
  "val_history_full": [
    0.6221019455364772,
    0.0041481417470744675,
    0.0012709616908862713,
    0.000976672538349198,
    0.0005405205560641156,
    0.0004076317325973558,
    0.0003029533462332828,
    0.0002745702120822869,
    0.0002299934359533446,
    0.00017174688955059363,
    0.0001313465544381105,
    0.00020299323475069647,
    7.830332296656533e-05,
    0.00017882215916105207,
    9.600051005633311e-05,
    0.0001520076166054914,
    5.320850635013942e-05,
    0.002657046689400597,
    0.0006740964886303696,
    0.00037809209260601727,
    0.00025761336673028943
  ],
  "sampled_epochs": [
    0,
    1,
    2,
    3,
    4,
    5,
    6,
    7,
    8,
    9,
    10,
    20
  ],
  "sampled_train_history": [
    0.6216385736465454,
    0.09454220069572329,
    0.0023778818080201743,
    0.0010386760686524213,
    0.0006943665606435388,
    0.0004865850833710283,
    0.00039494864644948395,
    0.00031182725271210074,
    0.000275782385119237,
    0.00022058875204529612,
    0.0001981622043880634,
    0.0003005988794146106
  ],
  "sampled_val_history": [
    0.6221019455364772,
    0.0041481417470744675,
    0.0012709616908862713,
    0.000976672538349198,
    0.0005405205560641156,
    0.0004076317325973558,
    0.0003029533462332828,
    0.0002745702120822869,
    0.0002299934359533446,
    0.00017174688955059363,
    0.0001313465544381105,
    0.00025761336673028943
  ],
  "final_mse": 5.320850635013942e-05,
  "final_sdr_db": 39.78538095383417,
  "final_symbol_accuracy": 1.0
}