{
  "best_epoch": 15,
  "best_val_mse": 1.7260758896655818e-05,
  "stop_epoch": 20,
  "stop_reason": "fixed_budget",
  "epochs_full": [
    0,
    1,
    2,
    3,
    4,
    5,
    6,
    7,
    8,
    9,
    10,
    11,
    12,
    13,
    14,
    15,
    16,
    17,
    18,
    19,
    20
  ],
  "train_history_full": [
    0.5007156486034393,
    0.06312093536816538,
    0.0009802705154754222,
    0.0005225044592283666,
    0.00035619010110385716,
    0.0002663444369798526,
    0.0002122225827537477,
    0.00017703042972134426,
    0.00015721215197118,
    0.00013557725728023797,
    0.00011972682105842978,
    0.00010845435173250735,
    9.102169087273068e-05,
    8.528361814678646e-05,
    7.705082678585314e-05,
    7.027218623552472e-05,
    6.243383253458888e-05,
    5.587255613063462e-05,
    5.293718485627323e-05,
    4.567930827906821e-05,
    4.3764688610099257e-05
  ],
  "val_history_full": [
    0.5007302183953543,
    0.000739647069066349,
    0.0003534165600920835,
    0.0005352475545516918,
    0.00024419391203472126,
    8.617688119614734e-05,
    0.00010050895070889965,
    8.30731077012532e-05,
    6.25698802260948e-05,
    3.897936114790066e-05,
    5.859312694242579e-05,
    4.008773444978047e-05,
    5.3314141590066906e-05,
    6.462273057199098e-05,
    0.00013279834681833607,
    1.7260758896655818e-05,
    6.625508427128402e-05,
    8.702142573412626e-05,
    2.388364864311861e-05,
    2.2783854128358636e-05,
    0.00015282561001922224
  ],
  "sampled_epochs": [
    0,
    1,
    2,
    3,
    4,
    5,
    6,
    7,
    8,
    9,
    10,
    20
  ],
  "sampled_train_history": [
    0.5007156486034393,
    0.06312093536816538,
    0.0009802705154754222,
    0.0005225044592283666,
    0.00035619010110385716,
    0.0002663444369798526,
    0.0002122225827537477,
    0.00017703042972134426,
    0.00015721215197118,
    0.00013557725728023797,
    0.00011972682105842978,
    4.3764688610099257e-05
  ],
  "sampled_val_history": [
    0.5007302183953543,
    0.000739647069066349,
    0.0003534165600920835,
    0.0005352475545516918,
    0.00024419391203472126,
    8.617688119614734e-05,
    0.00010050895070889965,
    8.30731077012532e-05,
    6.25698802260948e-05,
    3.897936114790066e-05,
    5.859312694242579e-05,
    0.00015282561001922224
  ],
  "final_mse": 1.7260758896655818e-05,
  "final_sdr_db": 44.6224479675293,
  "final_symbol_accuracy": 1.0
}