{
  "best_epoch": 15,
  "best_val_mse": 0.11422950951826005,
  "stop_epoch": 20,
  "stop_reason": "fixed_budget",
  "epochs_full": [
    0,
    1,
    2,
    3,
    4,
    5,
    6,
    7,
    8,
    9,
    10,
    11,
    12,
    13,
    14,
    15,
    16,
    17,
    18,
    19,
    20
  ],
  "train_history_full": [
    0.5460791872024536,
    0.15742468448877334,
    0.11755262863636017,
    0.11595258917808533,
    0.11528497080802917,
    0.1149530078291893,
    0.11455489214658737,
    0.11442175307273865,
    0.11428339040279388,
    0.114066384100914,
    0.11398480194807052,
    0.11389104355573654,
    0.11367470377683639,
    0.11370795974731446,
    0.11358579255342484,
    0.11352063751220703,
    0.11339225771427154,
    0.11337972466945648,
    0.11319847257137299,
    0.11317852444648743,
    0.11312458914518356
  ],
  "val_history_full": [
    0.5461991826693217,
    0.1225982288283015,
    0.11655304817453263,
    0.11596207013205877,
    0.11545209610272968,
    0.11555144675667324,
    0.11558252159092161,
    0.11687822545331622,
    0.11587996567998614,
    0.11471213518627106,
    0.11450393391507012,
    0.11466544003240646,
    0.1151807200577524,
    0.11454449499410296,
    0.11423943440119426,
    0.11422950951826005,
    0.11556308349919697,
    0.11431858688592911,
    0.11440896715909715,
    0.114854196943934,
    0.11431507683462566
  ],
  "sampled_epochs": [
    0,
    1,
    2,
    3,
    4,
    5,
    6,
    7,
    8,
    9,
    10,
    20
  ],
  "sampled_train_history": [
    0.5460791872024536,
    0.15742468448877334,
    0.11755262863636017,
    0.11595258917808533,
    0.11528497080802917,
    0.1149530078291893,
    0.11455489214658737,
    0.11442175307273865,
    0.11428339040279388,
    0.114066384100914,
    0.11398480194807052,
    0.11312458914518356
  ],
  "sampled_val_history": [
    0.5461991826693217,
    0.1225982288283015,
    0.11655304817453263,
    0.11596207013205877,
    0.11545209610272968,
    0.11555144675667324,
    0.11558252159092161,
    0.11687822545331622,
    0.11587996567998614,
    0.11471213518627106,
    0.11450393391507012,
    0.11431507683462566
  ],
  "final_mse": 0.11422950951826005,
  "final_sdr_db": 6.431331044151669,
  "final_symbol_accuracy": 0.8457737500000002
}