{
  "best_epoch": 7,
  "best_val_mse": 0.11461987050752791,
  "stop_epoch": 20,
  "stop_reason": "fixed_budget",
  "epochs_full": [
    0,
    1,
    2,
    3,
    4,
    5,
    6,
    7,
    8,
    9,
    10,
    11,
    12,
    13,
    14,
    15,
    16,
    17,
    18,
    19,
    20
  ],
  "train_history_full": [
    0.7098775259971619,
    0.16611661425828933,
    0.11997377370595932,
    0.11699220649003983,
    0.11568174479007722,
    0.11502336914539338,
    0.11459054596424102,
    0.11425117317438126,
    0.11404347525835037,
    0.11378696043491364,
    0.11370662865638732,
    0.11350457733869553,
    0.11334061433076859,
    0.11315384902954101,
    0.11290392935276032,
    0.1126715630888939,
    0.11234421281814576,
    0.11199317065477371,
    0.11166367497444153,
    0.11120106779336929,
    0.11070660843849182
  ],
  "val_history_full": [
    0.710512657960256,
    0.12440712241426347,
    0.11837446334816161,
    0.11662314749426311,
    0.11584076628325478,
    0.11573969419040377,
    0.11522702127695084,
    0.11461987050752791,
    0.11471051746417606,
    0.1148632965863697,
    0.11549392768314906,
    0.1151905024335498,
    0.11471234628605465,
    0.11536456502619244,
    0.114885042820658,
    0.11502097724449067,
    0.11510430441962348,
    0.11574206229240175,
    0.11610106686277995,
    0.11605199414586263,
    0.11636253931219616
  ],
  "sampled_epochs": [
    0,
    1,
    2,
    3,
    4,
    5,
    6,
    7,
    8,
    9,
    10,
    20
  ],
  "sampled_train_history": [
    0.7098775259971619,
    0.16611661425828933,
    0.11997377370595932,
    0.11699220649003983,
    0.11568174479007722,
    0.11502336914539338,
    0.11459054596424102,
    0.11425117317438126,
    0.11404347525835037,
    0.11378696043491364,
    0.11370662865638732,
    0.11070660843849182
  ],
  "sampled_val_history": [
    0.710512657960256,
    0.12440712241426347,
    0.11837446334816161,
    0.11662314749426311,
    0.11584076628325478,
    0.11573969419040377,
    0.11522702127695084,
    0.11461987050752791,
    0.11471051746417606,
    0.1148632965863697,
    0.11549392768314906,
    0.11636253931219616
  ],
  "final_mse": 0.11461987050752791,
  "final_sdr_db": 6.415746726686993,
  "final_symbol_accuracy": 0.8464437500000004
}