{
  "best_epoch": 17,
  "best_val_mse": 0.11394249896208446,
  "stop_epoch": 20,
  "stop_reason": "fixed_budget",
  "epochs_full": [
    0,
    1,
    2,
    3,
    4,
    5,
    6,
    7,
    8,
    9,
    10,
    11,
    12,
    13,
    14,
    15,
    16,
    17,
    18,
    19,
    20
  ],
  "train_history_full": [
    0.5021985866546631,
    0.1597889051914215,
    0.11635010937452317,
    0.11528629925251008,
    0.11469628936052323,
    0.1144015642285347,
    0.11414886815547944,
    0.11406683764457702,
    0.11380808870792389,
    0.11377277328968048,
    0.11371338675022125,
    0.11363975306749344,
    0.11349561934471131,
    0.11349073631763458,
    0.11344250534772873,
    0.11338725568056107,
    0.11333062219619751,
    0.11322068279981613,
    0.11324757900238037,
    0.11318554391860962,
    0.11312000241279602
  ],
  "val_history_full": [
    0.5021872510985722,
    0.11713244328423152,
    0.11527231666776869,
    0.11498694204621845,
    0.11466726033933579,
    0.11421461817291048,
    0.11464685414518629,
    0.11468224653175899,
    0.11445122401392649,
    0.11556408554315567,
    0.11396885083781348,
    0.11397185803405822,
    0.11408831108184088,
    0.11441006878065685,
    0.11408300224750761,
    0.1139897708854978,
    0.11435946893124353,
    0.11394249896208446,
    0.11421091535261699,
    0.11455289747506853,
    0.11426391618119346
  ],
  "sampled_epochs": [
    0,
    1,
    2,
    3,
    4,
    5,
    6,
    7,
    8,
    9,
    10,
    20
  ],
  "sampled_train_history": [
    0.5021985866546631,
    0.1597889051914215,
    0.11635010937452317,
    0.11528629925251008,
    0.11469628936052323,
    0.1144015642285347,
    0.11414886815547944,
    0.11406683764457702,
    0.11380808870792389,
    0.11377277328968048,
    0.11371338675022125,
    0.11312000241279602
  ],
  "sampled_val_history": [
    0.5021872510985722,
    0.11713244328423152,
    0.11527231666776869,
    0.11498694204621845,
    0.11466726033933579,
    0.11421461817291048,
    0.11464685414518629,
    0.11468224653175899,
    0.11445122401392649,
    0.11556408554315567,
    0.11396885083781348,
    0.11426391618119346
  ],
  "final_mse": 0.11394249896208446,
  "final_sdr_db": 6.442527778564938,
  "final_symbol_accuracy": 0.8461774999999992
}