{
  "best_epoch": 2,
  "best_val_mse": 0.262917298078537,
  "stop_epoch": 2,
  "stop_reason": "fixed_budget",
  "epochs_full": [
    0,
    1,
    2
  ],
  "train_history_full": [
    0.5231664822651789,
    0.3894452704833104,
    0.26760152211556065
  ],
  "val_history_full": [
    0.524244737625122,
    0.29832740426063536,
    0.262917298078537
  ],
  "sampled_epochs": [
    0,
    1,
    2
  ],
  "sampled_train_history": [
    0.5231664822651789,
    0.3894452704833104,
    0.26760152211556065
  ],
  "sampled_val_history": [
    0.524244737625122,
    0.29832740426063536,
    0.262917298078537
  ],
  "final_mse": 0.262917298078537,
  "final_sdr_db": 2.7939587593078614,
  "final_symbol_accuracy": 0.5668281249999999
}