{
  "best_epoch": 2,
  "best_val_mse": 0.2540311276912689,
  "stop_epoch": 2,
  "stop_reason": "fixed_budget",
  "epochs_full": [
    0,
    1,
    2
  ],
  "train_history_full": [
    0.5776831599382254,
    0.330451630629026,
    0.25685951801446766
  ],
  "val_history_full": [
    0.5783812642097473,
    0.2627658128738403,
    0.2540311276912689
  ],
  "sampled_epochs": [
    0,
    1,
    2
  ],
  "sampled_train_history": [
    0.5776831599382254,
    0.330451630629026,
    0.25685951801446766
  ],
  "sampled_val_history": [
    0.5783812642097473,
    0.2627658128738403,
    0.2540311276912689
  ],
  "final_mse": 0.2540311276912689,
  "final_sdr_db": 2.9436513900756838,
  "final_symbol_accuracy": 0.569046875
}