{
  "best_epoch": 2,
  "best_val_mse": 0.2551053762435913,
  "stop_epoch": 2,
  "stop_reason": "fixed_budget",
  "epochs_full": [
    0,
    1,
    2
  ],
  "train_history_full": [
    0.502641879595243,
    0.3760661024313707,
    0.2597833803066841
  ],
  "val_history_full": [
    0.5026616930961609,
    0.2714764356613159,
    0.2551053762435913
  ],
  "sampled_epochs": [
    0,
    1,
    2
  ],
  "sampled_train_history": [
    0.502641879595243,
    0.3760661024313707,
    0.2597833803066841
  ],
  "sampled_val_history": [
    0.5026616930961609,
    0.2714764356613159,
    0.2551053762435913
  ],
  "final_mse": 0.2551053762435913,
  "final_sdr_db": 2.925341987609863,
  "final_symbol_accuracy": 0.5675468749999999
}