{
  "best_epoch": 19,
  "best_val_mse": 0.09024932401047812,
  "stop_epoch": 20,
  "stop_reason": "fixed_budget",
  "epochs_full": [
    0,
    1,
    2,
    3,
    4,
    5,
    6,
    7,
    8,
    9,
    10,
    11,
    12,
    13,
    14,
    15,
    16,
    17,
    18,
    19,
    20
  ],
  "train_history_full": [
    0.5533910465240478,
    0.1325491903424263,
    0.09536237776279449,
    0.09335655423402786,
    0.09257063529491424,
    0.09213665525913238,
    0.091938516831398,
    0.0917003093123436,
    0.09146914186477662,
    0.09133312418460846,
    0.09122725266218186,
    0.09119825841188431,
    0.0910964039683342,
    0.09097084089517593,
    0.09090600794553756,
    0.09083313935995102,
    0.0906290020108223,
    0.09061770561933517,
    0.0905164435505867,
    0.09044410294294357,
    0.09034125733375549
  ],
  "val_history_full": [
    0.553036025592259,
    0.09673545142960926,
    0.09513086979351347,
    0.09215465377247523,
    0.09136251644009635,
    0.09256005393607276,
    0.09245686150259441,
    0.09200739292871385,
    0.09070498046893923,
    0.0909262305450818,
    0.09242502907438883,
    0.09062248208220043,
    0.09144279017807945,
    0.09156458269036005,
    0.0919248912306059,
    0.09142421871896773,
    0.09091647312281624,
    0.09116813339411266,
    0.09067874425460422,
    0.09024932401047812,
    0.09049792694193977
  ],
  "sampled_epochs": [
    0,
    1,
    2,
    3,
    4,
    5,
    6,
    7,
    8,
    9,
    10,
    20
  ],
  "sampled_train_history": [
    0.5533910465240478,
    0.1325491903424263,
    0.09536237776279449,
    0.09335655423402786,
    0.09257063529491424,
    0.09213665525913238,
    0.091938516831398,
    0.0917003093123436,
    0.09146914186477662,
    0.09133312418460846,
    0.09122725266218186,
    0.09034125733375549
  ],
  "sampled_val_history": [
    0.553036025592259,
    0.09673545142960926,
    0.09513086979351347,
    0.09215465377247523,
    0.09136251644009635,
    0.09256005393607276,
    0.09245686150259441,
    0.09200739292871385,
    0.09070498046893923,
    0.0909262305450818,
    0.09242502907438883,
    0.09049792694193977
  ],
  "final_mse": 0.09024932401047812,
  "final_sdr_db": 7.462284300062391,
  "final_symbol_accuracy": 0.8792475000000008
}