{
  "best_epoch": 15,
  "best_val_mse": 0.09040931541295279,
  "stop_epoch": 20,
  "stop_reason": "fixed_budget",
  "epochs_full": [
    0,
    1,
    2,
    3,
    4,
    5,
    6,
    7,
    8,
    9,
    10,
    11,
    12,
    13,
    14,
    15,
    16,
    17,
    18,
    19,
    20
  ],
  "train_history_full": [
    0.6570347946166992,
    0.1426547996044159,
    0.09659197907447815,
    0.09401175844669342,
    0.09286507272720337,
    0.09216907745599746,
    0.09175048153400421,
    0.09144968456029892,
    0.09120116312503815,
    0.09104256063699723,
    0.09083530081510544,
    0.09075338661670684,
    0.09063014084100723,
    0.09042946162223815,
    0.090291956949234,
    0.09002024191617966,
    0.08985449992418289,
    0.08961217403411866,
    0.0892706587791443,
    0.08900403394699097,
    0.08873380182981491
  ],
  "val_history_full": [
    0.657079986163548,
    0.09788928571201506,
    0.09407967435462135,
    0.0924357490407096,
    0.09227118995927629,
    0.09141318464563006,
    0.09110381690755723,
    0.09097861735120652,
    0.09103477876337748,
    0.0906410954064793,
    0.09041166317368311,
    0.09052969941071101,
    0.09062512301736408,
    0.09075682480183858,
    0.09058814507628245,
    0.09040931541295279,
    0.09051238367008785,
    0.09083328762697795,
    0.091161795078762,
    0.09168266185692378,
    0.0913955754940472
  ],
  "sampled_epochs": [
    0,
    1,
    2,
    3,
    4,
    5,
    6,
    7,
    8,
    9,
    10,
    20
  ],
  "sampled_train_history": [
    0.6570347946166992,
    0.1426547996044159,
    0.09659197907447815,
    0.09401175844669342,
    0.09286507272720337,
    0.09216907745599746,
    0.09175048153400421,
    0.09144968456029892,
    0.09120116312503815,
    0.09104256063699723,
    0.09083530081510544,
    0.08873380182981491
  ],
  "sampled_val_history": [
    0.657079986163548,
    0.09788928571201506,
    0.09407967435462135,
    0.0924357490407096,
    0.09227118995927629,
    0.09141318464563006,
    0.09110381690755723,
    0.09097861735120652,
    0.09103477876337748,
    0.0906410954064793,
    0.09041166317368311,
    0.0913955754940472
  ],
  "final_mse": 0.09040931541295279,
  "final_sdr_db": 7.4548012339879595,
  "final_symbol_accuracy": 0.8793762499999994
}