{
  "best_epoch": 17,
  "best_val_mse": 0.08984891916551287,
  "stop_epoch": 20,
  "stop_reason": "fixed_budget",
  "epochs_full": [
    0,
    1,
    2,
    3,
    4,
    5,
    6,
    7,
    8,
    9,
    10,
    11,
    12,
    13,
    14,
    15,
    16,
    17,
    18,
    19,
    20
  ],
  "train_history_full": [
    0.5012841837882995,
    0.13981056970357894,
    0.09407091977596282,
    0.0927663260936737,
    0.09223692001104355,
    0.09178823522329331,
    0.09152927856445313,
    0.09136385303735733,
    0.09127933897972107,
    0.09112022622823715,
    0.09100587708950043,
    0.0909560408115387,
    0.09087557526826859,
    0.09076181925535202,
    0.09075417721271514,
    0.09066991686820984,
    0.09062370759248733,
    0.09056649506092071,
    0.09054886032342911,
    0.09049192759990692,
    0.09042353612184524
  ],
  "val_history_full": [
    0.5012487173080444,
    0.09351172783072033,
    0.09197911229871568,
    0.091102867845505,
    0.09086963368786706,
    0.09054633726676305,
    0.09039713134841314,
    0.09091710866916747,
    0.090578279797993,
    0.09050861509546401,
    0.09011274339660766,
    0.09028314574370308,
    0.09063008723277895,
    0.090740143543198,
    0.09008821431133482,
    0.09010567468783212,
    0.08995583771713196,
    0.08984891916551287,
    0.09014179179119686,
    0.09009522518941335,
    0.09003116911838925
  ],
  "sampled_epochs": [
    0,
    1,
    2,
    3,
    4,
    5,
    6,
    7,
    8,
    9,
    10,
    20
  ],
  "sampled_train_history": [
    0.5012841837882995,
    0.13981056970357894,
    0.09407091977596282,
    0.0927663260936737,
    0.09223692001104355,
    0.09178823522329331,
    0.09152927856445313,
    0.09136385303735733,
    0.09127933897972107,
    0.09112022622823715,
    0.09100587708950043,
    0.09042353612184524
  ],
  "sampled_val_history": [
    0.5012487173080444,
    0.09351172783072033,
    0.09197911229871568,
    0.091102867845505,
    0.09086963368786706,
    0.09054633726676305,
    0.09039713134841314,
    0.09091710866916747,
    0.090578279797993,
    0.09050861509546401,
    0.09011274339660766,
    0.09003116911838925
  ],
  "final_mse": 0.08984891916551287,
  "final_sdr_db": 7.481599126543317,
  "final_symbol_accuracy": 0.8798199999999993
}