{
    "trial_idx": 8,
    "trial_name": "deep_cfg_08",
    "config": {
        "name": "deep_cfg_08",
        "base_channels": 48,
        "dropout": 0.12,
        "lr": 0.0015,
        "weight_decay": 0.0002,
        "input_noise_std": 0.005,
        "receiver_drop_prob": 0.1,
        "grad_clip": 2.0,
        "scheduler_name": "plateau",
        "batch_size": 8,
        "optimizer_name": "adamw",
        "normalize_batches": false
    },
    "checkpoint_path": "C:\\Users\\battl\\Documents\\School 2026\\Jareds_Repo\\DL-AIR\\search_runs\\iqcnn_deep\\run_20260329_194847\\deep_cfg_08\\best.pt",
    "train_history": [
        0.4619214014053345,
        0.4575391471862793,
        0.45455092415809634,
        0.45600155611038207,
        0.4553517912864685,
        0.4555432414054871,
        0.45436875004768373,
        0.4537396735191345,
        0.4538886428833008,
        0.4541188943386078,
        0.4540504855632782,
        0.45441774134635926,
        0.45289417486190797,
        0.45243791909217834,
        0.4524180200099945,
        0.4528166984558106,
        0.4515442199707031,
        0.4515091145038605,
        0.4521348840713501,
        0.4508753540992737,
        0.4516611122608185,
        0.45131404914855955,
        0.45032379031181335,
        0.4516987107753754,
        0.45028354358673095,
        0.45024624152183534,
        0.45068129692077635,
        0.4504546441555023,
        0.4502523913383484,
        0.4493313486099243,
        0.449662345457077,
        0.4490273409843445,
        0.44897288298606874,
        0.4487892779350281,
        0.4490254577159882,
        0.44855040917396544,
        0.4482506603717804,
        0.4483436683177948,
        0.4481686923503876,
        0.4485343897342682,
        0.44824979596138,
        0.448229767370224,
        0.4481271644115448,
        0.44725910964012144,
        0.4471296127796173,
        0.44743998947143554,
        0.447407719373703,
        0.4473814845085144,
        0.4467735324859619,
        0.4465483901500702,
        0.4466258933544159,
        0.44586810159683227,
        0.4469131553649902,
        0.4468257060050964,
        0.44697522344589236,
        0.4464304401397705,
        0.4459798542022705,
        0.44610307354927065,
        0.4456420985221863,
        0.44569418063163757,
        0.44525494017601014,
        0.44530878224372866,
        0.4451788533687592,
        0.44465990443229675,
        0.44543837904930117,
        0.44553911051750184,
        0.4451081196308136,
        0.44498795499801636,
        0.4439206571102142,
        0.44459840331077577,
        0.4443834084510803,
        0.4445068982124329,
        0.44415673685073853,
        0.444071169424057,
        0.4442292049884796,
        0.4445807560443878,
        0.44450986409187315,
        0.4442744230747223,
        0.44450562415122985,
        0.4437579167842865,
        0.4447852531433105,
        0.4439290259361267,
        0.44485289278030393,
        0.4430297538757324,
        0.44434532265663146,
        0.44362669401168825,
        0.4443059886455536,
        0.4433835452079773,
        0.44379175539016724,
        0.4438406157493591,
        0.44415615530014035,
        0.4439281743049622,
        0.44369602942466735,
        0.44304115614891054,
        0.44370946178436277
    ],
    "val_history": [
        0.45442874800591243,
        0.45384787188635933,
        0.4564321187753526,
        0.4558630424832541,
        0.45322011103705756,
        0.4540574848651886,
        0.453637552166742,
        0.45313985953255304,
        0.4532731066620539,
        0.45507133574712844,
        0.45335131599789574,
        0.4543979551110949,
        0.45309363376526607,
        0.45251054044753786,
        0.45289764565134805,
        0.45014110917136785,
        0.45071933288422844,
        0.4485931949956076,
        0.4487002231771984,
        0.448922759483731,
        0.45030140687548925,
        0.44966295550739954,
        0.4508380142469255,
        0.4510636783781506,
        0.4504229033750201,
        0.4507432963166918,
        0.4514472248062255,
        0.44994012940497624,
        0.4490103929761856,
        0.4479573175074562,
        0.44971059617542086,
        0.44906605898387847,
        0.4488874181868538,
        0.4490613279834626,
        0.44835807974376374,
        0.44793804155455696,
        0.44871971909962005,
        0.4480253349220942,
        0.4483531212049817,
        0.44831821748188566,
        0.44979802672825164,
        0.44732907556352164,
        0.4475987771200755,
        0.44772924648390877,
        0.4472440519030132,
        0.4469377261305612,
        0.4478024783588591,
        0.44696294457193403,
        0.4470899294293116,
        0.44729392254163347,
        0.44755078071639653,
        0.4486400262703971,
        0.4478695463566553,
        0.44818563688369023,
        0.446906084106082,
        0.4476433117238302,
        0.447694331407547,
        0.44755090229094974,
        0.447730336870466,
        0.4479773153388311,
        0.4471396188887339,
        0.4475720969457475,
        0.44803925260664923,
        0.4477056955534314,
        0.44771834924107506,
        0.44751307320973227,
        0.447584903429425,
        0.4474664448745667,
        0.4472963455177489,
        0.44704089987845647,
        0.44748967980581617,
        0.4475013329869225,
        0.447382961000715,
        0.447289325415142,
        0.4472725774560656,
        0.44769130103171817,
        0.44760153785584467,
        0.44758044679959613,
        0.44780552576458643,
        0.44775559031774126,
        0.44766825295629953,
        0.44774662880670457,
        0.44779680551044526,
        0.44784364435407853,
        0.44786724495509317,
        0.44770275553067523,
        0.4476201127445887,
        0.44796156268271187,
        0.4477997772277348,
        0.4478339283239274,
        0.4478540534064883,
        0.44783748709966265,
        0.4479854930014837,
        0.44804366145815167,
        0.4479731870076013
    ],
    "best_val_pit_mse": 0.446906084106082,
    "best_epoch": 55,
    "stopped_after_epoch": 95,
    "stop_reason": "early_stopping",