{
  "best_epoch": 19,
  "best_val_mse": 0.00018332061789272028,
  "stop_epoch": 20,
  "stop_reason": "fixed_budget",
  "epochs_full": [
    0,
    1,
    2,
    3,
    4,
    5,
    6,
    7,
    8,
    9,
    10,
    11,
    12,
    13,
    14,
    15,
    16,
    17,
    18,
    19,
    20
  ],
  "train_history_full": [
    0.42367090406417846,
    0.2528072139978409,
    0.2501885005235672,
    0.17897125778198242,
    0.12947169182300566,
    0.06834640215002,
    0.007244605890475214,
    0.0044985778427682815,
    0.004116846053861082,
    0.0018523250767961145,
    0.0006221881462261081,
    0.004602461088448763,
    0.001609458447061479,
    0.00035475488759111615,
    0.0005488423584029078,
    0.002517946850298904,
    0.0014067628818331286,
    0.0018667643398279324,
    0.00041247773404465987,
    0.0012988071216852404,
    0.00024606766576180234
  ],
  "val_history_full": [
    0.42381474943388076,
    0.2510306948707217,
    0.25013143652015263,
    0.14578532794165233,
    0.12553025557408257,
    0.010796732490970976,
    0.004096452357424866,
    0.0009660523861557955,
    0.03741753261004176,
    0.00044913265931730467,
    0.00047487340265116285,
    0.0005060995417085313,
    0.0003715910374127801,
    0.00035827839700874707,
    0.0004331958752738992,
    0.00024506104172259156,
    0.00022983808963862617,
    0.00020574696573598812,
    0.001664797939907109,
    0.00018332061789272028,
    0.0002534360137938093
  ],
  "sampled_epochs": [
    0,
    1,
    2,
    3,
    4,
    5,
    6,
    7,
    8,
    9,
    10,
    20
  ],
  "sampled_train_history": [
    0.42367090406417846,
    0.2528072139978409,
    0.2501885005235672,
    0.17897125778198242,
    0.12947169182300566,
    0.06834640215002,
    0.007244605890475214,
    0.0044985778427682815,
    0.004116846053861082,
    0.0018523250767961145,
    0.0006221881462261081,
    0.00024606766576180234
  ],
  "sampled_val_history": [
    0.42381474943388076,
    0.2510306948707217,
    0.25013143652015263,
    0.14578532794165233,
    0.12553025557408257,
    0.010796732490970976,
    0.004096452357424866,
    0.0009660523861557955,
    0.03741753261004176,
    0.00044913265931730467,
    0.00047487340265116285,
    0.0002534360137938093
  ],
  "final_mse": 0.00018332061789272028,
  "final_sdr_db": 34.39335426451668,
  "final_symbol_accuracy": 0.9999962499999999
}