{
  "best_epoch": 20,
  "best_val_mse": 0.0006169096413364131,
  "stop_epoch": 20,
  "stop_reason": "fixed_budget",
  "epochs_full": [
    0,
    1,
    2,
    3,
    4,
    5,
    6,
    7,
    8,
    9,
    10,
    11,
    12,
    13,
    14,
    15,
    16,
    17,
    18,
    19,
    20
  ],
  "train_history_full": [
    0.6014868438720703,
    0.2523969300031662,
    0.24997795016765595,
    0.24989857325553894,
    0.24989049286842346,
    0.24986126182079316,
    0.24984490966796874,
    0.16968331598043443,
    0.06778916026949883,
    0.022833653773367404,
    0.01254444966763258,
    0.006502058593928814,
    0.004300592310726643,
    0.0029357290275394917,
    0.0021919489338994027,
    0.028040042000077665,
    0.00911293852366507,
    0.0021683885611593723,
    0.0014927055122330784,
    0.0010408290157094598,
    0.0007469033567234874
  ],
  "val_history_full": [
    0.6013759800365993,
    0.25051453591339173,
    0.250326743201604,
    0.25033276137851534,
    0.2502884029869049,
    0.25032121652648565,
    0.2502506174265392,
    0.12188541120479977,
    0.027928136023027555,
    0.016054375304116145,
    0.007984030651786024,
    0.004784658336864104,
    0.0036777436164104277,
    0.002212478649905986,
    0.00222965866874253,
    0.09848998794479975,
    0.0026270198591408275,
    0.001976133342684498,
    0.0012027320511166066,
    0.0009314669748871691,
    0.0006169096413364131
  ],
  "sampled_epochs": [
    0,
    1,
    2,
    3,
    4,
    5,
    6,
    7,
    8,
    9,
    10,
    20
  ],
  "sampled_train_history": [
    0.6014868438720703,
    0.2523969300031662,
    0.24997795016765595,
    0.24989857325553894,
    0.24989049286842346,
    0.24986126182079316,
    0.24984490966796874,
    0.16968331598043443,
    0.06778916026949883,
    0.022833653773367404,
    0.01254444966763258,
    0.0007469033567234874
  ],
  "sampled_val_history": [
    0.6013759800365993,
    0.25051453591339173,
    0.250326743201604,
    0.25033276137851534,
    0.2502884029869049,
    0.25032121652648565,
    0.2502506174265392,
    0.12188541120479977,
    0.027928136023027555,
    0.016054375304116145,
    0.007984030651786024,
    0.0006169096413364131
  ],
  "final_mse": 0.0006169096413364131,
  "final_sdr_db": 29.213368067665705,
  "final_symbol_accuracy": 0.9999674999999997
}