{
  "best_epoch": 19,
  "best_val_mse": 0.0002070195233312598,
  "stop_epoch": 20,
  "stop_reason": "fixed_budget",
  "epochs_full": [
    0,
    1,
    2,
    3,
    4,
    5,
    6,
    7,
    8,
    9,
    10,
    11,
    12,
    13,
    14,
    15,
    16,
    17,
    18,
    19,
    20
  ],
  "train_history_full": [
    0.5057828540802002,
    0.25302813913822175,
    0.24996014788150786,
    0.16290009098649025,
    0.01877120489925146,
    0.0032450136514380573,
    0.001864314709044993,
    0.01074715430662036,
    0.019430599061585962,
    0.0014933537535369397,
    0.02708763407571241,
    0.007388290409836918,
    0.007438840737380087,
    0.0007248851812444628,
    0.02008462360217236,
    0.0021343994949012996,
    0.0006676608111243695,
    0.010096161747537554,
    0.007935579338809475,
    0.0009536605103872717,
    0.004321856708452106
  ],
  "val_history_full": [
    0.5058832670015002,
    0.25040783390166266,
    0.2501975754423747,
    0.019827707360188167,
    0.0028174234007204337,
    0.0011577239298882584,
    0.001207606917771969,
    0.0008026016839144249,
    0.0034239016258941282,
    0.0004556759474022935,
    0.0009211179105535387,
    0.0015195052727081236,
    0.0004199882779854335,
    0.00024001612485061207,
    0.0050750733796684514,
    0.00037596309705386087,
    0.00027595842160129297,
    0.00024387761899676648,
    0.0019703619791904374,
    0.0002070195233312598,
    0.00025244385682209026
  ],
  "sampled_epochs": [
    0,
    1,
    2,
    3,
    4,
    5,
    6,
    7,
    8,
    9,
    10,
    20
  ],
  "sampled_train_history": [
    0.5057828540802002,
    0.25302813913822175,
    0.24996014788150786,
    0.16290009098649025,
    0.01877120489925146,
    0.0032450136514380573,
    0.001864314709044993,
    0.01074715430662036,
    0.019430599061585962,
    0.0014933537535369397,
    0.02708763407571241,
    0.004321856708452106
  ],
  "sampled_val_history": [
    0.5058832670015002,
    0.25040783390166266,
    0.2501975754423747,
    0.019827707360188167,
    0.0028174234007204337,
    0.0011577239298882584,
    0.001207606917771969,
    0.0008026016839144249,
    0.0034239016258941282,
    0.0004556759474022935,
    0.0009211179105535387,
    0.00025244385682209026
  ],
  "final_mse": 0.0002070195233312598,
  "final_sdr_db": 34.16793932233538,
  "final_symbol_accuracy": 0.9999687499999995
}