{
    "trial_idx": 1,
    "trial_name": "deep_cfg_01",
    "config": {
        "name": "deep_cfg_01",
        "base_channels": 48,
        "dropout": 0.05,
        "lr": 0.0012,
        "weight_decay": 0.0001,
        "input_noise_std": 0.005,
        "receiver_drop_prob": 0.05,
        "grad_clip": 2.0,
        "scheduler_name": "plateau",
        "batch_size": 8,
        "optimizer_name": "adamw",
        "normalize_batches": false
    },
    "checkpoint_path": "C:\\Users\\battl\\Documents\\School 2026\\Jareds_Repo\\DL-AIR\\search_runs\\iqcnn_deep\\run_20260329_194847\\deep_cfg_01\\best.pt",
    "train_history": [
        0.46000140204429624,
        0.4576311221599579,
        0.4559674520492554,
        0.4562177341938019,
        0.45523955149650575,
        0.4544919361591339,
        0.45455222206115725,
        0.45312534875869753,
        0.4539555169582367,
        0.45403188076019285,
        0.4543510922431946,
        0.4537604733943939,
        0.4540103585720062,
        0.4532224736213684,
        0.45326825313568114,
        0.45220063037872316,
        0.4518478955745697,
        0.4516069799423218,
        0.4513966358661652,
        0.4515098190307617,
        0.45110952310562136,
        0.4506314027786255,
        0.45209822783470155,
        0.45116616578102114,
        0.45068604426383974,
        0.4500091796875,
        0.4498617923259735,
        0.44985391974449157,
        0.45025568885803224,
        0.449709557723999,
        0.4493554080486298,
        0.44941015644073484,
        0.4493874094963074,
        0.4495697319984436,
        0.4486069303512573,
        0.44834421372413635,
        0.44798834743499755,
        0.44839205317497255,
        0.4480393201351166,
        0.44801306114196776,
        0.44782322788238527,
        0.44663727216720583,
        0.44805829191207885,
        0.44794471492767335,
        0.44595475778579713,
        0.4458587650775909,
        0.446179833650589,
        0.4449790195941925,
        0.4456491731643677,
        0.4453351995944977,
        0.4447781307697296,
        0.44349841828346254,
        0.4433508774280548,
        0.44067507557868957,
        0.44029832077026365,
        0.4381887725830078,
        0.43939106698036196,
        0.4380460425376892,
        0.4375237913131714,
        0.4369081507205963,
        0.43605011773109437,
        0.43615677795410157,
        0.43520734605789185,
        0.4340606580734253,
        0.432255517911911,
        0.4318330144405365,
        0.4317399513244629,
        0.4306031046390533,
        0.4300906262397766,
        0.4308197337150574,
        0.4304590932369232,
        0.429740443611145,
        0.42929527792930605,
        0.4299991930007935,
        0.42839711418151855,
        0.42786516547203063,
        0.4278835716247559,
        0.427996057844162,
        0.42784649996757507,
        0.4273473680973053,
        0.4274857026100159,
        0.42757683577537536
    ],
    "val_history": [
        0.4575407845633371,
        0.45315867473208715,
        0.4570932558604649,
        0.45465712604068576,
        0.45414186233565923,
        0.4540771733200739,
        0.4521130957300701,
        0.45296997021115015,
        0.4538498932407016,
        0.4554074737760756,
        0.45521635715923614,
        0.4542926682366265,
        0.4536108644235702,
        0.45177736783784533,
        0.4539149947582729,
        0.45400685923440115,
        0.4519024637956468,
        0.45137474224680946,
        0.4510769049326579,
        0.4523052710389334,
        0.450772640250978,
        0.45171242857736255,
        0.45319320710878525,
        0.4508353906964499,
        0.4515818210821303,
        0.45072637569336665,
        0.4515796639616527,
        0.4515223337544335,
        0.4516887589106484,
        0.4521616872340914,
        0.45204577606821816,
        0.45270577829981606,
        0.45054210414962165,
        0.4500302714960916,
        0.4518547606846643,
        0.4525136625955975,
        0.45106692351992167,
        0.45112986034817165,
        0.4517892140244681,
        0.45196287310312666,
        0.4515287947087061,
        0.4497904290282537,
        0.4530074799817706,
        0.45144293800232904,
        0.45176851749420166,
        0.4505474695137569,
        0.4498999170840733,
        0.45078776090864153,
        0.45171179421364316,
        0.45034457908736336,
        0.4515108196508317,
        0.4535263601749662,
        0.4523373856430962,
        0.4534261439527784,
        0.455020268758138,
        0.4547283479145595,
        0.45262676619348075,
        0.4525235200685168,
        0.4526868699088929,
        0.45181872305415927,
        0.4543228546778361,
        0.4522460571357182,
        0.45386000474294025,
        0.45537097066167803,
        0.45410301429884775,
        0.45540805799620493,
        0.4550417013584621,
        0.456909992392101,
        0.45526024651905844,
        0.45542735429037184,
        0.4544255023910886,
        0.4559955152254256,
        0.4547889700957707,
        0.4564466523745703,
        0.4544544376078106,
        0.4551339442767794,
        0.45359575984969974,
        0.4547309236867087,
        0.45522456746252754,
        0.45402298560218207,
        0.45529528742744807,
        0.45428420910759576
    ],
    "best_val_pit_mse": 0.4497904290282537,
    "best_epoch": 42,
    "stopped_after_epoch": 82,
    "stop_reason": "early_stopping",
    "epoch_times_sec": [
        9.92209789995104,
        9.369625700172037,
        9.417086400091648,
        9.443918700097129,
        9.386479099979624,
        9.386083699995652,
        9.414202800020576,
        9.401480900123715,
        9.35995539999567,
        9.38138660020195,
        9.372243799967691,
        9.437093399930745,
        9.380985399940982,
        9.386297299992293,
        9.3725888999179,
        9.388703000033274,
        9.443510100012645,
        9.422691500047222,
        9.445867100032046,
        9.398278599837795,
        9.402541300049052,
        9.34995220019482,
        9.521499500144273,
        9.415997100062668,
        9.360729600070044,
        9.39599009999074,
        9.35355900018476,
        9.350757899926975,
        9.367147299926728,
        9.403674500063062,
        9.413396999938414,
        9.56565499980934,
        9.38266019988805,
        9.369426200166345,
        9.408280699979514,
        9.404557100031525,
        9.44047740008682,
        9.352924000006169,
        9.344250000081956,
        9.429613900138065,
        9.399733799975365,
        9.43392840004526,
        9.42779630003497,
        9.405048000160605,
        9.457308200187981,
        9.365374299930409,
        9.358525199815631,
        9.495987299829721,
        9.418708299985155,
        9.407844099914655,
        9.392848400166258,
        9.512639500200748,
        9.47203870001249,
        9.37677159998566,
        9.381856999825686,
        9.455782799981534,
        9.419515300076455,
        9.419226499972865,
        9.473057999974117,
        9.377525800140575,
        9.374336599837989,
        9.35665709991008,
        9.390057899989188,
        9.427878699963912,
        9.421312500024214,
        9.449552400037646,
        9.389606800163165,
        9.388635399984196,
        9.397242299979553,
        9.401909800013527,
        9.41223939997144,
        9.434247799916193,
        9.38193430006504,
        9.383150800131261,
        9.398516499903053,
        9.374063499970362,
        9.374612999847159,
        9.378372400067747,
        9.34123139991425,
        9.387264099903405,
        9.392827100120485,
        9.406416699988768
    ],
    "avg_epoch_time_sec": 9.410698174402436,
    "optimizer_name": "adamw",
    "scheduler_name": "plateau",
    "normalize_batches": false,
    "input_noise_std": 0.005,
    "receiver_drop_prob": 0.05,
    "grad_clip": 2.0,
    "weight_decay": 0.0001,
    "learning_rate": 0.0012,
    "used_amp": true,