{
  "best_epoch": 20,
  "best_val_mse": 0.0007968785967456089,
  "stop_epoch": 20,
  "stop_reason": "fixed_budget",
  "epochs_full": [
    0,
    1,
    2,
    3,
    4,
    5,
    6,
    7,
    8,
    9,
    10,
    11,
    12,
    13,
    14,
    15,
    16,
    17,
    18,
    19,
    20
  ],
  "train_history_full": [
    0.5101704383850098,
    0.25272201890945434,
    0.2502372601509094,
    0.2501052648305893,
    0.24968012988567354,
    0.16700708186626434,
    0.1294300950407982,
    0.12590705462694168,
    0.1262737321138382,
    0.12538065532445908,
    0.12532880713939668,
    0.12529782075881957,
    0.12798748376369476,
    0.12631962418556214,
    0.12478403979539872,
    0.08453707022368907,
    0.010988803021982312,
    0.004502103558555246,
    0.005362882895581424,
    0.0025575279778800907,
    0.004299443550314754
  ],
  "val_history_full": [
    0.5102285515694391,
    0.25018725934482755,
    0.2502683682574166,
    0.24969220350659083,
    0.24635628457107242,
    0.13167877447983575,
    0.12564802027883984,
    0.1253835309355978,
    0.12522063309711123,
    0.12524768166125766,
    0.12513688892599137,
    0.12528090096182293,
    0.13028277409455133,
    0.12550538411689183,
    0.12371420268974608,
    0.025403764749330187,
    0.05978485628489464,
    0.001886554868034427,
    0.0011508656806120323,
    0.0008243420447725507,
    0.0007968785967456089
  ],
  "sampled_epochs": [
    0,
    1,
    2,
    3,
    4,
    5,
    6,
    7,
    8,
    9,
    10,
    20
  ],
  "sampled_train_history": [
    0.5101704383850098,
    0.25272201890945434,
    0.2502372601509094,
    0.2501052648305893,
    0.24968012988567354,
    0.16700708186626434,
    0.1294300950407982,
    0.12590705462694168,
    0.1262737321138382,
    0.12538065532445908,
    0.12532880713939668,
    0.004299443550314754
  ],
  "sampled_val_history": [
    0.5102285515694391,
    0.25018725934482755,
    0.2502683682574166,
    0.24969220350659083,
    0.24635628457107242,
    0.13167877447983575,
    0.12564802027883984,
    0.1253835309355978,
    0.12522063309711123,
    0.12524768166125766,
    0.12513688892599137,
    0.0007968785967456089
  ],
  "final_mse": 0.0007968785967456089,
  "final_sdr_db": 28.168176529899476,
  "final_symbol_accuracy": 0.9997737499999976
}