{
  "best_epoch": 20,
  "best_val_mse": 0.12562415737008292,
  "stop_epoch": 20,
  "stop_reason": "fixed_budget",
  "epochs_full": [
    0,
    1,
    2,
    3,
    4,
    5,
    6,
    7,
    8,
    9,
    10,
    11,
    12,
    13,
    14,
    15,
    16,
    17,
    18,
    19,
    20
  ],
  "train_history_full": [
    0.8192568264007568,
    0.25524596433639524,
    0.24996383435726166,
    0.24990345788002014,
    0.24987966179847718,
    0.24987106113433838,
    0.24984805307388305,
    0.2498385359287262,
    0.24984289412498475,
    0.24983597254753112,
    0.24982388324737548,
    0.24981456639766694,
    0.2498069385766983,
    0.24979361765384675,
    0.24979574851989747,
    0.2497742462158203,
    0.24976233649253846,
    0.24973865172863008,
    0.2496526686668396,
    0.13614091309309007,
    0.12578909219503404
  ],
  "val_history_full": [
    0.8178257781361776,
    0.24985751580624355,
    0.2497572690721542,
    0.24976179524073525,
    0.24967877448551237,
    0.24967456100479005,
    0.24968402560741182,
    0.24963621464040545,
    0.24966842622037919,
    0.2496472488320063,
    0.24964489894253866,
    0.2497344504273127,
    0.24969176451365152,
    0.24963392080768707,
    0.24959343979282986,
    0.24964339581746903,
    0.24961308993044354,
    0.24963565147112285,
    0.2454586485548625,
    0.12604789010116033,
    0.12562415737008292
  ],
  "sampled_epochs": [
    0,
    1,
    2,
    3,
    4,
    5,
    6,
    7,
    8,
    9,
    10,
    20
  ],
  "sampled_train_history": [
    0.8192568264007568,
    0.25524596433639524,
    0.24996383435726166,
    0.24990345788002014,
    0.24987966179847718,
    0.24987106113433838,
    0.24984805307388305,
    0.2498385359287262,
    0.24984289412498475,
    0.24983597254753112,
    0.24982388324737548,
    0.12578909219503404
  ],
  "sampled_val_history": [
    0.8178257781361776,
    0.24985751580624355,
    0.2497572690721542,
    0.24976179524073525,
    0.24967877448551237,
    0.24967456100479005,
    0.24968402560741182,
    0.24963621464040545,
    0.24966842622037919,
    0.2496472488320063,
    0.24964489894253866,
    0.12562415737008292
  ],
  "final_mse": 0.12562415737008292,
  "final_sdr_db": 6.004455483148968,
  "final_symbol_accuracy": 0.7402975000000005
}