{
  "best_epoch": 16,
  "best_val_mse": 0.0006964727330745922,
  "stop_epoch": 20,
  "stop_reason": "fixed_budget",
  "epochs_full": [
    0,
    1,
    2,
    3,
    4,
    5,
    6,
    7,
    8,
    9,
    10,
    11,
    12,
    13,
    14,
    15,
    16,
    17,
    18,
    19,
    20
  ],
  "train_history_full": [
    0.49946704630851746,
    0.2532311475753784,
    0.24995698966979982,
    0.24988904898166656,
    0.23780597906112672,
    0.11560342693328858,
    0.02116405021175742,
    0.013478317596390843,
    0.01622424904219806,
    0.0060428579710423945,
    0.02921761935427785,
    0.0017887144720181822,
    0.030662584720738233,
    0.009776289797946812,
    0.0013128031104803085,
    0.023373720574565233,
    0.0033274742091074587,
    0.0030566621688194575,
    0.01080627325149253,
    0.003124770159740001,
    0.010548345712386071
  ],
  "val_history_full": [
    0.49939437659959945,
    0.24983557727601793,
    0.24973527472170573,
    0.24960609371699985,
    0.15969724338206034,
    0.03382997812023238,
    0.004138087949878167,
    0.002127322388650288,
    0.0019154563612703765,
    0.005402279285980123,
    0.0016207267873964849,
    0.0009739504949677558,
    0.004369241481144277,
    0.001065362283649544,
    0.00079288084377786,
    0.05194323385755221,
    0.0006964727330745922,
    0.0016406449796040616,
    0.0008680822968941241,
    0.0016302344692309225,
    0.0009015954639171324
  ],
  "sampled_epochs": [
    0,
    1,
    2,
    3,
    4,
    5,
    6,
    7,
    8,
    9,
    10,
    20
  ],
  "sampled_train_history": [
    0.49946704630851746,
    0.2532311475753784,
    0.24995698966979982,
    0.24988904898166656,
    0.23780597906112672,
    0.11560342693328858,
    0.02116405021175742,
    0.013478317596390843,
    0.01622424904219806,
    0.0060428579710423945,
    0.02921761935427785,
    0.010548345712386071
  ],
  "sampled_val_history": [
    0.49939437659959945,
    0.24983557727601793,
    0.24973527472170573,
    0.24960609371699985,
    0.15969724338206034,
    0.03382997812023238,
    0.004138087949878167,
    0.002127322388650288,
    0.0019154563612703765,
    0.005402279285980123,
    0.0016207267873964849,
    0.0009015954639171324
  ],
  "final_mse": 0.0006964727330745922,
  "final_sdr_db": 28.881131247868613,
  "final_symbol_accuracy": 0.9995949999999943
}