{
  "train_history": [
    0.5580545037318343,
    0.5553176945771653,
    0.5549565825980312,
    0.5548590558786362,
    0.5544212633809342,
    0.5541434486072284,
    0.5540767348231599,
    0.5539413277333537,
    0.5539523530691958,
    0.5536553254142736,
    0.5535316918604671,
    0.5531802518299213,
    0.5530132177157905,
    0.5528930646542924,
    0.5529247524258428,
    0.5526739928288201,
    0.5526378097625586,
    0.5523057543812468,
    0.5525562675616231,
    0.552238925958213
  ],
  "val_history": [
    0.5575296804308891,
    0.5574307627975941,
    0.5566798076033592,
    0.5577439200133085,
    0.5573311019688845,
    0.5567607935518026,
    0.5553165655583143,
    0.5560274701565504,
    0.5564016941934824,
    0.5562724824994802,
    0.5561324376612902,
    0.5548986941576004,
    0.5558769479393959,
    0.5557051170617342,
    0.5554409828037024,
    0.5554556902498007,
    0.5553326401859522,
    0.5578536931425333,
    0.554985485970974,
    0.5553684402257204
  ],
  "train_metrics": {
    "pit_mse": 0.5527110353064614,
    "aligned_mse": 0.5527110341638802,
    "sdr_db": 0.44123761065470907
  },
  "val_metrics": {
    "pit_mse": 0.5548986941576004,
    "aligned_mse": 0.5548986997455359,
    "sdr_db": 0.4264113958925009
  },
  "train_metrics_raw": {
    "pit_mse": 0.4543985136019917,
    "aligned_mse": 0.4543985120785503,
    "sdr_db": 0.4435847378291261
  },
  "val_metrics_raw": {
    "pit_mse": 0.45595259591937065,
    "aligned_mse": 0.4559526005759835,
    "sdr_db": 0.4278287272900343
  },
  "training_metadata": {
    "best_val_pit_mse": 0.5548986941576004,
    "best_epoch": 12,
    "learning_rate": 0.001,
    "final_learning_rate": 0.001,
    "weight_decay": 0.0001,
    "grad_clip": 1.0,
    "epochs": 20,
    "normalize_inputs": true
  },
  "checkpoint_path": "C:\\Users\\battl\\Documents\\School 2026\\Jareds_Repo\\DL-AIR\\experiments\\quick_data_check\\outputs\\checkpoints\\hybrid_best.pt"
}