{
  "train_history": [
    0.5569199708323128,
    0.5550844614117291,
    0.5536210405559966,
    0.5531842261076735,
    0.5530794005805311,
    0.5528593040502872,
    0.5532560047631065,
    0.5526435931269734,
    0.5527519850304332,
    0.5526987133315577,
    0.5525955256943504,
    0.5523159185918375,
    0.5523312743098591,
    0.5521331835097779,
    0.5522805490432837,
    0.5522107885668452,
    0.5517074263895663,
    0.551519726411984,
    0.5512231653109907,
    0.5504128340715037
  ],
  "val_history": [
    0.5579124577343464,
    0.5568529721349478,
    0.5552284456789494,
    0.5554312039166689,
    0.5556224510073662,
    0.5557037126272917,
    0.5556309577077627,
    0.5540720615535975,
    0.5552174430340528,
    0.5551465824246407,
    0.554326493293047,
    0.5535002611577511,
    0.5549773313105106,
    0.5555072892457247,
    0.5538966152817011,
    0.5537131894379854,
    0.5547855198383331,
    0.5533196944743395,
    0.5542533583939075,
    0.5519427340477705
  ],
  "train_metrics": {
    "pit_mse": 0.5498822091486507,
    "aligned_mse": 0.5498822120051033,
    "sdr_db": 0.46015592981070375
  },
  "val_metrics": {
    "pit_mse": 0.5519427340477705,
    "aligned_mse": 0.5519427303224802,
    "sdr_db": 0.4457638803869486
  },
  "train_metrics_raw": {
    "pit_mse": 0.4523152550950218,
    "aligned_mse": 0.4523152540476558,
    "sdr_db": 0.46229364820562613
  },
  "val_metrics_raw": {
    "pit_mse": 0.4538701819255948,
    "aligned_mse": 0.4538701791316271,
    "sdr_db": 0.4458453725092113
  },
  "training_metadata": {
    "best_val_pit_mse": 0.5519427340477705,
    "best_epoch": 20,
    "learning_rate": 0.001,
    "final_learning_rate": 0.001,
    "weight_decay": 0.0001,
    "grad_clip": 1.0,
    "epochs": 20,
    "normalize_inputs": true
  },
  "checkpoint_path": "C:\\Users\\battl\\Documents\\School 2026\\Jareds_Repo\\DL-AIR\\experiments\\quick_data_check\\outputs\\checkpoints\\iq_cnn_best.pt"
}