{
  "train_history": [
    0.557827079258026,
    0.5556968819980804,
    0.5558504902135831,
    0.5551483273125304,
    0.5549578697155839,
    0.5561994508432504,
    0.5547988441424628,
    0.55511310287177,
    0.5542950085557687,
    0.5543321241585972,
    0.5543647162830487,
    0.5542648322285174,
    0.5544148548342549,
    0.5540572454373296,
    0.5540841004718988,
    0.5539743637505431,
    0.5534916563917653,
    0.5533537739001143,
    0.5534804627156487,
    0.553527131248206
  ],
  "val_history": [
    0.5562285669147968,
    0.5572552122175694,
    0.5568389687687159,
    0.5569546576589346,
    0.5560802314430475,
    0.5561890956014395,
    0.5570316892117262,
    0.5564106702804565,
    0.5562750473618507,
    0.5560449175536633,
    0.5565672274678946,
    0.5557997673749924,
    0.5545445289462805,
    0.5550700966268778,
    0.5557649433612823,
    0.5537872947752476,
    0.5561112985014915,
    0.5541643537580967,
    0.5530952606350183,
    0.5547136757522821
  ],
  "train_metrics": {
    "pit_mse": 0.552441689153068,
    "aligned_mse": 0.5524416861061852,
    "sdr_db": 0.4417755857062416
  },
  "val_metrics": {
    "pit_mse": 0.5530952606350183,
    "aligned_mse": 0.5530952587723732,
    "sdr_db": 0.4383450457826257
  },
  "train_metrics_raw": {
    "pit_mse": 0.4542619332718773,
    "aligned_mse": 0.4542619354618243,
    "sdr_db": 0.44377077649386165
  },
  "val_metrics_raw": {
    "pit_mse": 0.45443121064454317,
    "aligned_mse": 0.4544312125071883,
    "sdr_db": 0.4405361842364073
  },
  "training_metadata": {
    "best_val_pit_mse": 0.5530952606350183,
    "best_epoch": 19,
    "learning_rate": 0.001,
    "final_learning_rate": 0.001,
    "weight_decay": 0.0001,
    "grad_clip": 1.0,
    "epochs": 20,
    "normalize_inputs": true
  },
  "checkpoint_path": "C:\\Users\\battl\\Documents\\School 2026\\Jareds_Repo\\DL-AIR\\experiments\\quick_data_check\\outputs\\checkpoints\\lstm_best.pt"
}