{
  "seed": 11,
  "device": "cuda",
  "data_root": "C:\\Users\\battl\\Documents\\School 2026\\Jareds_Repo\\DL-AIR\\data",
  "train_examples": 10000,
  "val_examples": 1000,
  "epochs": 20,
  "in_ch": 2,
  "notes": "Current dataset is QPSK SOI plus bandlimited-noise interferer, so this quick check reports wave metrics only.",
  "results": {
    "IQ_CNN": {
      "train_history": [
        0.5569199708323128,
        0.5550844614117291,
        0.5536210405559966,
        0.5531842261076735,
        0.5530794005805311,
        0.5528593040502872,
        0.5532560047631065,
        0.5526435931269734,
        0.5527519850304332,
        0.5526987133315577,
        0.5525955256943504,
        0.5523159185918375,
        0.5523312743098591,
        0.5521331835097779,
        0.5522805490432837,
        0.5522107885668452,
        0.5517074263895663,
        0.551519726411984,
        0.5512231653109907,
        0.5504128340715037
      ],
      "val_history": [
        0.5579124577343464,
        0.5568529721349478,
        0.5552284456789494,
        0.5554312039166689,
        0.5556224510073662,
        0.5557037126272917,
        0.5556309577077627,
        0.5540720615535975,
        0.5552174430340528,
        0.5551465824246407,
        0.554326493293047,
        0.5535002611577511,
        0.5549773313105106,
        0.5555072892457247,
        0.5538966152817011,
        0.5537131894379854,
        0.5547855198383331,
        0.5533196944743395,
        0.5542533583939075,
        0.5519427340477705
      ],
      "train_metrics": {
        "pit_mse": 0.5498822091486507,
        "aligned_mse": 0.5498822120051033,
        "sdr_db": 0.46015592981070375
      },
      "val_metrics": {
        "pit_mse": 0.5519427340477705,
        "aligned_mse": 0.5519427303224802,
        "sdr_db": 0.4457638803869486
      },
      "train_metrics_raw": {
        "pit_mse": 0.4523152550950218,
        "aligned_mse": 0.4523152540476558,
        "sdr_db": 0.46229364820562613
      },
      "val_metrics_raw": {
        "pit_mse": 0.4538701819255948,
        "aligned_mse": 0.4538701791316271,
        "sdr_db": 0.4458453725092113
      },
      "training_metadata": {
        "best_val_pit_mse": 0.5519427340477705,
        "best_epoch": 20,
        "learning_rate": 0.001,
        "final_learning_rate": 0.001,
        "weight_decay": 0.0001,
        "grad_clip": 1.0,
        "epochs": 20,
        "normalize_inputs": true
      },
      "checkpoint_path": "C:\\Users\\battl\\Documents\\School 2026\\Jareds_Repo\\DL-AIR\\experiments\\quick_data_check\\outputs\\checkpoints\\iq_cnn_best.pt"
    },
    "Hybrid": {
      "train_history": [
        0.5580545037318343,
        0.5553176945771653,
        0.5549565825980312,
        0.5548590558786362,
        0.5544212633809342,
        0.5541434486072284,
        0.5540767348231599,
        0.5539413277333537,
        0.5539523530691958,
        0.5536553254142736,
        0.5535316918604671,
        0.5531802518299213,
        0.5530132177157905,
        0.5528930646542924,
        0.5529247524258428,
        0.5526739928288201,
        0.5526378097625586,
        0.5523057543812468,
        0.5525562675616231,
        0.552238925958213
      ],
      "val_history": [
        0.5575296804308891,
        0.5574307627975941,
        0.5566798076033592,
        0.5577439200133085,
        0.5573311019688845,
        0.5567607935518026,
        0.5553165655583143,
        0.5560274701565504,
        0.5564016941934824,
        0.5562724824994802,
        0.5561324376612902,
        0.5548986941576004,
        0.5558769479393959,
        0.5557051170617342,
        0.5554409828037024,
        0.5554556902498007,
        0.5553326401859522,
        0.5578536931425333,
        0.554985485970974,
        0.5553684402257204
      ],
      "train_metrics": {
        "pit_mse": 0.5527110353064614,
        "aligned_mse": 0.5527110341638802,
        "sdr_db": 0.44123761065470907
      },
      "val_metrics": {
        "pit_mse": 0.5548986941576004,
        "aligned_mse": 0.5548986997455359,
        "sdr_db": 0.4264113958925009
      },
      "train_metrics_raw": {
        "pit_mse": 0.4543985136019917,
        "aligned_mse": 0.4543985120785503,
        "sdr_db": 0.4435847378291261
      },
      "val_metrics_raw": {
        "pit_mse": 0.45595259591937065,
        "aligned_mse": 0.4559526005759835,
        "sdr_db": 0.4278287272900343
      },
      "training_metadata": {
        "best_val_pit_mse": 0.5548986941576004,
        "best_epoch": 12,
        "learning_rate": 0.001,
        "final_learning_rate": 0.001,
        "weight_decay": 0.0001,
        "grad_clip": 1.0,
        "epochs": 20,
        "normalize_inputs": true
      },
      "checkpoint_path": "C:\\Users\\battl\\Documents\\School 2026\\Jareds_Repo\\DL-AIR\\experiments\\quick_data_check\\outputs\\checkpoints\\hybrid_best.pt"
    },
    "LSTM": {
      "train_history": [
        0.557827079258026,
        0.5556968819980804,
        0.5558504902135831,
        0.5551483273125304,
        0.5549578697155839,
        0.5561994508432504,
        0.5547988441424628,
        0.55511310287177,
        0.5542950085557687,
        0.5543321241585972,
        0.5543647162830487,
        0.5542648322285174,
        0.5544148548342549,
        0.5540572454373296,
        0.5540841004718988,
        0.5539743637505431,
        0.5534916563917653,
        0.5533537739001143,
        0.5534804627156487,
        0.553527131248206
      ],
      "val_history": [
        0.5562285669147968,
        0.5572552122175694,
        0.5568389687687159,
        0.5569546576589346,
        0.5560802314430475,
        0.5561890956014395,
        0.5570316892117262,
        0.5564106702804565,
        0.5562750473618507,
        0.5560449175536633,
        0.5565672274678946,
        0.5557997673749924,
        0.5545445289462805,
        0.5550700966268778,
        0.5557649433612823,
        0.5537872947752476,
        0.5561112985014915,
        0.5541643537580967,
        0.5530952606350183,
        0.5547136757522821
      ],
      "train_metrics": {
        "pit_mse": 0.552441689153068,
        "aligned_mse": 0.5524416861061852,
        "sdr_db": 0.4417755857062416
      },
      "val_metrics": {
        "pit_mse": 0.5530952606350183,
        "aligned_mse": 0.5530952587723732,
        "sdr_db": 0.4383450457826257
      },
      "train_metrics_raw": {
        "pit_mse": 0.4542619332718773,
        "aligned_mse": 0.4542619354618243,
        "sdr_db": 0.44377077649386165
      },
      "val_metrics_raw": {
        "pit_mse": 0.45443121064454317,
        "aligned_mse": 0.4544312125071883,
        "sdr_db": 0.4405361842364073
      },
      "training_metadata": {
        "best_val_pit_mse": 0.5530952606350183,
        "best_epoch": 19,
        "learning_rate": 0.001,
        "final_learning_rate": 0.001,
        "weight_decay": 0.0001,
        "grad_clip": 1.0,
        "epochs": 20,
        "normalize_inputs": true
      },
      "checkpoint_path": "C:\\Users\\battl\\Documents\\School 2026\\Jareds_Repo\\DL-AIR\\experiments\\quick_data_check\\outputs\\checkpoints\\lstm_best.pt"
    }
  }
}