{
  "best_epoch": 16,
  "best_val_mse": 0.15637079685453384,
  "stop_epoch": 20,
  "stop_reason": "fixed_budget",
  "epochs_full": [
    0,
    1,
    2,
    3,
    4,
    5,
    6,
    7,
    8,
    9,
    10,
    11,
    12,
    13,
    14,
    15,
    16,
    17,
    18,
    19,
    20
  ],
  "train_history_full": [
    0.6499423712730408,
    0.18902376236915588,
    0.15954768857955934,
    0.158154523563385,
    0.15758808887004852,
    0.15715405406951904,
    0.15696675653457642,
    0.15674676904678345,
    0.1566170093536377,
    0.1564953022956848,
    0.15638287343978882,
    0.15631733453273775,
    0.15618236272335054,
    0.156090011882782,
    0.15602446019649505,
    0.15594610097408296,
    0.15581923978328704,
    0.15573756668567657,
    0.1556401270389557,
    0.1555220802307129,
    0.15547720539569854
  ],
  "val_history_full": [
    0.6498534764562335,
    0.1619828769138881,
    0.1586933403261124,
    0.1574706250712985,
    0.15909565488497415,
    0.15777237098368388,
    0.15684041546450722,
    0.1579057661786912,
    0.15701632532808515,
    0.1572200253842369,
    0.1572536239548335,
    0.15714269403427367,
    0.15691238452517797,
    0.15669427741141545,
    0.15656432816906582,
    0.15724348667122068,
    0.15637079685453384,
    0.15801327096091378,
    0.15700403896589127,
    0.15666924535282076,
    0.15675609121246944
  ],
  "sampled_epochs": [
    0,
    1,
    2,
    3,
    4,
    5,
    6,
    7,
    8,
    9,
    10,
    20
  ],
  "sampled_train_history": [
    0.6499423712730408,
    0.18902376236915588,
    0.15954768857955934,
    0.158154523563385,
    0.15758808887004852,
    0.15715405406951904,
    0.15696675653457642,
    0.15674676904678345,
    0.1566170093536377,
    0.1564953022956848,
    0.15638287343978882,
    0.15547720539569854
  ],
  "sampled_val_history": [
    0.6498534764562335,
    0.1619828769138881,
    0.1586933403261124,
    0.1574706250712985,
    0.15909565488497415,
    0.15777237098368388,
    0.15684041546450722,
    0.1579057661786912,
    0.15701632532808515,
    0.1572200253842369,
    0.1572536239548335,
    0.15675609121246944
  ],
  "final_mse": 0.15637079685453384,
  "final_sdr_db": 5.060311075240847,
  "final_symbol_accuracy": 0.7848574999999984
}