{
  "best_epoch": 11,
  "best_val_mse": 0.1565273217265568,
  "stop_epoch": 20,
  "stop_reason": "fixed_budget",
  "epochs_full": [
    0,
    1,
    2,
    3,
    4,
    5,
    6,
    7,
    8,
    9,
    10,
    11,
    12,
    13,
    14,
    15,
    16,
    17,
    18,
    19,
    20
  ],
  "train_history_full": [
    0.6037171810150147,
    0.19113246502876283,
    0.16272709522247314,
    0.1604930103778839,
    0.15911615355014802,
    0.1580586730480194,
    0.15748003804683686,
    0.1570439853668213,
    0.15677240478992463,
    0.1566037900686264,
    0.15637752511501313,
    0.1562204358816147,
    0.15601528820991517,
    0.15588268535137176,
    0.15564975023269653,
    0.15538611042499542,
    0.15511909177303315,
    0.1547462292909622,
    0.15450351815223695,
    0.15409022891521454,
    0.1537122947216034
  ],
  "val_history_full": [
    0.6038468508493333,
    0.1645668570011381,
    0.1616193883948856,
    0.16043270769573392,
    0.15859337695061215,
    0.15783749449820744,
    0.15778011036297632,
    0.15692149008077289,
    0.15688624079265293,
    0.15688893530103895,
    0.15655539220287687,
    0.1565273217265568,
    0.15664490513385287,
    0.15666464609759195,
    0.15672972940263294,
    0.1570206946796841,
    0.15730335173152743,
    0.1572678961924144,
    0.1573846692603732,
    0.15768006136493076,
    0.15791741462927017
  ],
  "sampled_epochs": [
    0,
    1,
    2,
    3,
    4,
    5,
    6,
    7,
    8,
    9,
    10,
    20
  ],
  "sampled_train_history": [
    0.6037171810150147,
    0.19113246502876283,
    0.16272709522247314,
    0.1604930103778839,
    0.15911615355014802,
    0.1580586730480194,
    0.15748003804683686,
    0.1570439853668213,
    0.15677240478992463,
    0.1566037900686264,
    0.15637752511501313,
    0.1537122947216034
  ],
  "sampled_val_history": [
    0.6038468508493333,
    0.1645668570011381,
    0.1616193883948856,
    0.16043270769573392,
    0.15859337695061215,
    0.15783749449820744,
    0.15778011036297632,
    0.15692149008077289,
    0.15688624079265293,
    0.15688893530103895,
    0.15655539220287687,
    0.15791741462927017
  ],
  "final_mse": 0.1565273217265568,
  "final_sdr_db": 5.055980765630329,
  "final_symbol_accuracy": 0.785631249999999
}