{
  "best_epoch": 10,
  "best_val_mse": 0.1559022596431157,
  "stop_epoch": 20,
  "stop_reason": "fixed_budget",
  "epochs_full": [
    0,
    1,
    2,
    3,
    4,
    5,
    6,
    7,
    8,
    9,
    10,
    11,
    12,
    13,
    14,
    15,
    16,
    17,
    18,
    19,
    20
  ],
  "train_history_full": [
    0.5006579289913178,
    0.19425619506835937,
    0.15834781482219695,
    0.15731657946109773,
    0.15684346702098848,
    0.15662443284988403,
    0.15646353285312653,
    0.15632398178577422,
    0.15624533617496492,
    0.15610673356056212,
    0.15605906834602357,
    0.15599423143863678,
    0.1559163249731064,
    0.15586245081424713,
    0.15580602667331694,
    0.15578574221134187,
    0.15570341868400575,
    0.15565127601623535,
    0.1555896557331085,
    0.15552674176692963,
    0.1554770872592926
  ],
  "val_history_full": [
    0.5006846970035916,
    0.15782744023534986,
    0.15687028283164614,
    0.15646097678986806,
    0.1565395314542074,
    0.15617484563872927,
    0.15654456875627004,
    0.15666988870454213,
    0.15606981634147585,
    0.15632100072171953,
    0.1559022596431157,
    0.1561401668522093,
    0.1562387233688718,
    0.1560988085610526,
    0.156118887047919,
    0.15618591814760177,
    0.15607970692808665,
    0.1562416711969981,
    0.15596820721550594,
    0.15613364179929098,
    0.15614982564297933
  ],
  "sampled_epochs": [
    0,
    1,
    2,
    3,
    4,
    5,
    6,
    7,
    8,
    9,
    10,
    20
  ],
  "sampled_train_history": [
    0.5006579289913178,
    0.19425619506835937,
    0.15834781482219695,
    0.15731657946109773,
    0.15684346702098848,
    0.15662443284988403,
    0.15646353285312653,
    0.15632398178577422,
    0.15624533617496492,
    0.15610673356056212,
    0.15605906834602357,
    0.1554770872592926
  ],
  "sampled_val_history": [
    0.5006846970035916,
    0.15782744023534986,
    0.15687028283164614,
    0.15646097678986806,
    0.1565395314542074,
    0.15617484563872927,
    0.15654456875627004,
    0.15666988870454213,
    0.15606981634147585,
    0.15632100072171953,
    0.1559022596431157,
    0.15614982564297933
  ],
  "final_mse": 0.1559022596431157,
  "final_sdr_db": 5.073870545341855,
  "final_symbol_accuracy": 0.7852562499999995
}