{
  "best_epoch": 2,
  "best_val_mse": 0.26647364497184756,
  "stop_epoch": 2,
  "stop_reason": "fixed_budget",
  "epochs_full": [
    0,
    1,
    2
  ],
  "train_history_full": [
    0.5790827962068411,
    0.34223623688404375,
    0.27177417049041164
  ],
  "val_history_full": [
    0.5791353225708008,
    0.2759756207466125,
    0.26647364497184756
  ],
  "sampled_epochs": [
    0,
    1,
    2
  ],
  "sampled_train_history": [
    0.5790827962068411,
    0.34223623688404375,
    0.27177417049041164
  ],
  "sampled_val_history": [
    0.5791353225708008,
    0.2759756207466125,
    0.26647364497184756
  ],
  "final_mse": 0.26647364497184756,
  "final_sdr_db": 2.7354415893554687,
  "final_symbol_accuracy": 0.579546875
}