{
  "best_epoch": 2,
  "best_val_mse": 0.27121098041534425,
  "stop_epoch": 2,
  "stop_reason": "fixed_budget",
  "epochs_full": [
    0,
    1,
    2
  ],
  "train_history_full": [
    0.5028889729426458,
    0.38248156354977536,
    0.2761586537727943
  ],
  "val_history_full": [
    0.5027830362319946,
    0.28300983309745786,
    0.27121098041534425
  ],
  "sampled_epochs": [
    0,
    1,
    2
  ],
  "sampled_train_history": [
    0.5028889729426458,
    0.38248156354977536,
    0.2761586537727943
  ],
  "sampled_val_history": [
    0.5027830362319946,
    0.28300983309745786,
    0.27121098041534425
  ],
  "final_mse": 0.27121098041534425,
  "final_sdr_db": 2.6587658882141114,
  "final_symbol_accuracy": 0.578765625
}