{
  "best_epoch": 20,
  "best_val_mse": 0.00012907574030881128,
  "stop_epoch": 20,
  "stop_reason": "fixed_budget",
  "epochs_full": [
    0,
    1,
    2,
    3,
    4,
    5,
    6,
    7,
    8,
    9,
    10,
    11,
    12,
    13,
    14,
    15,
    16,
    17,
    18,
    19,
    20
  ],
  "train_history_full": [
    0.6636614699363709,
    0.08507289979457855,
    0.002102667783945799,
    0.0021060836885124445,
    0.0008025466069113463,
    0.003427680049231276,
    0.0005877980266232043,
    0.0005349870081758127,
    0.002448324511013925,
    0.0009639627625001594,
    0.000371813963772729,
    0.000324755526939407,
    0.0003217655210173689,
    0.0002969418994383886,
    0.000291867153334897,
    0.0002764268394559622,
    0.0033059169707237743,
    0.00027772402537520977,
    0.0006464938175631687,
    0.00024627361270831895,
    0.00020883060538908467
  ],
  "val_history_full": [
    0.66336123621653,
    0.009427947834843681,
    0.0017619178693238941,
    0.0007852979054275368,
    0.0007653952306432147,
    0.0008050502455305486,
    0.00040577763981658905,
    0.000556140305614838,
    0.0313496318837953,
    0.00023327068363811584,
    0.00013894911662357609,
    0.00017996671002557768,
    0.00023648247703917267,
    0.00038803898311767077,
    0.00022084879576198994,
    0.00023662017465251247,
    0.0002902316886724697,
    0.0002770338240744812,
    0.0002730142432338898,
    0.00020229794585796456,
    0.00012907574030881128
  ],
  "sampled_epochs": [
    0,
    1,
    2,
    3,
    4,
    5,
    6,
    7,
    8,
    9,
    10,
    20
  ],
  "sampled_train_history": [
    0.6636614699363709,
    0.08507289979457855,
    0.002102667783945799,
    0.0021060836885124445,
    0.0008025466069113463,
    0.003427680049231276,
    0.0005877980266232043,
    0.0005349870081758127,
    0.002448324511013925,
    0.0009639627625001594,
    0.000371813963772729,
    0.00020883060538908467
  ],
  "sampled_val_history": [
    0.66336123621653,
    0.009427947834843681,
    0.0017619178693238941,
    0.0007852979054275368,
    0.0007653952306432147,
    0.0008050502455305486,
    0.00040577763981658905,
    0.000556140305614838,
    0.0313496318837953,
    0.00023327068363811584,
    0.00013894911662357609,
    0.00012907574030881128
  ],
  "final_mse": 0.00012907574030881128,
  "final_sdr_db": 35.88370949881418,
  "final_symbol_accuracy": 1.0
}