{
  "best_epoch": 15,
  "best_val_mse": 8.528398826629633e-05,
  "stop_epoch": 20,
  "stop_reason": "fixed_budget",
  "epochs_full": [
    0,
    1,
    2,
    3,
    4,
    5,
    6,
    7,
    8,
    9,
    10,
    11,
    12,
    13,
    14,
    15,
    16,
    17,
    18,
    19,
    20
  ],
  "train_history_full": [
    0.63070688123703,
    0.16949770445227624,
    0.016920503444224595,
    0.002749424393475056,
    0.0009658388049341738,
    0.0005991878803353757,
    0.0004494821656960994,
    0.00335144617210608,
    0.009504058105964214,
    0.0004765391285531223,
    0.0002910398970358074,
    0.00020851894181687385,
    0.0001588445216533728,
    0.0001331535625853576,
    0.00013436468084109947,
    9.980770765105263e-05,
    0.03540216928225127,
    0.0028842918664216993,
    0.0009956326794810593,
    0.000534470366500318,
    0.00035182260698638857
  ],
  "val_history_full": [
    0.6304693695098634,
    0.06244497858579197,
    0.005356095265597105,
    0.0017139794164529396,
    0.0007223056043527783,
    0.0004540414675064976,
    0.0003854162854305099,
    0.23421463015533628,
    0.0005861737752436764,
    0.000325214786229596,
    0.00020437422028321417,
    0.00015298661009948108,
    0.0001045365792205779,
    0.00029803330650634413,
    0.00013706234232005145,
    8.528398826629633e-05,
    0.006252896062852372,
    0.0014881913472587864,
    0.0006607733620700263,
    0.0004118695256433317,
    0.0002976385631694621
  ],
  "sampled_epochs": [
    0,
    1,
    2,
    3,
    4,
    5,
    6,
    7,
    8,
    9,
    10,
    20
  ],
  "sampled_train_history": [
    0.63070688123703,
    0.16949770445227624,
    0.016920503444224595,
    0.002749424393475056,
    0.0009658388049341738,
    0.0005991878803353757,
    0.0004494821656960994,
    0.00335144617210608,
    0.009504058105964214,
    0.0004765391285531223,
    0.0002910398970358074,
    0.00035182260698638857
  ],
  "sampled_val_history": [
    0.6304693695098634,
    0.06244497858579197,
    0.005356095265597105,
    0.0017139794164529396,
    0.0007223056043527783,
    0.0004540414675064976,
    0.0003854162854305099,
    0.23421463015533628,
    0.0005861737752436764,
    0.000325214786229596,
    0.00020437422028321417,
    0.0002976385631694621
  ],
  "final_mse": 8.528398826629633e-05,
  "final_sdr_db": 37.77068116929796,
  "final_symbol_accuracy": 1.0
}