{
  "best_epoch": 19,
  "best_val_mse": 4.1279955656223355e-05,
  "stop_epoch": 20,
  "stop_reason": "fixed_budget",
  "epochs_full": [
    0,
    1,
    2,
    3,
    4,
    5,
    6,
    7,
    8,
    9,
    10,
    11,
    12,
    13,
    14,
    15,
    16,
    17,
    18,
    19,
    20
  ],
  "train_history_full": [
    0.5046984051704406,
    0.08792393054626882,
    0.0016824624966830016,
    0.0007447480478323997,
    0.0004657751516904682,
    0.0003443674557842314,
    0.00026437286706641316,
    0.030356019697966984,
    0.0012017695519141852,
    0.000569756715092808,
    0.0003427942137699574,
    0.0002497064031660557,
    0.00020080076828598976,
    0.004048655424593016,
    0.00022644397038966419,
    0.00016514348334167154,
    0.00013305558376014234,
    0.00011332808880833908,
    0.00010189569398062303,
    9.103341336594894e-05,
    8.158768659923225e-05
  ],
  "val_history_full": [
    0.5047905776235793,
    0.001519328434138544,
    0.0004797819983361969,
    0.00022811725428919233,
    0.00014445019653990923,
    0.00011487141120365806,
    8.885668544930272e-05,
    0.0010833354160514853,
    0.0003931998281687912,
    0.00018756600519058308,
    0.00011770060784386708,
    0.00011865347452897815,
    0.00010008536501406943,
    0.0001445434824009204,
    8.762793985956777e-05,
    6.558029313704797e-05,
    5.295741842322362e-05,
    4.490240485571872e-05,
    4.222205629163895e-05,
    4.1279955656223355e-05,
    5.5561540186375617e-05
  ],
  "sampled_epochs": [
    0,
    1,
    2,
    3,
    4,
    5,
    6,
    7,
    8,
    9,
    10,
    20
  ],
  "sampled_train_history": [
    0.5046984051704406,
    0.08792393054626882,
    0.0016824624966830016,
    0.0007447480478323997,
    0.0004657751516904682,
    0.0003443674557842314,
    0.00026437286706641316,
    0.030356019697966984,
    0.0012017695519141852,
    0.000569756715092808,
    0.0003427942137699574,
    8.158768659923225e-05
  ],
  "sampled_val_history": [
    0.5047905776235793,
    0.001519328434138544,
    0.0004797819983361969,
    0.00022811725428919233,
    0.00014445019653990923,
    0.00011487141120365806,
    8.885668544930272e-05,
    0.0010833354160514853,
    0.0003931998281687912,
    0.00018756600519058308,
    0.00011770060784386708,
    5.5561540186375617e-05
  ],
  "final_mse": 4.1279955656223355e-05,
  "final_sdr_db": 40.837761954655726,
  "final_symbol_accuracy": 1.0
}