{
  "best_epoch": 20,
  "best_val_mse": 0.00010917570658161171,
  "stop_epoch": 20,
  "stop_reason": "fixed_budget",
  "epochs_full": [
    0,
    1,
    2,
    3,
    4,
    5,
    6,
    7,
    8,
    9,
    10,
    11,
    12,
    13,
    14,
    15,
    16,
    17,
    18,
    19,
    20
  ],
  "train_history_full": [
    0.6389904554367065,
    0.09225291676335037,
    0.002251359223201871,
    0.0011352785712108015,
    0.004160810441570357,
    0.0006567523744888604,
    0.0006119604370556772,
    0.0005359038125025108,
    0.000519522764836438,
    0.004146839914494194,
    0.0004666839154204354,
    0.0004202943571377546,
    0.00036899222903884947,
    0.0003574624012457207,
    0.002658087720326148,
    0.00030191282922169195,
    0.0002747074314393103,
    0.0009304105757619254,
    0.0002638239316176623,
    0.0002796120999730192,
    0.0002506206328165717
  ],
  "val_history_full": [
    0.6394931096879263,
    0.0018490284407836578,
    0.0014215581477545793,
    0.0009818375812813876,
    0.0005348332028555137,
    0.0004376180184495059,
    0.0002829074575048354,
    0.0009110496002471163,
    0.00027371340547688305,
    0.00026259141778277735,
    0.00043962654493202174,
    0.00045022398320263224,
    0.00016503258550997881,
    0.0007077447279164242,
    0.00020876325253907236,
    0.00013816664951653884,
    0.00012994695746798126,
    0.0004035110390442054,
    0.00019036754799474563,
    0.0001766725465477932,
    0.00010917570658161171
  ],
  "sampled_epochs": [
    0,
    1,
    2,
    3,
    4,
    5,
    6,
    7,
    8,
    9,
    10,
    20
  ],
  "sampled_train_history": [
    0.6389904554367065,
    0.09225291676335037,
    0.002251359223201871,
    0.0011352785712108015,
    0.004160810441570357,
    0.0006567523744888604,
    0.0006119604370556772,
    0.0005359038125025108,
    0.000519522764836438,
    0.004146839914494194,
    0.0004666839154204354,
    0.0002506206328165717
  ],
  "sampled_val_history": [
    0.6394931096879263,
    0.0018490284407836578,
    0.0014215581477545793,
    0.0009818375812813876,
    0.0005348332028555137,
    0.0004376180184495059,
    0.0002829074575048354,
    0.0009110496002471163,
    0.00027371340547688305,
    0.00026259141778277735,
    0.00043962654493202174,
    0.00010917570658161171
  ],
  "final_mse": 0.00010917570658161171,
  "final_sdr_db": 36.6113776555137,
  "final_symbol_accuracy": 1.0
}