{
  "best_epoch": 10,
  "best_val_mse": 0.00013507920454093624,
  "stop_epoch": 20,
  "stop_reason": "fixed_budget",
  "epochs_full": [
    0,
    1,
    2,
    3,
    4,
    5,
    6,
    7,
    8,
    9,
    10,
    11,
    12,
    13,
    14,
    15,
    16,
    17,
    18,
    19,
    20
  ],
  "train_history_full": [
    0.7004925982475281,
    0.11491726029217243,
    0.004297425469011068,
    0.001101617660652846,
    0.0006559000368230044,
    0.0004937525600660593,
    0.00038032118331175296,
    0.00031614840740803627,
    0.0002468890676042065,
    0.00020298238105606289,
    0.00017857642028247937,
    0.07592269098951947,
    0.007361967089027166,
    0.0023817167876288296,
    0.0012629110529087484,
    0.0007801132265478373,
    0.0005361638590227813,
    0.0003963136989623308,
    0.0002965382816735655,
    0.00022871635600458831,
    0.0002364261834649369
  ],
  "val_history_full": [
    0.700245359587291,
    0.0093414242719374,
    0.0016314022387156175,
    0.0008068852438887079,
    0.0006311388884020585,
    0.0003684003960289475,
    0.0002811130726181473,
    0.0003504780733713969,
    0.00029233670035850196,
    0.00023067320580594242,
    0.00013507920454093624,
    0.016844502487589442,
    0.0034501400133151385,
    0.0018084325258516604,
    0.0008825737879508071,
    0.0006569351877144996,
    0.0004700871982744762,
    0.0003862761705744243,
    0.0003261537039800296,
    0.00021016983489047678,
    0.00021170867775152955
  ],
  "sampled_epochs": [
    0,
    1,
    2,
    3,
    4,
    5,
    6,
    7,
    8,
    9,
    10,
    20
  ],
  "sampled_train_history": [
    0.7004925982475281,
    0.11491726029217243,
    0.004297425469011068,
    0.001101617660652846,
    0.0006559000368230044,
    0.0004937525600660593,
    0.00038032118331175296,
    0.00031614840740803627,
    0.0002468890676042065,
    0.00020298238105606289,
    0.00017857642028247937,
    0.0002364261834649369
  ],
  "sampled_val_history": [
    0.700245359587291,
    0.0093414242719374,
    0.0016314022387156175,
    0.0008068852438887079,
    0.0006311388884020585,
    0.0003684003960289475,
    0.0002811130726181473,
    0.0003504780733713969,
    0.00029233670035850196,
    0.00023067320580594242,
    0.00013507920454093624,
    0.00021170867775152955
  ],
  "final_mse": 0.00013507920454093624,
  "final_sdr_db": 35.72590849134657,
  "final_symbol_accuracy": 1.0
}