{
  "best_epoch": 20,
  "best_val_mse": 5.2103077905485407e-05,
  "stop_epoch": 20,
  "stop_reason": "fixed_budget",
  "epochs_full": [
    0,
    1,
    2,
    3,
    4,
    5,
    6,
    7,
    8,
    9,
    10,
    11,
    12,
    13,
    14,
    15,
    16,
    17,
    18,
    19,
    20
  ],
  "train_history_full": [
    0.504272358417511,
    0.08270774737931788,
    0.0015584983910433949,
    0.0007380390617996454,
    0.0004544355196878314,
    0.0003303954413859174,
    0.00025851310056168586,
    0.00021188488674815745,
    0.0001846035818103701,
    0.00015481456638080998,
    0.013066278112842701,
    0.0006192104944493621,
    0.0003331128363031894,
    0.00023476972237695007,
    0.00018164053631480783,
    0.00014789145962568,
    0.0001234241082565859,
    0.008643060443829745,
    0.0005707405256573111,
    0.00021877189024817198,
    0.00014425059921341016
  ],
  "val_history_full": [
    0.5042030508556063,
    0.0014010823797434568,
    0.0004970713274642115,
    0.0003043200002081456,
    0.00017204820312419168,
    0.00011198619084473374,
    0.00011315866960637597,
    8.741212040481586e-05,
    9.165730720962442e-05,
    6.0865888429809335e-05,
    0.0005218841954104839,
    0.00020789813240140026,
    0.00013325274954291267,
    8.654758881127077e-05,
    8.187126190427484e-05,
    9.40061779277e-05,
    5.6857085823255134e-05,
    0.0010414293261304024,
    0.00014996190351204916,
    7.92197451884267e-05,
    5.2103077905485407e-05
  ],
  "sampled_epochs": [
    0,
    1,
    2,
    3,
    4,
    5,
    6,
    7,
    8,
    9,
    10,
    20
  ],
  "sampled_train_history": [
    0.504272358417511,
    0.08270774737931788,
    0.0015584983910433949,
    0.0007380390617996454,
    0.0004544355196878314,
    0.0003303954413859174,
    0.00025851310056168586,
    0.00021188488674815745,
    0.0001846035818103701,
    0.00015481456638080998,
    0.013066278112842701,
    0.00014425059921341016
  ],
  "sampled_val_history": [
    0.5042030508556063,
    0.0014010823797434568,
    0.0004970713274642115,
    0.0003043200002081456,
    0.00017204820312419168,
    0.00011198619084473374,
    0.00011315866960637597,
    8.741212040481586e-05,
    9.165730720962442e-05,
    6.0865888429809335e-05,
    0.0005218841954104839,
    5.2103077905485407e-05
  ],
  "final_mse": 5.2103077905485407e-05,
  "final_sdr_db": 39.82702933417426,
  "final_symbol_accuracy": 1.0
}