{
  "best_epoch": 20,
  "best_val_mse": 0.00010626923245754802,
  "stop_epoch": 20,
  "stop_reason": "fixed_budget",
  "epochs_full": [
    0,
    1,
    2,
    3,
    4,
    5,
    6,
    7,
    8,
    9,
    10,
    11,
    12,
    13,
    14,
    15,
    16,
    17,
    18,
    19,
    20
  ],
  "train_history_full": [
    0.6302045588493347,
    0.16426535712629556,
    0.007654805606231094,
    0.004460651622526348,
    0.002558268788270652,
    0.0008610095915850251,
    0.002781508936127648,
    0.0018020626528654248,
    0.0011463621591217817,
    0.0004300135743338615,
    0.00270226875024382,
    0.0003648231417872012,
    0.0013463626936310903,
    0.0018176985272439197,
    0.00047993082208558916,
    0.0012023120063357055,
    0.0002363560922211036,
    0.00023189222996588797,
    0.00021208262657746672,
    0.0025246735380496828,
    0.0005055943534243852
  ],
  "val_history_full": [
    0.6301383603186834,
    0.01720882346114469,
    0.06078330876808318,
    0.0015606901235139324,
    0.0016115878316913805,
    0.000987069881779866,
    0.00061198602530307,
    0.012832270949960702,
    0.0005575634145532691,
    0.0003297201169299937,
    0.0005700651506361153,
    0.0001846020553900402,
    0.00044884803725243915,
    0.00017905169645220868,
    0.004118386090600065,
    0.00018941739154610014,
    0.00011211103010859843,
    0.000183861003957674,
    0.00015701951749164553,
    0.000286968300647531,
    0.00010626923245754802
  ],
  "sampled_epochs": [
    0,
    1,
    2,
    3,
    4,
    5,
    6,
    7,
    8,
    9,
    10,
    20
  ],
  "sampled_train_history": [
    0.6302045588493347,
    0.16426535712629556,
    0.007654805606231094,
    0.004460651622526348,
    0.002558268788270652,
    0.0008610095915850251,
    0.002781508936127648,
    0.0018020626528654248,
    0.0011463621591217817,
    0.0004300135743338615,
    0.00270226875024382,
    0.0005055943534243852
  ],
  "sampled_val_history": [
    0.6301383603186834,
    0.01720882346114469,
    0.06078330876808318,
    0.0015606901235139324,
    0.0016115878316913805,
    0.000987069881779866,
    0.00061198602530307,
    0.012832270949960702,
    0.0005575634145532691,
    0.0003297201169299937,
    0.0005700651506361153,
    0.00010626923245754802
  ],
  "final_mse": 0.00010626923245754802,
  "final_sdr_db": 36.7300295148577,
  "final_symbol_accuracy": 1.0
}