{
  "best_epoch": 20,
  "best_val_mse": 0.00011175328363028783,
  "stop_epoch": 20,
  "stop_reason": "fixed_budget",
  "epochs_full": [
    0,
    1,
    2,
    3,
    4,
    5,
    6,
    7,
    8,
    9,
    10,
    11,
    12,
    13,
    14,
    15,
    16,
    17,
    18,
    19,
    20
  ],
  "train_history_full": [
    0.6433774981498718,
    0.169147504144907,
    0.007388249463587999,
    0.0023085576379671693,
    0.0011784141547977924,
    0.0007285218665376306,
    0.0004761213585268706,
    0.11538767284713686,
    0.007820836600661277,
    0.0018062451805919409,
    0.0008724523534066975,
    0.0005087842447683215,
    0.0003506058072671294,
    0.00025728310463018713,
    0.0001940461008809507,
    0.017076573659398128,
    0.0008075842030346393,
    0.0004639702049549669,
    0.00023227927745319904,
    0.00015592048285761848,
    0.00012478178180754185
  ],
  "val_history_full": [
    0.6438235290466793,
    0.01630628595335616,
    0.0034222252674341674,
    0.0015103032328336247,
    0.0008897035279207759,
    0.00048019211011243957,
    0.00046944392416330556,
    0.018695892706986458,
    0.003076044942385384,
    0.0012872651873511217,
    0.0006822724983702222,
    0.00044985290474465326,
    0.00031219685999011356,
    0.00022967919473543705,
    0.00019008340129244422,
    0.0012736121480841013,
    0.0005907441825709409,
    0.000323402945281169,
    0.00016294899516709386,
    0.00013522226095480461,
    0.00011175328363028783
  ],
  "sampled_epochs": [
    0,
    1,
    2,
    3,
    4,
    5,
    6,
    7,
    8,
    9,
    10,
    20
  ],
  "sampled_train_history": [
    0.6433774981498718,
    0.169147504144907,
    0.007388249463587999,
    0.0023085576379671693,
    0.0011784141547977924,
    0.0007285218665376306,
    0.0004761213585268706,
    0.11538767284713686,
    0.007820836600661277,
    0.0018062451805919409,
    0.0008724523534066975,
    0.00012478178180754185
  ],
  "sampled_val_history": [
    0.6438235290466793,
    0.01630628595335616,
    0.0034222252674341674,
    0.0015103032328336247,
    0.0008897035279207759,
    0.00048019211011243957,
    0.00046944392416330556,
    0.018695892706986458,
    0.003076044942385384,
    0.0012872651873511217,
    0.0006822724983702222,
    0.00011175328363028783
  ],
  "final_mse": 0.00011175328363028783,
  "final_sdr_db": 36.588628738645525,
  "final_symbol_accuracy": 1.0
}