{
  "best_epoch": 20,
  "best_val_mse": 6.337502187335982e-05,
  "stop_epoch": 20,
  "stop_reason": "fixed_budget",
  "epochs_full": [
    0,
    1,
    2,
    3,
    4,
    5,
    6,
    7,
    8,
    9,
    10,
    11,
    12,
    13,
    14,
    15,
    16,
    17,
    18,
    19,
    20
  ],
  "train_history_full": [
    0.5007600900650024,
    0.11139735133722424,
    0.0021775201795622705,
    0.0008983269535936415,
    0.04166417719726451,
    0.004131915833242237,
    0.0009361223511397839,
    0.0005212702598888427,
    0.013656773952580989,
    0.0008164407588541507,
    0.0004070425732526928,
    0.00026785823216196147,
    0.00022003262660000474,
    0.013891480309469625,
    0.0010464917931240051,
    0.0003728166636545211,
    0.00024075331054627895,
    0.00018358876232523472,
    0.005019691589241848,
    0.00026954732586164027,
    0.00016584323192946613
  ],
  "val_history_full": [
    0.5007795289395347,
    0.0020648485921796354,
    0.0005988405974921844,
    0.0002775552385996672,
    0.016783016674693615,
    0.0006678259159098305,
    0.0003109835342334081,
    0.00017999014854135493,
    0.0008942684877501239,
    0.0002750823641979387,
    0.00014795039919951548,
    9.822382142172298e-05,
    8.749788950866325e-05,
    0.0017289804915587108,
    0.000275839650024113,
    0.00013392235592214597,
    9.102326571120925e-05,
    7.678587269130354e-05,
    0.00023284553511378667,
    9.579645836585393e-05,
    6.337502187335982e-05
  ],
  "sampled_epochs": [
    0,
    1,
    2,
    3,
    4,
    5,
    6,
    7,
    8,
    9,
    10,
    20
  ],
  "sampled_train_history": [
    0.5007600900650024,
    0.11139735133722424,
    0.0021775201795622705,
    0.0008983269535936415,
    0.04166417719726451,
    0.004131915833242237,
    0.0009361223511397839,
    0.0005212702598888427,
    0.013656773952580989,
    0.0008164407588541507,
    0.0004070425732526928,
    0.00016584323192946613
  ],
  "sampled_val_history": [
    0.5007795289395347,
    0.0020648485921796354,
    0.0005988405974921844,
    0.0002775552385996672,
    0.016783016674693615,
    0.0006678259159098305,
    0.0003109835342334081,
    0.00017999014854135493,
    0.0008942684877501239,
    0.0002750823641979387,
    0.00014795039919951548,
    6.337502187335982e-05
  ],
  "final_mse": 6.337502187335982e-05,
  "final_sdr_db": 38.98688961210705,
  "final_symbol_accuracy": 1.0
}