{
  "config_snapshot": {
    "mode": "train",
    "model_name": "pilot",
    "model_path": null,
    "dropout": 0.0,
    "batch_size": 16,
    "epochs": 20,
    "lr": 0.001,
    "modulation": "QPSK",
    "noise_alpha": 0.8,
    "noise_sigma": 0.1,
    "num_symbols": 1000,
    "num_sources": 2,
    "dataset_path": "./data",
    "generate_new_data": false,
    "use_cross_val": false,
    "n_symbols": 400,
    "samples_per_symbol": 2,
    "rolloff": 0.25,
    "rrc_span_symbols": 12,
    "normalize_power": true,
    "num_channels": 1,
    "noise_enabled": false,
    "alpha": 0.8,
    "snr_db": 25,
    "n_rx": 1,
    "random_phase": true,
    "use_on_the_fly_data": false
  },
  "pilot_setup": {
    "alphas": [
      0.95,
      0.98,
      1.0,
      1.02,
      1.05
    ],
    "train_size": 1500,
    "val_size": 300,
    "epochs": 6,
    "batch_size": 32,
    "device": "cuda"
  },
  "results": {
    "0.95": {
      "Hybrid": {
        "train_history": [
          0.6643695349388934,
          0.28618659174188654,
          0.2524737037242727,
          0.2502990678903904,
          0.24763022585118072,
          0.2373687504453862,
          0.20690792703882177
        ],
        "val_history": [
          0.663412481546402,
          0.25429860651493075,
          0.25130319893360137,
          0.24939878284931183,
          0.2457568183541298,
          0.23776959925889968,
          0.18223874121904374
        ],
        "best_val_mse": 0.18223874121904374,
        "final_val_mse": 0.18223874121904374
      },
      "LSTM": {
        "train_history": [
          0.5017875166649514,
          0.287685770937737,
          0.25086627900600433,
          0.2498652973073594,
          0.24577180629080914,
          0.2253517115369756,
          0.19473826441359013
        ],
        "val_history": [
          0.5020047783851623,
          0.25035333037376406,
          0.25012024492025375,
          0.24870496690273286,
          0.24080136120319368,
          0.20451459288597107,
          0.1792461559176445
        ],
        "best_val_mse": 0.1792461559176445,
        "final_val_mse": 0.1792461559176445
      },
      "IQ_CNN": {
        "train_history": [
          0.7111682371890291,
          0.29440899795674264,
          0.2513176481774513,
          0.25067189430936854,
          0.2504111715453736,
          0.2501993394912557,
          0.24998686541902257
        ],
        "val_history": [
          0.7116075575351715,
          0.25176764130592344,
          0.250509586930275,
          0.250159727036953,
          0.2499548852443695,
          0.2497528076171875,
          0.24957218915224075
        ],
        "best_val_mse": 0.24957218915224075,
        "final_val_mse": 0.24957218915224075
      }
    },
    "0.98": {
      "Hybrid": {
        "train_history": [
          0.47389184540890633,
          0.27773877724688106,
          0.25229228176969165,
          0.2514411981435532,
          0.25112343024700245,
          0.25088633755420114,
          0.2506646821473507
        ],
        "val_history": [
          0.4735134094953537,
          0.25359131395816803,
          0.25160586535930635,
          0.25147350430488585,
          0.25093298256397245,
          0.2507866516709328,
          0.25065059065818784
        ],
        "best_val_mse": 0.25065059065818784,
        "final_val_mse": 0.25065059065818784
      },
      "LSTM": {
        "train_history": [
          0.5030081779398816,
          0.28815632836615784,
          0.25109492939837436,
          0.25075696820908405,
          0.25068718765644316,
          0.25054619889310065,
          0.25033801572119935
        ],
        "val_history": [
          0.5034419059753418,
          0.25046337246894834,
          0.2502340227365494,
          0.2500987991690636,
          0.2498866781592369,
          0.2498578444123268,
          0.2498617425560951
        ],
        "best_val_mse": 0.2498578444123268,
        "final_val_mse": 0.2498617425560951
      },
      "IQ_CNN": {
        "train_history": [
          0.6681632057149359,
          0.2863682508468628,
          0.25181683390698534,
          0.2512091658216842,
          0.25096235503541664,
          0.25083449324394796,
          0.2507281186098748
        ],
        "val_history": [
          0.6681745707988739,
          0.2523268789052963,
          0.25118757486343385,
          0.25079026967287066,
          0.2506451576948166,
          0.2505227729678154,
          0.2504078343510628
        ],
        "best_val_mse": 0.2504078343510628,
        "final_val_mse": 0.2504078343510628
      }
    },
    "1.00": {
      "Hybrid": {
        "train_history": [
          0.6868828116579259,
          0.29263123489440757,
          0.25280505830937244,
          0.25176436216273207,
          0.2512806790306213,
          0.25098031156874717,
          0.2508113549110737
        ],
        "val_history": [
          0.6866647362709045,
          0.25536911487579345,
          0.25318792164325715,
          0.25248317420482635,
          0.2522353857755661,
          0.2520573303103447,
          0.2521103858947754
        ],
        "best_val_mse": 0.2520573303103447,
        "final_val_mse": 0.2521103858947754
      },
      "LSTM": {
        "train_history": [
          0.4981331191164382,
          0.28691621314972005,
          0.2508552654626522,
          0.2505472758983044,
          0.2504709350301864,
          0.25036437365602937,
          0.2503441664132666
        ],
        "val_history": [
          0.4981616586446762,
          0.25147599577903745,
          0.25104916393756865,
          0.25105206817388537,
          0.25111214965581896,
          0.2510182783007622,
          0.250973205268383
        ],
        "best_val_mse": 0.250973205268383,
        "final_val_mse": 0.250973205268383
      },
      "IQ_CNN": {
        "train_history": [
          0.6043883460633298,
          0.29020794718823534,
          0.2517073538075102,
          0.250918115073062,
          0.25068841018575305,
          0.2505538352626435,
          0.25046996296720303
        ],
        "val_history": [
          0.6041468381881714,
          0.2535648047924042,
          0.2519539430737495,
          0.25159157514572145,
          0.25145514905452726,
          0.25133272260427475,
          0.2512255132198334
        ],
        "best_val_mse": 0.2512255132198334,
        "final_val_mse": 0.2512255132198334
      }
    },
    "1.02": {
      "Hybrid": {
        "train_history": [
          0.5494715381175914,
          0.27932634315592175,
          0.2523043171522465,
          0.25124318517268973,
          0.25074546546378035,
          0.2503682726875265,
          0.2501347030096866
        ],
        "val_history": [
          0.5497125327587128,
          0.2541660338640213,
          0.25215675085783007,
          0.2515620097517967,
          0.2511211231350899,
          0.250869020819664,
          0.2508287400007248
        ],
        "best_val_mse": 0.2508287400007248,
        "final_val_mse": 0.2508287400007248
      },
      "LSTM": {
        "train_history": [
          0.5048442736585089,
          0.28822484580760305,
          0.2504675930484812,
          0.25022205108023704,
          0.25007082870666014,
          0.24997920749035288,
          0.24991871638500945
        ],
        "val_history": [
          0.5049020707607269,
          0.25058607161045077,
          0.25013805776834486,
          0.24999353438615798,
          0.24996422380208969,
          0.25011148154735563,
          0.2501970812678337
        ],
        "best_val_mse": 0.24996422380208969,
        "final_val_mse": 0.2501970812678337
      },
      "IQ_CNN": {
        "train_history": [
          0.6864600752262359,
          0.29064391077832974,
          0.25121571504055185,
          0.25053326405109244,
          0.25026995672824537,
          0.2501414158242814,
          0.25005348153570867
        ],