{
  "best_epoch": 11,
  "best_val_mse": 0.1813595983244124,
  "stop_epoch": 20,
  "stop_reason": "fixed_budget",
  "epochs_full": [
    0,
    1,
    2,
    3,
    4,
    5,
    6,
    7,
    8,
    9,
    10,
    11,
    12,
    13,
    14,
    15,
    16,
    17,
    18,
    19,
    20
  ],
  "train_history_full": [
    0.554578775882721,
    0.21447858517169952,
    0.18470607619285584,
    0.18334846262931823,
    0.18282673201560973,
    0.18248248703479766,
    0.18225723581314088,
    0.1820643723487854,
    0.1818955798625946,
    0.1817792863368988,
    0.1817269878387451,
    0.18154806616306304,
    0.18152058041095734,
    0.18138450403213502,
    0.18124308400154113,
    0.18119623236656188,
    0.1810601594209671,
    0.18094456007480622,
    0.18084411237239836,
    0.18072639038562774,
    0.18060501611232757
  ],
  "val_history_full": [
    0.5546195989563352,
    0.18713713662018852,
    0.18351593589971935,
    0.18238891732125057,
    0.18208506088408213,
    0.182152611159143,
    0.1821539489522813,
    0.18205567603073422,
    0.18250440817976754,
    0.1819560452113076,
    0.18203828732172647,
    0.1813595983244124,
    0.18214523366519383,
    0.18227759736870963,
    0.18156524712131136,
    0.1817872997314211,
    0.18178839248324197,
    0.1820861351868463,
    0.1815717468659083,
    0.18151696688599056,
    0.18164801006279294
  ],
  "sampled_epochs": [
    0,
    1,
    2,
    3,
    4,
    5,
    6,
    7,
    8,
    9,
    10,
    20
  ],
  "sampled_train_history": [
    0.554578775882721,
    0.21447858517169952,
    0.18470607619285584,
    0.18334846262931823,
    0.18282673201560973,
    0.18248248703479766,
    0.18225723581314088,
    0.1820643723487854,
    0.1818955798625946,
    0.1817792863368988,
    0.1817269878387451,
    0.18060501611232757
  ],
  "sampled_val_history": [
    0.5546195989563352,
    0.18713713662018852,
    0.18351593589971935,
    0.18238891732125057,
    0.18208506088408213,
    0.182152611159143,
    0.1821539489522813,
    0.18205567603073422,
    0.18250440817976754,
    0.1819560452113076,
    0.18203828732172647,
    0.18164801006279294
  ],
  "final_mse": 0.1813595983244124,
  "final_sdr_db": 4.412917243109809,
  "final_symbol_accuracy": 0.7470650000000003
}