{
  "best_epoch": 12,
  "best_val_mse": 0.18140311326299394,
  "stop_epoch": 20,
  "stop_reason": "fixed_budget",
  "epochs_full": [
    0,
    1,
    2,
    3,
    4,
    5,
    6,
    7,
    8,
    9,
    10,
    11,
    12,
    13,
    14,
    15,
    16,
    17,
    18,
    19,
    20
  ],
  "train_history_full": [
    0.6865892124176025,
    0.22364515929222106,
    0.18765351388454438,
    0.18514517233371736,
    0.184240563416481,
    0.1835676423549652,
    0.1831412663936615,
    0.18276458687782288,
    0.1824431354522705,
    0.1822708734035492,
    0.1820738111257553,
    0.18190657904148103,
    0.18178856303691865,
    0.18161615779399873,
    0.18140277895927429,
    0.18123661270141603,
    0.18101128361225127,
    0.18078383204936982,
    0.18046206941604614,
    0.1801410845756531,
    0.17967338230609894
  ],
  "val_history_full": [
    0.6868399059961713,
    0.19038627923481047,
    0.18570705373135823,
    0.18441664652218895,
    0.1834786929308422,
    0.18271618419223362,
    0.18257189151786624,
    0.18241146254161048,
    0.18209363591103328,
    0.18158144657574002,
    0.1816677058499957,
    0.18196829633107262,
    0.18140311326299394,
    0.18176810159569695,
    0.18161295117839935,
    0.18149658398968832,
    0.18160809103458647,
    0.18163583013746473,
    0.1816809227069219,
    0.18210855079075647,
    0.1827238890386763
  ],
  "sampled_epochs": [
    0,
    1,
    2,
    3,
    4,
    5,
    6,
    7,
    8,
    9,
    10,
    20
  ],
  "sampled_train_history": [
    0.6865892124176025,
    0.22364515929222106,
    0.18765351388454438,
    0.18514517233371736,
    0.184240563416481,
    0.1835676423549652,
    0.1831412663936615,
    0.18276458687782288,
    0.1824431354522705,
    0.1822708734035492,
    0.1820738111257553,
    0.17967338230609894
  ],
  "sampled_val_history": [
    0.6868399059961713,
    0.19038627923481047,
    0.18570705373135823,
    0.18441664652218895,
    0.1834786929308422,
    0.18271618419223362,
    0.18257189151786624,
    0.18241146254161048,
    0.18209363591103328,
    0.18158144657574002,
    0.1816677058499957,
    0.1827238890386763
  ],
  "final_mse": 0.18140311326299394,
  "final_sdr_db": 4.41193952257671,
  "final_symbol_accuracy": 0.7477599999999999
}