{
  "best_epoch": 14,
  "best_val_mse": 0.18085525882622552,
  "stop_epoch": 20,
  "stop_reason": "fixed_budget",
  "epochs_full": [
    0,
    1,
    2,
    3,
    4,
    5,
    6,
    7,
    8,
    9,
    10,
    11,
    12,
    13,
    14,
    15,
    16,
    17,
    18,
    19,
    20
  ],
  "train_history_full": [
    0.5050679981231689,
    0.21596410496234894,
    0.18369369401931762,
    0.18262062532901763,
    0.1821918783903122,
    0.18207772250175477,
    0.1818280903339386,
    0.18173311300277709,
    0.18161206152439116,
    0.181482839345932,
    0.1814712287902832,
    0.18138969748020173,
    0.18133645374774932,
    0.18125570497512816,
    0.1812058492898941,
    0.1811427735567093,
    0.1811334746837616,
    0.18101878638267518,
    0.1809967797756195,
    0.18092506289482116,
    0.18082084550857544
  ],
  "val_history_full": [
    0.5050118376338293,
    0.18336375128655208,
    0.18198654812479775,
    0.1813346263435152,
    0.1811354500906808,
    0.1815356590918132,
    0.181121035937279,
    0.18095997472604117,
    0.1809675825966729,
    0.18096051495226603,
    0.18092520180202665,
    0.18121439171215845,
    0.18090486550141896,
    0.18088060972236453,
    0.18085525882622552,
    0.18087588794647702,
    0.18095254543281736,
    0.18094551586915578,
    0.18111040833450498,
    0.18136603326078446,
    0.1812324110004637
  ],
  "sampled_epochs": [
    0,
    1,
    2,
    3,
    4,
    5,
    6,
    7,
    8,
    9,
    10,
    20
  ],
  "sampled_train_history": [
    0.5050679981231689,
    0.21596410496234894,
    0.18369369401931762,
    0.18262062532901763,
    0.1821918783903122,
    0.18207772250175477,
    0.1818280903339386,
    0.18173311300277709,
    0.18161206152439116,
    0.181482839345932,
    0.1814712287902832,
    0.18082084550857544
  ],
  "sampled_val_history": [
    0.5050118376338293,
    0.18336375128655208,
    0.18198654812479775,
    0.1813346263435152,
    0.1811354500906808,
    0.1815356590918132,
    0.181121035937279,
    0.18095997472604117,
    0.1809675825966729,
    0.18096051495226603,
    0.18092520180202665,
    0.1812324110004637
  ],
  "final_mse": 0.18085525882622552,
  "final_sdr_db": 4.425293733203222,
  "final_symbol_accuracy": 0.7480325000000002
}