{
    "trial_idx": 42,
    "config": {
        "base_channels": 64,
        "dropout": 0.1,
        "lr": 0.0018830724012754178,
        "weight_decay": 0.00010539441349393934,
        "input_noise_std": 0.0025,
        "receiver_drop_prob": 0.025,
        "grad_clip": 0.5,
        "scheduler_name": "plateau",
        "batch_size": 8,
        "optimizer_name": "adamw",
        "normalize_batches": false
    },
    "num_folds": 5,
    "mean_val_pit_mse": 0.4534039741408997,
    "mean_val_pit_sdr_db": 0.4538237878539856,
    "fold_summaries": [
        {
            "fold_idx": 1,
            "checkpoint_path": "C:\\Users\\battl\\Documents\\School 2026\\Jareds_Repo\\DL-AIR\\search_runs\\iqcnn_cv\\run_20260328_215540\\trial_042\\fold_01_best.pt",
            "train_history": [
                0.46169172167778016,
                0.45539134659550407,
                0.4553569795326753,
                0.45440664264288816,
                0.45415876767852087,
                0.45366230016404935,
                0.45437162561850114,
                0.4537240752848712,
                0.4530093754963441,
                0.4528886194662614,
                0.45256002361124215,
                0.4529498136043549,
                0.45240171297030013
            ],
            "val_history": [
                0.4546511823284453,
                0.4566439785387205,
                0.4566784213850464,
                0.45595267523026123,
                0.45657684384048847,
                0.45619270075922425,
                0.45654704734898993,
                0.4547708084185918,
                0.455694278297217,
                0.4552715887194094,
                0.45545980204706604,
                0.4549298789622127,
                0.4548452729764192
            ],
            "best_val_pit_mse": 0.4546511823284453,
            "best_epoch": 1,
            "stopped_after_epoch": 13,
            "stop_reason": "early_stopping",
            "epoch_times_sec": [
                10.2300142000895,
                6.243886600015685,
                6.153922199970111,
                6.258847099961713,
                6.148558299988508,
                6.294225600082427,
                6.184024899965152,
                6.188614099984989,
                6.248199899913743,
                6.183918800204992,
                6.215507899876684,
                6.226487800013274,
                6.225294600008056
            ],
            "avg_epoch_time_sec": 6.523192461544218,
            "optimizer_name": "adamw",
            "scheduler_name": "plateau",
            "normalize_batches": false,
            "input_noise_std": 0.0025,
            "receiver_drop_prob": 0.025,
            "grad_clip": 0.5,
            "weight_decay": 0.00010539441349393934,
            "learning_rate": 0.0018830724012754178,
            "used_amp": true,
            "val_pit_mse": 0.4546511823284453,
            "val_pit_sdr_db": 0.4497513558877551
        },
        {
            "fold_idx": 2,
            "checkpoint_path": "C:\\Users\\battl\\Documents\\School 2026\\Jareds_Repo\\DL-AIR\\search_runs\\iqcnn_cv\\run_20260328_215540\\trial_042\\fold_02_best.pt",
            "train_history": [
                0.46151443378491835,
                0.456323010542176,
                0.4568496478687633,
                0.45548741627823225,
                0.455534114133228,
                0.45473471121354536,
                0.45484914752570066,
                0.4542632246017456,
                0.4536358633366498,
                0.45351743112910875,
                0.4534902234510942,
                0.45281497592275793,
                0.452120457183231
            ],
            "val_history": [
                0.45364708874536597,
                0.45516164644040924,
                0.4566816761009935,
                0.4555892920580463,
                0.4586850756752318,
                0.45713365250739496,
                0.4546222533436789,
                0.457633376121521,
                0.45432259509528894,
                0.45488757283791253,
                0.4555513951657475,
                0.454271060185156,
                0.4555724077466605
            ],
            "best_val_pit_mse": 0.45364708874536597,
            "best_epoch": 1,
            "stopped_after_epoch": 13,
            "stop_reason": "early_stopping",
            "epoch_times_sec": [
                10.217498100129887,
                6.206209300085902,
                6.221586999949068,
                6.229807200143114,
                6.200589700136334,
                6.231622999999672,
                6.185922699980438,
                6.219845299841836,
                6.149035200010985,
                6.195629599969834,
                6.2158118998631835,
                6.168262199964374,
                6.175125400070101
            ],
            "avg_epoch_time_sec": 6.508995892318826,
            "optimizer_name": "adamw",
            "scheduler_name": "plateau",
            "normalize_batches": false,
            "input_noise_std": 0.0025,
            "receiver_drop_prob": 0.025,
            "grad_clip": 0.5,
            "weight_decay": 0.00010539441349393934,
            "learning_rate": 0.0018830724012754178,
            "used_amp": true,
            "val_pit_mse": 0.45364708874536597,
            "val_pit_sdr_db": 0.452705265171286
        },
        {
            "fold_idx": 3,
            "checkpoint_path": "C:\\Users\\battl\\Documents\\School 2026\\Jareds_Repo\\DL-AIR\\search_runs\\iqcnn_cv\\run_20260328_215540\\trial_042\\fold_03_best.pt",
            "train_history": [
                0.46047481114214117,
                0.4568213496424935,
                0.4540974615920674,
                0.4538568349859931,
                0.453190306966955,
                0.4540331301905892,
                0.45427844562313774,
                0.45355552982200276,
                0.4525468117540533,
                0.45244480328126385,
                0.4526448075879704,
                0.45254642605781553,
                0.45250995381311937
            ],
            "val_history": [
                0.4569342412810395,
                0.4615925291310186,
                0.4596561983875606,
                0.4585837076107661,
                0.45913298168907996,
                0.4575152693019397,
                0.4599625373232192,
                0.45933481403019116,
                0.45914036251496576,
                0.4595654043166534,
                0.4591195725876352,
                0.4596389596876891,
                0.4587408157362454
            ],
            "best_val_pit_mse": 0.4569342412810395,
            "best_epoch": 1,
            "stopped_after_epoch": 13,
            "stop_reason": "early_stopping",
            "epoch_times_sec": [
                10.199475700035691,
                6.234156399965286,
                6.1825029999017715,
                6.131271199788898,
                6.220082100015134,
                6.134489299962297,
                6.2237246001604944,
                6.122759999940172,
                6.25647099991329,
                6.222517600050196,
                6.2221816999372095,
                6.13181579997763,
                6.077064800076187
            ],
            "avg_epoch_time_sec": 6.489116399978789,
            "optimizer_name": "adamw",
            "scheduler_name": "plateau",
            "normalize_batches": false,
            "input_noise_std": 0.0025,
            "receiver_drop_prob": 0.025,
            "grad_clip": 0.5,
            "weight_decay": 0.00010539441349393934,
            "learning_rate": 0.0018830724012754178,
            "used_amp": true,
            "val_pit_mse": 0.4569342412810395,
            "val_pit_sdr_db": 0.42086696379102656
        },
        {
            "fold_idx": 4,