{
    "trial_idx": 4,
    "trial_name": "deep_cfg_04",
    "config": {
        "name": "deep_cfg_04",
        "base_channels": 48,
        "dropout": 0.1,
        "lr": 0.0017,
        "weight_decay": 0.00015,
        "input_noise_std": 0.005,
        "receiver_drop_prob": 0.1,
        "grad_clip": 2.0,
        "scheduler_name": "plateau",
        "batch_size": 8,
        "optimizer_name": "adamw",
        "normalize_batches": false
    },
    "checkpoint_path": "C:\\Users\\battl\\Documents\\School 2026\\Jareds_Repo\\DL-AIR\\search_runs\\iqcnn_deep\\run_20260329_194847\\deep_cfg_04\\best.pt",
    "train_history": [
        0.4624132707595825,
        0.45679364886283874,
        0.45636617941856383,
        0.45618885478973387,
        0.45560651636123656,
        0.4546610861778259,
        0.4566300257205963,
        0.45575290880203245,
        0.45426109857559205,
        0.4552645950317383,
        0.4552677740097046,
        0.4534502866268158,
        0.4529001915931702,
        0.45332570071220396,
        0.45322019333839414,
        0.45254421038627624,
        0.45166370921134946,
        0.45190758690834043,
        0.4520621604442596,
        0.4513668583393097,
        0.451442032957077,
        0.45091592679023745,
        0.45059135513305665,
        0.45106560254096983,
        0.4508393750190735,
        0.4508049306869507,
        0.45128230690956117,
        0.45094582505226133,
        0.4513319984436035,
        0.44986020793914794,
        0.45047452569007873,
        0.44987821226119995,
        0.45029534578323366,
        0.44960408983230593,
        0.45049857592582704,
        0.4493587206840515,
        0.44879881582260134,
        0.448757720041275,
        0.4488446794033051,
        0.44772614617347717,
        0.44822841806411745,
        0.44807753620147706,
        0.4483698874950409,
        0.44811045451164244,
        0.44857162399291994,
        0.44751257004737854,
        0.4471137664794922,
        0.4469834358215332,
        0.4474820291042328,
        0.4471339015483856,
        0.44658847427368165,
        0.4469808289527893,
        0.4478304747104645,
        0.44661786670684817,
        0.4472363388061523,
        0.4474382836341858,
        0.4463943308353424,
        0.4466789134025574,
        0.44696821947097776,
        0.44628509893417356,
        0.445688431596756,
        0.445880538892746,
        0.4456049852848053,
        0.44639371342658996,
        0.4460453909397125,
        0.44717707977294924,
        0.4450875780582428,
        0.4457232115268707,
        0.44629269366264346,
        0.4456309948921204,
        0.4447830659866333,
        0.44513898277282715,
        0.4452940121650696,
        0.4459738258361816,
        0.4453151809215546,
        0.4451524908542633,
        0.44463915095329287,
        0.4452739181041718,
        0.4454478749752045,
        0.4452069845199585,
        0.44487031235694885,
        0.44540515031814576,
        0.4446612877368927,
        0.4452564956188202,
        0.44422504720687866,
        0.44513245611190794,
        0.4445597655773163,
        0.44414720044136047,
        0.4445647243976593,
        0.4448096520423889,
        0.4441376261711121,
        0.44464758648872377,
        0.4452664433479309,
        0.44446364827156065,
        0.44396046133041384,
        0.44463797006607053,
        0.44494522471427916,
        0.4451845866680145,
        0.44480289812088014,
        0.44475601167678835,
        0.44508693189620974,
        0.4444984214782715,
        0.4446382959365845,
        0.4435788739681244,
        0.4441132195949554,
        0.44408544716835024,
        0.4440927494049072,
        0.44478326935768125,
        0.44347879900932313,
        0.4445665410041809,
        0.444538278055191,
        0.4443402526855469,
        0.443859783744812,
        0.4444701710700989,
        0.44317842350006104,
        0.4441386037826538,
        0.44434246587753295,
        0.4441228689193726,
        0.4439890714645386,
        0.44345584869384763,
        0.4440888720035553,
        0.44437684383392334,
        0.4444434497833252,
        0.44364846262931823,
        0.44377987933158874,
        0.4439324036121368,
        0.4435132308483124,
        0.44366582651138303,
        0.4440250144004822,
        0.4439336941242218,
        0.4438795833110809,
        0.4444665445804596,
        0.4441820792675018,
        0.4441250814437866,
        0.4441835327625275,
        0.44343954882621767,
        0.44295930886268614,
        0.4444188299179077,
        0.44385740990638733,
        0.4441006073951721,
        0.44395387105941775,
        0.4443490016937256,
        0.4438376140117645,
        0.44336150403022767,
        0.44374863047599794,
        0.4433093894958496,
        0.4437321909427643,
        0.44422594323158265,
        0.4444411274433136,
        0.44364176335334776,
        0.44337582030296324,
        0.44333966326713564,
        0.44380823669433594,
        0.44375724902153013,
        0.4437889609336853,
        0.4442533302307129,
        0.44367471141815185,
        0.44329182448387144,
        0.44433525433540344,
        0.44335980920791623,
        0.44343312878608704
    ],