{
    "trial_idx": 6,
    "trial_name": "deep_cfg_06",
    "config": {
        "name": "deep_cfg_06",
        "base_channels": 48,
        "dropout": 0.08,
        "lr": 0.0017,
        "weight_decay": 0.0001,
        "input_noise_std": 0.01,
        "receiver_drop_prob": 0.1,
        "grad_clip": 2.0,
        "scheduler_name": "plateau",
        "batch_size": 8,
        "optimizer_name": "adamw",
        "normalize_batches": false
    },
    "checkpoint_path": "C:\\Users\\battl\\Documents\\School 2026\\Jareds_Repo\\DL-AIR\\search_runs\\iqcnn_deep\\run_20260329_194847\\deep_cfg_06\\best.pt",
    "train_history": [
        0.4606280554294586,
        0.4568152518749237,
        0.45529105801582337,
        0.45587699122428893,
        0.45413895411491395,
        0.4555801884174347,
        0.4546709210395813,
        0.45419885087013245,
        0.45569515533447263,
        0.454589980506897,
        0.4538782321453094,
        0.4538810244560242,
        0.4530766194820404,
        0.45360739669799804,
        0.4533241692066193,
        0.45259178194999694,
        0.4523907859802246,
        0.45240739994049073,
        0.4507477730751038,
        0.4505899918556213,
        0.45088268694877626,
        0.4508637058734894,
        0.4508880494117737,
        0.45009092469215395,
        0.449480606174469,
        0.44979145941734316,
        0.4500355398178101,
        0.45020957903862,
        0.4499722575187683,
        0.4496875717163086,
        0.44879535675048826,
        0.44910038695335386,
        0.4485950330734253,
        0.447556116104126,
        0.44858706974983215,
        0.4477709827899933,
        0.4481137526512146,
        0.44726391005516053,
        0.44691167769432066,
        0.4471240656375885,
        0.4476680567741394,
        0.4472542441368103,
        0.44694284782409666,
        0.44758764777183535,
        0.4468987410545349,
        0.44664635167121886,
        0.4460699999332428,
        0.44686550750732423,
        0.4465869562149048,
        0.44635827884674073,
        0.4458200366973877,
        0.4458824070930481,
        0.4465122477531433,
        0.44674397406578065,
        0.4455676547527313,
        0.4448290229797363,
        0.4455805634021759,
        0.44579411935806273,
        0.44517423377037046,
        0.4453632145881653,
        0.4451684257507324,
        0.44514864315986635,
        0.44465459518432615
    ],
    "val_history": [
        0.45664646322765046,
        0.45275263180808417,
        0.4559815251638019,
        0.4555712706512875,
        0.45545333198138643,
        0.45607459970882963,
        0.4534931518728771,
        0.4546809314735352,
        0.4534104395480383,
        0.45572977879690746,
        0.4559941518874395,
        0.4554282265996176,
        0.45590466166299487,
        0.45518768969036283,
        0.45437985611340354,
        0.4540437649166773,
        0.4548228241148449,
        0.4548594521151649,
        0.4541781691331712,
        0.45280824625302873,
        0.45007252125512986,
        0.4518277881637452,
        0.4500191065054091,
        0.4538740298104665,
        0.4518071398848579,
        0.45171396457959734,
        0.451947799277684,
        0.4531623153459458,
        0.4526517987251282,
        0.4518713889613984,
        0.45255620895870147,
        0.45240778582436697,
        0.45297887306364754,
        0.45346621483091326,
        0.45170058948653086,
        0.4520850545830197,
        0.45202112529012894,
        0.4517682171057141,
        0.4522287065074557,
        0.45204361327110776,
        0.45150506117987255,
        0.452288498008062,
        0.45234432721894885,
        0.45235275607260444,
        0.4522843938025217,
        0.45398773607753573,
        0.4525272609695556,
        0.451828071995387,
        0.4518920291983892,
        0.4522392347691551,
        0.451854328787516,
        0.45215439796447754,
        0.45201499689193,
        0.45125194390614826,
        0.45171766527115353,
        0.45212253786268686,
        0.4521094924873776,
        0.4518730966817765,
        0.45157981391937013,
        0.45208184018967645,
        0.45247959144531735,
        0.4524285485820165,
        0.45280797424770536
    ],
    "best_val_pit_mse": 0.4500191065054091,
    "best_epoch": 23,
    "stopped_after_epoch": 63,
    "stop_reason": "early_stopping",
    "epoch_times_sec": [
        10.434898500097916,
        10.671757000032812,
        10.457749800058082,
        10.440319699933752,
        10.524102500174195,
        10.552578500006348,
        10.471946399891749,
        10.556397200096399,
        10.484102700138465,
        10.64331870013848,
        10.44546280009672,
        10.790659499820322,
        10.479065600084141,
        10.564264100044966,
        10.416887200204656,
        10.492053099907935,
        10.531738499877974,
        10.509256599936634,
        10.474000399932265,
        10.434269400080666,
        10.415846900083125,
        10.439262999920174,
        10.422576799988747,
        10.481943399878219,
        10.445847500115633,
        10.56936480011791,
        10.603046899894252,
        10.40210559987463,
        10.53639980009757,
        10.43870890000835,
        10.488624299876392,
        10.439182499889284,
        10.394905399996787,
        10.426976599963382,
        10.554762199986726,
        10.436566500226036,
        10.467962100170553,
        10.40612419997342,
        10.526178299915045,
        10.441984999924898,
        10.38837040006183,
        10.368511900072917,
        10.414760400075465,
        10.381144900107756,
        10.423637399915606,
        10.45413550012745,
        10.534270900068805,
        10.463285299949348,
        10.572073399787769,
        10.354710000101477,
        10.405345299979672,
        10.394274699967355,
        10.445129999890924,
        10.534850399941206,
        10.395273400004953,
        10.381023100111634,
        10.43669610004872,
        10.55448709987104,
        10.463145999936387,
        10.553090599831194,
        10.446367500117049,
        10.45936069986783,
        10.458870999980718
    ],
    "avg_epoch_time_sec": 10.476127220639249,
    "optimizer_name": "adamw",
    "scheduler_name": "plateau",
    "normalize_batches": false,
    "input_noise_std": 0.01,
    "receiver_drop_prob": 0.1,
    "grad_clip": 2.0,
    "weight_decay": 0.0001,
    "learning_rate": 0.0017,
    "used_amp": true,
    "best_val_pit_sdr_db": 0.4807964274807582,
    "selected_val_metrics": {
        "val_pit_mse": 0.4500191065054091,
        "val_pit_sdr_db": 0.4807964274807582
    },
    "test_metrics": {
        "val_pit_mse": 0.45192863922270515,
        "val_pit_sdr_db": 0.4614814633414859
    }
}