{
  "best_epoch": 19,
  "best_val_mse": 0.00015056573038381185,
  "stop_epoch": 20,
  "stop_reason": "fixed_budget",
  "epochs_full": [
    0,
    1,
    2,
    3,
    4,
    5,
    6,
    7,
    8,
    9,
    10,
    11,
    12,
    13,
    14,
    15,
    16,
    17,
    18,
    19,
    20
  ],
  "train_history_full": [
    0.599896723651886,
    0.231861195063591,
    0.0917605187214911,
    0.011380907871201634,
    0.0055336440958082675,
    0.004871035943180323,
    0.0008435250461101532,
    0.0052727167748380455,
    0.0004995578780770302,
    0.0038778273330070077,
    0.001001538368151523,
    0.0014040217980043962,
    0.001744115117378533,
    0.002342392082582228,
    0.0002511276670265943,
    0.0002348111932282336,
    0.0022775173333240673,
    0.0013422324158018455,
    0.00022332325876923278,
    0.0002207081392640248,
    0.00018981924291001633
  ],
  "val_history_full": [
    0.5997334557866293,
    0.13489516292299544,
    0.03574343912658237,
    0.0016265371352404592,
    0.001236627815246937,
    0.0007194430532214778,
    0.0006256250014144277,
    0.0008805804786139301,
    0.00040890697190271955,
    0.00030089693332445764,
    0.0003135425901587402,
    0.005551045272676717,
    0.00016354013253779462,
    0.00018206880278220133,
    0.00024393342305085666,
    0.0001766264987444239,
    0.00025220486725355306,
    0.0011089975152918626,
    0.00016404188280585148,
    0.00015056573038381185,
    0.00017591593380544393
  ],
  "sampled_epochs": [
    0,
    1,
    2,
    3,
    4,
    5,
    6,
    7,
    8,
    9,
    10,
    20
  ],
  "sampled_train_history": [
    0.599896723651886,
    0.231861195063591,
    0.0917605187214911,
    0.011380907871201634,
    0.0055336440958082675,
    0.004871035943180323,
    0.0008435250461101532,
    0.0052727167748380455,
    0.0004995578780770302,
    0.0038778273330070077,
    0.001001538368151523,
    0.00018981924291001633
  ],
  "sampled_val_history": [
    0.5997334557866293,
    0.13489516292299544,
    0.03574343912658237,
    0.0016265371352404592,
    0.001236627815246937,
    0.0007194430532214778,
    0.0006256250014144277,
    0.0008805804786139301,
    0.00040890697190271955,
    0.00030089693332445764,
    0.0003135425901587402,
    0.00017591593380544393
  ],
  "final_mse": 0.00015056573038381185,
  "final_sdr_db": 35.21428038581969,
  "final_symbol_accuracy": 1.0
}