{
  "best_epoch": 12,
  "best_val_mse": 0.00048728766463076073,
  "stop_epoch": 20,
  "stop_reason": "fixed_budget",
  "epochs_full": [
    0,
    1,
    2,
    3,
    4,
    5,
    6,
    7,
    8,
    9,
    10,
    11,
    12,
    13,
    14,
    15,
    16,
    17,
    18,
    19,
    20
  ],
  "train_history_full": [
    0.6619765782356262,
    0.25428645961284635,
    0.25013685011863707,
    0.19439672285318374,
    0.028347203767299652,
    0.008286716832965613,
    0.005234029119461775,
    0.0031535642340779304,
    0.033777313141897324,
    0.0022556392116472126,
    0.0013284404250793159,
    0.00086282475637272,
    0.0005827416154090315,
    0.06144932361845858,
    0.14098438423871995,
    0.04684583872705698,
    0.009050247430801392,
    0.006218302900344134,
    0.0042936085421591995,
    0.0027781555211171508,
    0.01819488746598363
  ],
  "val_history_full": [
    0.6621220130769033,
    0.25026562715333606,
    0.2501684999655163,
    0.07953529473808077,
    0.010236443404758733,
    0.006807028441615994,
    0.005443314223417214,
    0.0025379882112795873,
    0.0034422377153994544,
    0.0016155376095354321,
    0.0010469627025211968,
    0.0006568963927704663,
    0.00048728766463076073,
    0.2049748313332361,
    0.12224683153723913,
    0.01132890556953729,
    0.006987227770012049,
    0.005065382546966984,
    0.0034807141729822706,
    0.0020106477840315727,
    0.0025085248200902863
  ],
  "sampled_epochs": [
    0,
    1,
    2,
    3,
    4,
    5,
    6,
    7,
    8,
    9,
    10,
    20
  ],
  "sampled_train_history": [
    0.6619765782356262,
    0.25428645961284635,
    0.25013685011863707,
    0.19439672285318374,
    0.028347203767299652,
    0.008286716832965613,
    0.005234029119461775,
    0.0031535642340779304,
    0.033777313141897324,
    0.0022556392116472126,
    0.0013284404250793159,
    0.01819488746598363
  ],
  "sampled_val_history": [
    0.6621220130769033,
    0.25026562715333606,
    0.2501684999655163,
    0.07953529473808077,
    0.010236443404758733,
    0.006807028441615994,
    0.005443314223417214,
    0.0025379882112795873,
    0.0034422377153994544,
    0.0016155376095354321,
    0.0010469627025211968,
    0.0025085248200902863
  ],
  "final_mse": 0.00048728766463076073,
  "final_sdr_db": 30.211930956159318,
  "final_symbol_accuracy": 0.9999762499999997
}