{
  "best_epoch": 20,
  "best_val_mse": 5.1134225248547626e-05,
  "stop_epoch": 20,
  "stop_reason": "fixed_budget",
  "epochs_full": [
    0,
    1,
    2,
    3,
    4,
    5,
    6,
    7,
    8,
    9,
    10,
    11,
    12,
    13,
    14,
    15,
    16,
    17,
    18,
    19,
    20
  ],
  "train_history_full": [
    0.5039403067588806,
    0.2532901510953903,
    0.15521610670685768,
    0.006154224161431194,
    0.031317297081649306,
    0.003145416548848152,
    0.0015153483606874943,
    0.009390883087925612,
    0.0008225052393041551,
    0.0005462227975949645,
    0.02794732177495025,
    0.0009371116888709367,
    0.009333145898533984,
    0.0006218237263616174,
    0.0017500619934406132,
    0.00030481301066465674,
    0.004593870789464563,
    0.00023182202088646591,
    0.00018117807994131,
    0.002884455611789599,
    0.00017556268824264407
  ],
  "val_history_full": [
    0.5039678452506898,
    0.25005993247032166,
    0.009294571768906381,
    0.0010765267689416688,
    0.0027457027851293483,
    0.0009337443357614416,
    0.0005462523900888978,
    0.000602371317134904,
    0.00028962456475248533,
    0.0002077843156358641,
    0.0006942895383367108,
    0.00028700228283433095,
    0.00045647764705964144,
    0.00018496207393048006,
    0.0001542320798820121,
    0.00011317767001899137,
    0.0001201823842064995,
    7.804254248243062e-05,
    6.214410533420816e-05,
    7.756014787850695e-05,
    5.1134225248547626e-05
  ],
  "sampled_epochs": [
    0,
    1,
    2,
    3,
    4,
    5,
    6,
    7,
    8,
    9,
    10,
    20
  ],
  "sampled_train_history": [
    0.5039403067588806,
    0.2532901510953903,
    0.15521610670685768,
    0.006154224161431194,
    0.031317297081649306,
    0.003145416548848152,
    0.0015153483606874943,
    0.009390883087925612,
    0.0008225052393041551,
    0.0005462227975949645,
    0.02794732177495025,
    0.00017556268824264407
  ],
  "sampled_val_history": [
    0.5039678452506898,
    0.25005993247032166,
    0.009294571768906381,
    0.0010765267689416688,
    0.0027457027851293483,
    0.0009337443357614416,
    0.0005462523900888978,
    0.000602371317134904,
    0.00028962456475248533,
    0.0002077843156358641,
    0.0006942895383367108,
    5.1134225248547626e-05
  ],
  "final_mse": 5.1134225248547626e-05,
  "final_sdr_db": 39.97537388877263,
  "final_symbol_accuracy": 1.0
}