{
  "best_epoch": 20,
  "best_val_mse": 0.00011060745231271352,
  "stop_epoch": 20,
  "stop_reason": "fixed_budget",
  "epochs_full": [
    0,
    1,
    2,
    3,
    4,
    5,
    6,
    7,
    8,
    9,
    10,
    11,
    12,
    13,
    14,
    15,
    16,
    17,
    18,
    19,
    20
  ],
  "train_history_full": [
    0.6120914685249329,
    0.12674120206236839,
    0.004014586037956178,
    0.002848146227095276,
    0.0046980812439695,
    0.001399011827306822,
    0.001904523422755301,
    0.0009540900484658778,
    0.0004012852733489126,
    0.00428331522908993,
    0.00046413145500700923,
    0.0002917888364987448,
    0.003381060673040338,
    0.0002666980875423178,
    0.0002379683583509177,
    0.00022560273620765656,
    0.00025489717617165297,
    0.003100212294398807,
    0.0004690897304099053,
    0.00020986531201051548,
    0.0001993369080941193
  ],
  "val_history_full": [
    0.612376090080019,
    0.006171542596781538,
    0.010657906872294252,
    0.001110139308452961,
    0.0014622657604160764,
    0.000375282855996389,
    0.10979305751739986,
    0.00027840259385162165,
    0.0010897374503122316,
    0.00026060416620032537,
    0.00020483789049894623,
    0.00019005941858123396,
    0.00038391441829310405,
    0.0001660701206659839,
    0.00015221197815937183,
    0.00011730731022821384,
    0.00018707983286326958,
    0.00021892761426334757,
    0.00018013538566366251,
    0.00015566011060154922,
    0.00011060745231271352
  ],
  "sampled_epochs": [
    0,
    1,
    2,
    3,
    4,
    5,
    6,
    7,
    8,
    9,
    10,
    20
  ],
  "sampled_train_history": [
    0.6120914685249329,
    0.12674120206236839,
    0.004014586037956178,
    0.002848146227095276,
    0.0046980812439695,
    0.001399011827306822,
    0.001904523422755301,
    0.0009540900484658778,
    0.0004012852733489126,
    0.00428331522908993,
    0.00046413145500700923,
    0.0001993369080941193
  ],
  "sampled_val_history": [
    0.612376090080019,
    0.006171542596781538,
    0.010657906872294252,
    0.001110139308452961,
    0.0014622657604160764,
    0.000375282855996389,
    0.10979305751739986,
    0.00027840259385162165,
    0.0010897374503122316,
    0.00026060416620032537,
    0.00020483789049894623,
    0.00011060745231271352
  ],
  "final_mse": 0.00011060745231271352,
  "final_sdr_db": 36.554540422227646,
  "final_symbol_accuracy": 1.0
}