{
  "best_epoch": 20,
  "best_val_mse": 0.0001395155134285608,
  "stop_epoch": 20,
  "stop_reason": "fixed_budget",
  "epochs_full": [
    0,
    1,
    2,
    3,
    4,
    5,
    6,
    7,
    8,
    9,
    10,
    11,
    12,
    13,
    14,
    15,
    16,
    17,
    18,
    19,
    20
  ],
  "train_history_full": [
    0.5917167336463928,
    0.17541405215263367,
    0.015914023888111115,
    0.007119817634671927,
    0.003170583199709654,
    0.001808566359616816,
    0.0013264616789296268,
    0.0009786535046063364,
    0.0007454056093469262,
    0.000596410661470145,
    0.0004591828324832022,
    0.00038873065228108315,
    0.00030384539787191897,
    0.025110681681707502,
    0.0017073730014264584,
    0.0008731373043730855,
    0.0004842901099473238,
    0.00031718428547028454,
    0.0002528183921705931,
    0.00020639422265812755,
    0.00017514451474417002
  ],
  "val_history_full": [
    0.5918915196070595,
    0.04873916831991029,
    0.009709480159457714,
    0.0066241186688698475,
    0.002263360516360355,
    0.0011963600233670265,
    0.001014230385725756,
    0.0013563159524300505,
    0.0005646509456536954,
    0.00041898323494630557,
    0.0003593669527964223,
    0.0003673751429203779,
    0.00028039833358932463,
    0.0028697245547340978,
    0.0010868950418034006,
    0.0007290980872875523,
    0.0006332845622969289,
    0.0002639209519007376,
    0.00018821927692948116,
    0.0001688388736164641,
    0.0001395155134285608
  ],
  "sampled_epochs": [
    0,
    1,
    2,
    3,
    4,
    5,
    6,
    7,
    8,
    9,
    10,
    20
  ],
  "sampled_train_history": [
    0.5917167336463928,
    0.17541405215263367,
    0.015914023888111115,
    0.007119817634671927,
    0.003170583199709654,
    0.001808566359616816,
    0.0013264616789296268,
    0.0009786535046063364,
    0.0007454056093469262,
    0.000596410661470145,
    0.0004591828324832022,
    0.00017514451474417002
  ],
  "sampled_val_history": [
    0.5918915196070595,
    0.04873916831991029,
    0.009709480159457714,
    0.0066241186688698475,
    0.002263360516360355,
    0.0011963600233670265,
    0.001014230385725756,
    0.0013563159524300505,
    0.0005646509456536954,
    0.00041898323494630557,
    0.0003593669527964223,
    0.0001395155134285608
  ],
  "final_mse": 0.0001395155134285608,
  "final_sdr_db": 35.585914490714906,
  "final_symbol_accuracy": 1.0
}