{
  "best_epoch": 20,
  "best_val_mse": 4.3552957481190944e-05,
  "stop_epoch": 20,
  "stop_reason": "fixed_budget",
  "epochs_full": [
    0,
    1,
    2,
    3,
    4,
    5,
    6,
    7,
    8,
    9,
    10,
    11,
    12,
    13,
    14,
    15,
    16,
    17,
    18,
    19,
    20
  ],
  "train_history_full": [
    0.5052856428146363,
    0.11754727644845843,
    0.0028638882383704187,
    0.0011073867979459464,
    0.05182422246197239,
    0.002502790711261332,
    0.0010774644015356899,
    0.0006883262961171568,
    0.02716193929105066,
    0.004173437747918069,
    0.0007835795694962144,
    0.00048672093469649555,
    0.0011707412200514227,
    0.0019564421254675834,
    0.00024939520405605435,
    0.0001979642828227952,
    0.0001680063511710614,
    0.00015783510578330607,
    0.0019426472630584613,
    0.00015110123989870773,
    0.00011794807788683102
  ],
  "val_history_full": [
    0.505306379189567,
    0.0029628996160768325,
    0.000743387570966863,
    0.0003618620537472741,
    0.0023584893631142757,
    0.0007098783057049981,
    0.000405219774822601,
    0.00026176531710440205,
    0.03593659465984693,
    0.0005637736240815786,
    0.0002974300346862052,
    0.00017388971404187263,
    0.040051473393326716,
    0.0001297947813919376,
    9.102441450407256e-05,
    7.450730204471343e-05,
    6.329918144887964e-05,
    6.146399651437864e-05,
    8.078890869722864e-05,
    5.3699574703978934e-05,
    4.3552957481190944e-05
  ],
  "sampled_epochs": [
    0,
    1,
    2,
    3,
    4,
    5,
    6,
    7,
    8,
    9,
    10,
    20
  ],
  "sampled_train_history": [
    0.5052856428146363,
    0.11754727644845843,
    0.0028638882383704187,
    0.0011073867979459464,
    0.05182422246197239,
    0.002502790711261332,
    0.0010774644015356899,
    0.0006883262961171568,
    0.02716193929105066,
    0.004173437747918069,
    0.0007835795694962144,
    0.00011794807788683102
  ],
  "sampled_val_history": [
    0.505306379189567,
    0.0029628996160768325,
    0.000743387570966863,
    0.0003618620537472741,
    0.0023584893631142757,
    0.0007098783057049981,
    0.000405219774822601,
    0.00026176531710440205,
    0.03593659465984693,
    0.0005637736240815786,
    0.0002974300346862052,
    4.3552957481190944e-05
  ],
  "final_mse": 4.3552957481190944e-05,
  "final_sdr_db": 40.610169001988005,
  "final_symbol_accuracy": 1.0
}