{
  "best_epoch": 20,
  "best_val_mse": 0.08961710866008486,
  "stop_epoch": 20,
  "stop_reason": "fixed_budget",
  "epochs_full": [
    0,
    1,
    2,
    3,
    4,
    5,
    6,
    7,
    8,
    9,
    10,
    11,
    12,
    13,
    14,
    15,
    16,
    17,
    18,
    19,
    20
  ],
  "train_history_full": [
    0.6407539129257203,
    0.25371940953731537,
    0.2503087113857269,
    0.25009567329883575,
    0.2500203366279602,
    0.2499883597612381,
    0.2499582099199295,
    0.2499404316663742,
    0.24992899584770203,
    0.24991200716495515,
    0.24987142045497895,
    0.24991374816894532,
    0.24986886019706725,
    0.2498758582830429,
    0.24984259672164916,
    0.2197557600736618,
    0.1316737098813057,
    0.1271170793890953,
    0.12660149602890014,
    0.12525945912599565,
    0.1085042325258255
  ],
  "val_history_full": [
    0.640683338755653,
    0.25078652633561027,
    0.250474785055433,
    0.2504640313841048,
    0.2506531458052378,
    0.2508070556417344,
    0.25092917018466526,
    0.2504544889643079,
    0.2504629504586023,
    0.2503679898523149,
    0.2504167268200526,
    0.25049130027256317,
    0.25036302705605823,
    0.2504422714312871,
    0.2503441638416714,
    0.13053074715629456,
    0.13126816683345371,
    0.12596856755396676,
    0.12557637892545215,
    0.1241371182222215,
    0.08961710866008486
  ],
  "sampled_epochs": [
    0,
    1,
    2,
    3,
    4,
    5,
    6,
    7,
    8,
    9,
    10,
    20
  ],
  "sampled_train_history": [
    0.6407539129257203,
    0.25371940953731537,
    0.2503087113857269,
    0.25009567329883575,
    0.2500203366279602,
    0.2499883597612381,
    0.2499582099199295,
    0.2499404316663742,
    0.24992899584770203,
    0.24991200716495515,
    0.24987142045497895,
    0.1085042325258255
  ],
  "sampled_val_history": [
    0.640683338755653,
    0.25078652633561027,
    0.250474785055433,
    0.2504640313841048,
    0.2506531458052378,
    0.2508070556417344,
    0.25092917018466526,
    0.2504544889643079,
    0.2504629504586023,
    0.2503679898523149,
    0.2504167268200526,
    0.08961710866008486
  ],
  "final_mse": 0.08961710866008486,
  "final_sdr_db": 7.483022742801243,
  "final_symbol_accuracy": 0.8713062500000005
}