{
  "best_epoch": 20,
  "best_val_mse": 0.022320363020140028,
  "stop_epoch": 20,
  "stop_reason": "fixed_budget",
  "epochs_full": [
    0,
    1,
    2,
    3,
    4,
    5,
    6,
    7,
    8,
    9,
    10,
    11,
    12,
    13,
    14,
    15,
    16,
    17,
    18,
    19,
    20
  ],
  "train_history_full": [
    0.633487506198883,
    0.25333685762882235,
    0.24994865658283233,
    0.24987791929244996,
    0.24985714468955994,
    0.24982636229991914,
    0.24981003897190093,
    0.24979875190258027,
    0.24979539515972138,
    0.24978345034122468,
    0.24977037570476532,
    0.17956690304279327,
    0.12587693197727204,
    0.12553162719011307,
    0.12535606442689895,
    0.12527490506172181,
    0.144097148168087,
    0.10008326646089553,
    0.06311587839722634,
    0.047343196195364,
    0.027818231534957886
  ],
  "val_history_full": [
    0.6334656013382806,
    0.25051158146252706,
    0.25038508006504606,
    0.2504237291831819,
    0.2503269662459691,
    0.25029723369886003,
    0.25026470375439475,
    0.25027813182936776,
    0.25028575247242335,
    0.25024835150393226,
    0.2502655869438535,
    0.1263228002048674,
    0.12573611547076513,
    0.12550750232878186,
    0.12537612210190485,
    0.12530986030423452,
    0.11863344233660471,
    0.0856576282826681,
    0.05652631399413896,
    0.04588370923958127,
    0.022320363020140028
  ],
  "sampled_epochs": [
    0,
    1,
    2,
    3,
    4,
    5,
    6,
    7,
    8,
    9,
    10,
    20
  ],
  "sampled_train_history": [
    0.633487506198883,
    0.25333685762882235,
    0.24994865658283233,
    0.24987791929244996,
    0.24985714468955994,
    0.24982636229991914,
    0.24981003897190093,
    0.24979875190258027,
    0.24979539515972138,
    0.24978345034122468,
    0.24977037570476532,
    0.027818231534957886
  ],
  "sampled_val_history": [
    0.6334656013382806,
    0.25051158146252706,
    0.25038508006504606,
    0.2504237291831819,
    0.2503269662459691,
    0.25029723369886003,
    0.25026470375439475,
    0.25027813182936776,
    0.25028575247242335,
    0.25024835150393226,
    0.2502655869438535,
    0.022320363020140028
  ],
  "final_mse": 0.022320363020140028,
  "final_sdr_db": 13.517942685929556,
  "final_symbol_accuracy": 0.9993449999999927
}