{
  "best_epoch": 20,
  "best_val_mse": 0.0006050930473036946,
  "stop_epoch": 20,
  "stop_reason": "fixed_budget",
  "epochs_full": [
    0,
    1,
    2,
    3,
    4,
    5,
    6,
    7,
    8,
    9,
    10,
    11,
    12,
    13,
    14,
    15,
    16,
    17,
    18,
    19,
    20
  ],
  "train_history_full": [
    0.49802228951454164,
    0.2529152344226837,
    0.24991090121269227,
    0.2498343696117401,
    0.24979854576587676,
    0.2497798965215683,
    0.24965104832649232,
    0.24964687461853027,
    0.17338061990737916,
    0.04422133420854807,
    0.010805547527968884,
    0.021425585197657346,
    0.0036270417265594004,
    0.010655389749258757,
    0.002005474700964987,
    0.021560477687232196,
    0.001648022967763245,
    0.00592129900995642,
    0.01666774761574343,
    0.023046038037911058,
    0.0013866372331045567
  ],
  "val_history_full": [
    0.49800172353547717,
    0.25023526402692947,
    0.2502251768869067,
    0.25017920112799086,
    0.25016492463293527,
    0.25013158718744916,
    0.250240893591018,
    0.24852339899729167,
    0.061989576570571414,
    0.006659481445297835,
    0.005167492761439275,
    0.0021432131484505675,
    0.0012250573001062824,
    0.000989992994748588,
    0.0007870620087025657,
    0.0013642505084770539,
    0.0006404199035993466,
    0.0006064166483979317,
    0.06800761156611973,
    0.0008916188694817561,
    0.0006050930473036946
  ],
  "sampled_epochs": [
    0,
    1,
    2,
    3,
    4,
    5,
    6,
    7,
    8,
    9,
    10,
    20
  ],
  "sampled_train_history": [
    0.49802228951454164,
    0.2529152344226837,
    0.24991090121269227,
    0.2498343696117401,
    0.24979854576587676,
    0.2497798965215683,
    0.24965104832649232,
    0.24964687461853027,
    0.17338061990737916,
    0.04422133420854807,
    0.010805547527968884,
    0.0013866372331045567
  ],
  "sampled_val_history": [
    0.49800172353547717,
    0.25023526402692947,
    0.2502251768869067,
    0.25017920112799086,
    0.25016492463293527,
    0.25013158718744916,
    0.250240893591018,
    0.24852339899729167,
    0.061989576570571414,
    0.006659481445297835,
    0.005167492761439275,
    0.0006050930473036946
  ],
  "final_mse": 0.0006050930473036946,
  "final_sdr_db": 29.623806574987988,
  "final_symbol_accuracy": 0.9995699999999943
}