{
  "best_epoch": 15,
  "best_val_mse": 0.14495379087470828,
  "stop_epoch": 20,
  "stop_reason": "fixed_budget",
  "epochs_full": [
    0,
    1,
    2,
    3,
    4,
    5,
    6,
    7,
    8,
    9,
    10,
    11,
    12,
    13,
    14,
    15,
    16,
    17,
    18,
    19,
    20
  ],
  "train_history_full": [
    0.5072198561668396,
    0.176578067111969,
    0.14828315868377687,
    0.14672150297164918,
    0.1460353460073471,
    0.1457395976781845,
    0.14546847584247588,
    0.14518386158943175,
    0.14515538289546967,
    0.14496166982650757,
    0.14487828850746154,
    0.1447364529132843,
    0.14463772163391114,
    0.14448893055915832,
    0.14442588338851928,
    0.14435298211574554,
    0.14422100653648376,
    0.1440951095342636,
    0.1440487315416336,
    0.14388833427429198,
    0.14383290462493897
  ],
  "val_history_full": [
    0.5076391346870907,
    0.15184712457278418,
    0.14914144646553767,
    0.14732406702306536,
    0.1462420341041353,
    0.14643175379624443,
    0.14573430234477633,
    0.14538838324092684,
    0.1478233980754065,
    0.1463730637989347,
    0.1456671165568488,
    0.14535061802182878,
    0.1450673235314233,
    0.1451908215170815,
    0.14530724428948902,
    0.14495379087470828,
    0.1449560366925739,
    0.145793587205902,
    0.14564882171532464,
    0.14562056391012101,
    0.14551832775274912
  ],
  "sampled_epochs": [
    0,
    1,
    2,
    3,
    4,
    5,
    6,
    7,
    8,
    9,
    10,
    20
  ],
  "sampled_train_history": [
    0.5072198561668396,
    0.176578067111969,
    0.14828315868377687,
    0.14672150297164918,
    0.1460353460073471,
    0.1457395976781845,
    0.14546847584247588,
    0.14518386158943175,
    0.14515538289546967,
    0.14496166982650757,
    0.14487828850746154,
    0.14383290462493897
  ],
  "sampled_val_history": [
    0.5076391346870907,
    0.15184712457278418,
    0.14914144646553767,
    0.14732406702306536,
    0.1462420341041353,
    0.14643175379624443,
    0.14573430234477633,
    0.14538838324092684,
    0.1478233980754065,
    0.1463730637989347,
    0.1456671165568488,
    0.14551832775274912
  ],
  "final_mse": 0.14495379087470828,
  "final_sdr_db": 5.3915413977607844,
  "final_symbol_accuracy": 0.8014699999999995
}