{
  "best_epoch": 14,
  "best_val_mse": 0.14492967370010557,
  "stop_epoch": 20,
  "stop_reason": "fixed_budget",
  "epochs_full": [
    0,
    1,
    2,
    3,
    4,
    5,
    6,
    7,
    8,
    9,
    10,
    11,
    12,
    13,
    14,
    15,
    16,
    17,
    18,
    19,
    20
  ],
  "train_history_full": [
    0.8183933638572692,
    0.19533405117988586,
    0.15285013196468353,
    0.14966140205860137,
    0.14787376163005828,
    0.14675833115577697,
    0.14595374064445496,
    0.14551017396450042,
    0.1452666476726532,
    0.1449986815214157,
    0.14489242389202117,
    0.14473943574428558,
    0.14459494488239288,
    0.14455435848236084,
    0.1444484419107437,
    0.14426958730220796,
    0.14414793748855592,
    0.14402503402233124,
    0.14383951935768127,
    0.1436538863658905,
    0.14343180508613587
  ],
  "val_history_full": [
    0.8171347777048746,
    0.15580467808814275,
    0.15088368928621684,
    0.14983631410296,
    0.14752036356736745,
    0.14706675400809635,
    0.1461884147591061,
    0.14550986744108654,
    0.14606150913806187,
    0.1453456206927224,
    0.14535907360296402,
    0.1450027653149196,
    0.14496387281115092,
    0.14495246017736102,
    0.14492967370010557,
    0.14541632457384987,
    0.14530377633987912,
    0.14561864426211704,
    0.14575022056935324,
    0.14574021692313846,
    0.14552722209029728
  ],
  "sampled_epochs": [
    0,
    1,
    2,
    3,
    4,
    5,
    6,
    7,
    8,
    9,
    10,
    20
  ],
  "sampled_train_history": [
    0.8183933638572692,
    0.19533405117988586,
    0.15285013196468353,
    0.14966140205860137,
    0.14787376163005828,
    0.14675833115577697,
    0.14595374064445496,
    0.14551017396450042,
    0.1452666476726532,
    0.1449986815214157,
    0.14489242389202117,
    0.14343180508613587
  ],
  "sampled_val_history": [
    0.8171347777048746,
    0.15580467808814275,
    0.15088368928621684,
    0.14983631410296,
    0.14752036356736745,
    0.14706675400809635,
    0.1461884147591061,
    0.14550986744108654,
    0.14606150913806187,
    0.1453456206927224,
    0.14535907360296402,
    0.14552722209029728
  ],
  "final_mse": 0.14492967370010557,
  "final_sdr_db": 5.3921501977103095,
  "final_symbol_accuracy": 0.8016212499999996
}