{
  "best_epoch": 20,
  "best_val_mse": 0.14467739349319822,
  "stop_epoch": 20,
  "stop_reason": "fixed_budget",
  "epochs_full": [
    0,
    1,
    2,
    3,
    4,
    5,
    6,
    7,
    8,
    9,
    10,
    11,
    12,
    13,
    14,
    15,
    16,
    17,
    18,
    19,
    20
  ],
  "train_history_full": [
    0.4996137472629547,
    0.18572510430812836,
    0.14718877465724944,
    0.14592966675758362,
    0.1454688227891922,
    0.14520480821132659,
    0.1449627239227295,
    0.14488337030410767,
    0.14482786893844604,
    0.1447108704805374,
    0.14462068231105804,
    0.14452917177677155,
    0.14451156060695647,
    0.14438480854034424,
    0.14435262150764466,
    0.14428063433170318,
    0.14420268545150758,
    0.14417150280475616,
    0.14413095242977142,
    0.14406812117099763,
    0.14395042357444762
  ],
  "val_history_full": [
    0.4996578840036241,
    0.1471018303954412,
    0.14636438777522434,
    0.14546023876894087,
    0.1452581657776757,
    0.14551464551024967,
    0.14510357308955418,
    0.14477391682920002,
    0.144880586673343,
    0.14558100960557424,
    0.14475166561111572,
    0.1452850836610037,
    0.14493087170616029,
    0.14468158000991457,
    0.145101631444598,
    0.14500265225531564,
    0.14469848644165767,
    0.1447921638923978,
    0.14487490791176993,
    0.14473013106792693,
    0.14467739349319822
  ],
  "sampled_epochs": [
    0,
    1,
    2,
    3,
    4,
    5,
    6,
    7,
    8,
    9,
    10,
    20
  ],
  "sampled_train_history": [
    0.4996137472629547,
    0.18572510430812836,
    0.14718877465724944,
    0.14592966675758362,
    0.1454688227891922,
    0.14520480821132659,
    0.1449627239227295,
    0.14488337030410767,
    0.14482786893844604,
    0.1447108704805374,
    0.14462068231105804,
    0.14395042357444762
  ],
  "sampled_val_history": [
    0.4996578840036241,
    0.1471018303954412,
    0.14636438777522434,
    0.14546023876894087,
    0.1452581657776757,
    0.14551464551024967,
    0.14510357308955418,
    0.14477391682920002,
    0.144880586673343,
    0.14558100960557424,
    0.14475166561111572,
    0.14467739349319822
  ],
  "final_mse": 0.14467739349319822,
  "final_sdr_db": 5.400184093959748,
  "final_symbol_accuracy": 0.8017412500000001
}