{
  "best_epoch": 16,
  "best_val_mse": 0.24998096625010172,
  "stop_epoch": 20,
  "stop_reason": "fixed_budget",
  "epochs_full": [
    0,
    1,
    2,
    3,
    4,
    5,
    6,
    7,
    8,
    9,
    10,
    11,
    12,
    13,
    14,
    15,
    16,
    17,
    18,
    19,
    20
  ],
  "train_history_full": [
    0.5586396572113037,
    0.2535915870666504,
    0.25019844517707823,
    0.250062522983551,
    0.24995502288341523,
    0.24994154183864595,
    0.24988291821479797,
    0.2499052545785904,
    0.24986600680351256,
    0.2498513643026352,
    0.2498246258497238,
    0.2498320823431015,
    0.24983452727794647,
    0.2498103447675705,
    0.24980145874023438,
    0.24978066682815553,
    0.2497471164226532,
    0.2497432653427124,
    0.24972263293266297,
    0.24971277942657472,
    0.24970242309570312
  ],
  "val_history_full": [
    0.5586959029000903,
    0.25058859894199975,
    0.2502936143723745,
    0.2503113406045096,
    0.2501451744446679,
    0.2500941606741103,
    0.2502829217248493,
    0.2500925705073372,
    0.2503670700012691,
    0.2501497391670469,
    0.2500157819853889,
    0.25034775856941466,
    0.25023264568003395,
    0.2501418368210868,
    0.25001052471380386,
    0.2501926715411837,
    0.24998096625010172,
    0.25007906887266373,
    0.2500077407984507,
    0.24999609400355627,
    0.2500388690876582
  ],
  "sampled_epochs": [
    0,
    1,
    2,
    3,
    4,
    5,
    6,
    7,
    8,
    9,
    10,
    20
  ],
  "sampled_train_history": [
    0.5586396572113037,
    0.2535915870666504,
    0.25019844517707823,
    0.250062522983551,
    0.24995502288341523,
    0.24994154183864595,
    0.24988291821479797,
    0.2499052545785904,
    0.24986600680351256,
    0.2498513643026352,
    0.2498246258497238,
    0.24970242309570312
  ],
  "sampled_val_history": [
    0.5586959029000903,
    0.25058859894199975,
    0.2502936143723745,
    0.2503113406045096,
    0.2501451744446679,
    0.2500941606741103,
    0.2502829217248493,
    0.2500925705073372,
    0.2503670700012691,
    0.2501497391670469,
    0.2500157819853889,
    0.2500388690876582
  ],
  "final_mse": 0.24998096625010172,
  "final_sdr_db": 3.0133572533017112,
  "final_symbol_accuracy": 0.5707362499999993
}