{
  "best_epoch": 15,
  "best_val_mse": 0.24992189473576015,
  "stop_epoch": 20,
  "stop_reason": "fixed_budget",
  "epochs_full": [
    0,
    1,
    2,
    3,
    4,
    5,
    6,
    7,
    8,
    9,
    10,
    11,
    12,
    13,
    14,
    15,
    16,
    17,
    18,
    19,
    20
  ],
  "train_history_full": [
    0.6924550421714782,
    0.2539162620782852,
    0.249885107755661,
    0.24983840765953064,
    0.24979687910079956,
    0.24977955725193024,
    0.24976862115859985,
    0.24975428860187532,
    0.24973617460727693,
    0.24973862659931184,
    0.24972914080619812,
    0.24972059361934662,
    0.24971545305252074,
    0.24970341398715973,
    0.24970362322330475,
    0.24968220484256745,
    0.24967152032852172,
    0.24966327934265137,
    0.249644433093071,
    0.24962962069511413,
    0.24959976625442504
  ],
  "val_history_full": [
    0.6925886718053667,
    0.25023079769951956,
    0.25015000431310563,
    0.25024086024080006,
    0.250050151868472,
    0.25001315654270234,
    0.25005736615922713,
    0.2500277965787857,
    0.2499730603562461,
    0.24997747677659232,
    0.24996230597533878,
    0.24995547201898363,
    0.24995443366822742,
    0.2499779306706928,
    0.24995132523869712,
    0.24992189473576015,
    0.2499626586361537,
    0.24994555872584145,
    0.2499236734140487,
    0.2499531592641558,
    0.24996122102888804
  ],
  "sampled_epochs": [
    0,
    1,
    2,
    3,
    4,
    5,
    6,
    7,
    8,
    9,
    10,
    20
  ],
  "sampled_train_history": [
    0.6924550421714782,
    0.2539162620782852,
    0.249885107755661,
    0.24983840765953064,
    0.24979687910079956,
    0.24977955725193024,
    0.24976862115859985,
    0.24975428860187532,
    0.24973617460727693,
    0.24973862659931184,
    0.24972914080619812,
    0.24959976625442504
  ],
  "sampled_val_history": [
    0.6925886718053667,
    0.25023079769951956,
    0.25015000431310563,
    0.25024086024080006,
    0.250050151868472,
    0.25001315654270234,
    0.25005736615922713,
    0.2500277965787857,
    0.2499730603562461,
    0.24997747677659232,
    0.24996230597533878,
    0.24996122102888804
  ],
  "final_mse": 0.24992189473576015,
  "final_sdr_db": 3.0143773215157643,
  "final_symbol_accuracy": 0.5723137499999991
}