{
  "best_epoch": 16,
  "best_val_mse": 0.24987664487626818,
  "stop_epoch": 20,
  "stop_reason": "fixed_budget",
  "epochs_full": [
    0,
    1,
    2,
    3,
    4,
    5,
    6,
    7,
    8,
    9,
    10,
    11,
    12,
    13,
    14,
    15,
    16,
    17,
    18,
    19,
    20
  ],
  "train_history_full": [
    0.5053220399856567,
    0.2531435070037842,
    0.24989016919136048,
    0.24979186313152313,
    0.24977251930236816,
    0.24973633556365968,
    0.24973242485523223,
    0.24971269659996032,
    0.24970299389362335,
    0.24969050822257996,
    0.24968229327201844,
    0.2496764552593231,
    0.24966116740703584,
    0.24967102315425874,
    0.24966702399253846,
    0.24965608139038087,
    0.24965160760879518,
    0.24964801466464998,
    0.24964404487609862,
    0.24964130260944367,
    0.24964001507759095
  ],
  "val_history_full": [
    0.505242281489902,
    0.25002054113244254,
    0.24992033626352037,
    0.2499017651591982,
    0.24991634535411048,
    0.2500124599725481,
    0.24994369584416587,
    0.2498971183621694,
    0.24989938901530373,
    0.24989081209614164,
    0.24988777273231083,
    0.2498862419336561,
    0.24991238069912744,
    0.2500283583289101,
    0.24990277725552756,
    0.24989922486600422,
    0.24987664487626818,
    0.24990396958494943,
    0.2498971183621694,
    0.24990728213673546,
    0.24990651626435537
  ],
  "sampled_epochs": [
    0,
    1,
    2,
    3,
    4,
    5,
    6,
    7,
    8,
    9,
    10,
    20
  ],
  "sampled_train_history": [
    0.5053220399856567,
    0.2531435070037842,
    0.24989016919136048,
    0.24979186313152313,
    0.24977251930236816,
    0.24973633556365968,
    0.24973242485523223,
    0.24971269659996032,
    0.24970299389362335,
    0.24969050822257996,
    0.24968229327201844,
    0.24964001507759095
  ],
  "sampled_val_history": [
    0.505242281489902,
    0.25002054113244254,
    0.24992033626352037,
    0.2499017651591982,
    0.24991634535411048,
    0.2500124599725481,
    0.24994369584416587,
    0.2498971183621694,
    0.24989938901530373,
    0.24989081209614164,
    0.24988777273231083,
    0.24990651626435537
  ],
  "final_mse": 0.24987664487626818,
  "final_sdr_db": 3.0151704001048256,
  "final_symbol_accuracy": 0.5762012500000007
}