{
    "config": {
        "base_channels": 48,
        "dropout": 0.08,
        "lr": 0.0016886827584225638,
        "weight_decay": 0.00013153477417331963,
        "input_noise_std": 0.005,
        "receiver_drop_prob": 0.1,
        "grad_clip": 2.0,
        "scheduler_name": "plateau",
        "batch_size": 8,
        "optimizer_name": "adamw",
        "normalize_batches": false
    },
    "checkpoint_path": "C:\\Users\\battl\\Documents\\School 2026\\Jareds_Repo\\DL-AIR\\search_runs\\iqcnn_cv\\run_20260328_215540\\final_model\\best_iqcnn_final.pt",
    "train_history": [
        0.4591170100191298,
        0.4562280895444226,
        0.45564757925435684,
        0.45544617015248545,
        0.45515743360188166,
        0.4551259454502235,
        0.4540441313063386,
        0.4540751952924713,
        0.4546412319089369,
        0.45525090389182377,
        0.4538759553567273,
        0.45429313813542316,
        0.45357211976521233,
        0.45305861992481644,
        0.4534823922425364,
        0.4525877872846046,
        0.4528601434388723,
        0.4527930223017401,
        0.451808214235768,
        0.4516540334374916,
        0.4516106669178687,
        0.45114052931210913,
        0.4510051769855912,
        0.4512526012583965,
        0.4510859234171268,
        0.4511935512064347,
        0.45110981101365777,
        0.45105277654234927,
        0.450216054242339,
        0.4508139567151786,
        0.4502950417109568,
        0.45067383452455523,
        0.4504489184196238,
        0.4499841265994243,
        0.4498275980136699,
        0.44941588148161743,
        0.44918919529206147,
        0.4493688674273514,
        0.4494202578972923,
        0.4485958079914284,
        0.4478638796602197,
        0.44791548307954976,
        0.44742008990733034,
        0.4482683137853619,
        0.4470149234346504,
        0.4471621277451708,
        0.44718638746149125
    ],
    "val_history": [
        0.45717307406923047,
        0.45850010669749713,
        0.4553797059301017,
        0.45466598306877026,
        0.45850033388621564,
        0.4577282321625862,
        0.45611616148464923,
        0.45826319853464764,
        0.4570317769396132,
        0.45581289737120917,
        0.4573613914890566,
        0.457046530816866,
        0.455529583968978,
        0.45667448251143744,
        0.4572163781394129,
        0.45550748317138007,
        0.4563957470050756,
        0.456581336432609,
        0.45564754890358966,
        0.454586914052134,
        0.45464436429134314,
        0.45395084826842597,
        0.4537908637869185,
        0.45419905323913135,
        0.4544633899046027,
        0.45386892254801764,
        0.4540515917798747,
        0.4540888321572456,
        0.4542805548163428,
        0.45216153929199,
        0.45152423692786176,
        0.45255223175753717,
        0.45250860634057416,
        0.4524876013182212,
        0.45457094259884046,
        0.4532341240108877,
        0.45394525234250055,
        0.4536643835945406,
        0.4535246206366498,
        0.4540670021720555,
        0.4539004745690719,
        0.4530207333357438,
        0.4530429019444231,
        0.4536152412925941,
        0.45260058840115863,
        0.45290194775747217,
        0.4526488413845283
    ],
    "holdout_metrics": {
        "val_pit_mse": 0.45152423692786176,
        "val_pit_sdr_db": 0.4641723740791929
    },
    "test_metrics": {
        "val_pit_mse": 0.45073275622867404,
        "val_pit_sdr_db": 0.4757317765837624
    },
    "best_val_pit_mse": 0.45152423692786176,
    "best_epoch": 31,
    "stopped_after_epoch": 47,
    "stop_reason": "early_stopping",
    "epoch_times_sec": [
        10.773435299983248,
        6.6329512998927385,
        6.626577600138262,
        6.569347699871287,
        6.623785499949008,
        6.56355269998312,
        6.579564800020307,
        6.618176799966022,
        6.611859800061211,
        6.620744599960744,
        6.712037299992517,
        6.576151199871674,
        6.661889800103381,
        6.604067400097847,
        6.534042899962515,
        6.632415199885145,
        6.516696299891919,
        6.636220799991861,
        6.65516069997102,
        6.657300200080499,
        6.679794600000605,
        6.649617499904707,
        6.635319600114599,
        6.622456399956718,
        6.667623799992725,
        6.530811500037089,
        6.607380600180477,
        6.559699099976569,
        6.645720400149003,
        6.632064800010994,
        6.652258099988103,
        6.619168299948797,
        6.622521599987522,
        6.642560600070283,
        6.5932120999787,
        6.565677699865773,
        6.552752499934286,
        6.622260300209746,
        6.546896700048819,
        6.606655800016597,
        6.641114900121465,
        6.612043400062248,
        6.649334999965504,
        6.614573600003496,
        6.57307120016776,
        6.595707600004971,
        6.564286000095308
    ],
    "avg_epoch_time_sec": 6.700224714903557,
    "optimizer_name": "adamw",
    "scheduler_name": "plateau",
    "normalize_batches": false,
    "input_noise_std": 0.005,
    "receiver_drop_prob": 0.1,
    "grad_clip": 2.0,
    "weight_decay": 0.00013153477417331963,
    "learning_rate": 0.0016886827584225638,
    "used_amp": true
}