{
  "best_epoch": 15,
  "best_val_mse": 0.0001428612276434987,
  "stop_epoch": 20,
  "stop_reason": "fixed_budget",
  "epochs_full": [
    0,
    1,
    2,
    3,
    4,
    5,
    6,
    7,
    8,
    9,
    10,
    11,
    12,
    13,
    14,
    15,
    16,
    17,
    18,
    19,
    20
  ],
  "train_history_full": [
    0.5470222206115722,
    0.19820113753080368,
    0.1057109887599945,
    0.008598706633411347,
    0.001997273343987763,
    0.0033696928003802895,
    0.0033437141561415045,
    0.0012271191285923124,
    0.0009663388700224459,
    0.0007426109474850818,
    0.002746778091765009,
    0.00032557130488567056,
    0.00028558329741936177,
    0.002548031988693401,
    0.0002432845625677146,
    0.00022560843512183055,
    0.00021268135339487344,
    0.0013015566202113406,
    0.0014884836637880654,
    0.00020479770489037038,
    0.0010631741582299583
  ],
  "val_history_full": [
    0.5466511533373878,
    0.12770039824739335,
    0.014192156878019136,
    0.0015308661053755454,
    0.0012379529024843896,
    0.0023595137144660668,
    0.059908917912888146,
    0.00047950441616454294,
    0.0004950787628158217,
    0.0002509177655964676,
    0.0004945085748904459,
    0.00014993026233573874,
    0.00023395114251235056,
    0.00020885274612477848,
    0.00022045504749893018,
    0.0001428612276434987,
    0.0002112952322008029,
    0.07963371028502782,
    0.00017308369269668464,
    0.00019222263954505917,
    0.00015855509979975603
  ],
  "sampled_epochs": [
    0,
    1,
    2,
    3,
    4,
    5,
    6,
    7,
    8,
    9,
    10,
    20
  ],
  "sampled_train_history": [
    0.5470222206115722,
    0.19820113753080368,
    0.1057109887599945,
    0.008598706633411347,
    0.001997273343987763,
    0.0033696928003802895,
    0.0033437141561415045,
    0.0012271191285923124,
    0.0009663388700224459,
    0.0007426109474850818,
    0.002746778091765009,
    0.0010631741582299583
  ],
  "sampled_val_history": [
    0.5466511533373878,
    0.12770039824739335,
    0.014192156878019136,
    0.0015308661053755454,
    0.0012379529024843896,
    0.0023595137144660668,
    0.059908917912888146,
    0.00047950441616454294,
    0.0004950787628158217,
    0.0002509177655964676,
    0.0004945085748904459,
    0.00015855509979975603
  ],
  "final_mse": 0.0001428612276434987,
  "final_sdr_db": 35.44709420582605,
  "final_symbol_accuracy": 1.0
}