{
  "best_epoch": 18,
  "best_val_mse": 0.0001542400640328341,
  "stop_epoch": 20,
  "stop_reason": "fixed_budget",
  "epochs_full": [
    0,
    1,
    2,
    3,
    4,
    5,
    6,
    7,
    8,
    9,
    10,
    11,
    12,
    13,
    14,
    15,
    16,
    17,
    18,
    19,
    20
  ],
  "train_history_full": [
    0.7435775307655335,
    0.25313433079719544,
    0.25003702857494353,
    0.1925287656188011,
    0.11882530111074448,
    0.01899675297215581,
    0.003930293840914965,
    0.001728443064726889,
    0.0010864004080183803,
    0.000727334061358124,
    0.0004924723658245057,
    0.05503728288607672,
    0.0013969580587930978,
    0.0007548466318286956,
    0.0004793842095416039,
    0.0003350319652352482,
    0.0002532378487056121,
    0.0002214885356836021,
    0.00016481008498230948,
    0.020273996083019302,
    0.0004598353752400726
  ],
  "val_history_full": [
    0.7428277059206887,
    0.25036532822109403,
    0.25021853309775155,
    0.12734596691434347,
    0.06300348646584011,
    0.00830938463794097,
    0.0020532046744067755,
    0.0012879729167454773,
    0.0008076551372170566,
    0.0005503205766361799,
    0.0009179217509910582,
    0.002201371460354754,
    0.0009331354328120748,
    0.0005984539230768052,
    0.00036192857447849025,
    0.0002580069955752512,
    0.00018378699245485698,
    0.0002092712455787622,
    0.0001542400640328341,
    0.0006974570338599502,
    0.0003104638816448786
  ],
  "sampled_epochs": [
    0,
    1,
    2,
    3,
    4,
    5,
    6,
    7,
    8,
    9,
    10,
    20
  ],
  "sampled_train_history": [
    0.7435775307655335,
    0.25313433079719544,
    0.25003702857494353,
    0.1925287656188011,
    0.11882530111074448,
    0.01899675297215581,
    0.003930293840914965,
    0.001728443064726889,
    0.0010864004080183803,
    0.000727334061358124,
    0.0004924723658245057,
    0.0004598353752400726
  ],
  "sampled_val_history": [
    0.7428277059206887,
    0.25036532822109403,
    0.25021853309775155,
    0.12734596691434347,
    0.06300348646584011,
    0.00830938463794097,
    0.0020532046744067755,
    0.0012879729167454773,
    0.0008076551372170566,
    0.0005503205766361799,
    0.0009179217509910582,
    0.0003104638816448786
  ],
  "final_mse": 0.0001542400640328341,
  "final_sdr_db": 35.21033514113653,
  "final_symbol_accuracy": 0.9999937499999999
}