{
  "best_epoch": 20,
  "best_val_mse": 8.494314568538574e-05,
  "stop_epoch": 20,
  "stop_reason": "fixed_budget",
  "epochs_full": [
    0,
    1,
    2,
    3,
    4,
    5,
    6,
    7,
    8,
    9,
    10,
    11,
    12,
    13,
    14,
    15,
    16,
    17,
    18,
    19,
    20
  ],
  "train_history_full": [
    0.5021208552360534,
    0.20316146231889726,
    0.009730923932790757,
    0.0023827056987211106,
    0.0241243987089023,
    0.015316543362662196,
    0.0027140212301164867,
    0.0008195893741212786,
    0.013430435389466583,
    0.0007819081123918295,
    0.0021899883311707526,
    0.0003706330518703908,
    0.0015584568614605814,
    0.0002775119646918029,
    0.008345813918393105,
    0.0008469861508347094,
    0.002130505250953138,
    0.0002923600923968479,
    0.0037159052265575156,
    0.0024457795795751734,
    0.00024071601144969463
  ],
  "val_history_full": [
    0.5022242608524504,
    0.02034629103801553,
    0.0029356927677456823,
    0.000730674469008273,
    0.0010080916736836707,
    0.006442393900619613,
    0.0005446938042055875,
    0.00031790707541245317,
    0.0006260580128236186,
    0.00025541700759074755,
    0.00021817896188059378,
    0.00014286125790224306,
    0.00020566141410242943,
    0.00010303319198548765,
    0.000801174228803979,
    0.0002726699278268608,
    0.00018195067056536024,
    0.00010779382044722932,
    0.00014231520305786814,
    0.000200651454626553,
    8.494314568538574e-05
  ],
  "sampled_epochs": [
    0,
    1,
    2,
    3,
    4,
    5,
    6,
    7,
    8,
    9,
    10,
    20
  ],
  "sampled_train_history": [
    0.5021208552360534,
    0.20316146231889726,
    0.009730923932790757,
    0.0023827056987211106,
    0.0241243987089023,
    0.015316543362662196,
    0.0027140212301164867,
    0.0008195893741212786,
    0.013430435389466583,
    0.0007819081123918295,
    0.0021899883311707526,
    0.00024071601144969463
  ],
  "sampled_val_history": [
    0.5022242608524504,
    0.02034629103801553,
    0.0029356927677456823,
    0.000730674469008273,
    0.0010080916736836707,
    0.006442393900619613,
    0.0005446938042055875,
    0.00031790707541245317,
    0.0006260580128236186,
    0.00025541700759074755,
    0.00021817896188059378,
    8.494314568538574e-05
  ],
  "final_mse": 8.494314568538574e-05,
  "final_sdr_db": 37.744208623492526,
  "final_symbol_accuracy": 1.0
}