{
    "trial_idx": 2,
    "trial_name": "deep_cfg_02",
    "config": {
        "name": "deep_cfg_02",
        "base_channels": 48,
        "dropout": 0.08,
        "lr": 0.0014,
        "weight_decay": 0.0001,
        "input_noise_std": 0.005,
        "receiver_drop_prob": 0.1,
        "grad_clip": 2.0,
        "scheduler_name": "plateau",
        "batch_size": 8,
        "optimizer_name": "adamw",
        "normalize_batches": false
    },
    "checkpoint_path": "C:\\Users\\battl\\Documents\\School 2026\\Jareds_Repo\\DL-AIR\\search_runs\\iqcnn_deep\\run_20260329_194847\\deep_cfg_02\\best.pt",
    "train_history": [
        0.46050314598083497,
        0.45623091554641726,
        0.4560064781188965,
        0.45443653745651247,
        0.4540560392856598,
        0.45438119378089903,
        0.4549242768764496,
        0.4546719678401947,
        0.45368314990997316,
        0.4536050949573517,
        0.4536756539344788,
        0.4534314089298248,
        0.4530628801345825,
        0.45273633966445925,
        0.4520419095993042,
        0.45277977952957155,
        0.45159379506111147,
        0.45225550150871274,
        0.4507505653858185,
        0.4519466470718384,
        0.4503426917552948,
        0.4513751174926758,
        0.451021550321579,
        0.45057811727523805,
        0.45038726477622987,
        0.4500366261482239,
        0.45058929920196533,
        0.4491638372898102,
        0.4492364643096924,
        0.4493820689201355,
        0.4494081838130951,
        0.4496789261341095,
        0.44918912124633786,
        0.44805540361404417,
        0.44842114624977114,
        0.44821283893585206,
        0.44833022007942197,
        0.4481088508605957,
        0.4483067918300629,
        0.44727367577552796,
        0.4471388892650604,
        0.44839579911231997,
        0.4467646056175232,
        0.4471646919250488,
        0.4459127426147461,
        0.4466980063915253,
        0.44664469442367555,
        0.44639744091033934,
        0.4463522279262543,
        0.4458490891933441,
        0.4461496562004089,
        0.44526966366767884,
        0.44413332114219667,
        0.44434761972427367,
        0.44440331745147704,
        0.4444119851112366,
        0.4435024401187897,
        0.44372375621795657,
        0.4432293319225311,
        0.4434181601524353,
        0.44283851985931394,
        0.44325018048286435,
        0.4415725872516632,
        0.4420085329532623,
        0.44220116362571715,
        0.44167917847633364,
        0.44119067749977114,
        0.44176095819473266,
        0.4406371703624725,
        0.44113361840248105,
        0.4416270289897919,
        0.4417260161876678,
        0.44125404891967773,
        0.440826963186264,
        0.4405564486026764,
        0.44100467553138734,
        0.4406942669391632,
        0.4409966042995453,
        0.4406271237373352,
        0.44021979961395263
    ],
    "val_history": [
        0.45699634343858747,
        0.45476765433947247,
        0.4541981385813819,
        0.4543383911488548,
        0.4529305847864302,
        0.45230625782694134,
        0.45499654043288457,
        0.452853667830664,
        0.4541017890922607,
        0.45141543140487067,
        0.4503684966337113,
        0.451264290582566,
        0.45260918849990484,
        0.4504254228538937,
        0.44952156477504307,
        0.44888634388408966,
        0.4491828859798492,
        0.44968766115960623,
        0.4514808276342967,
        0.45182197056119405,
        0.452965508850794,
        0.45150197829519,
        0.451525101112941,
        0.4509527110864246,
        0.45070341182133505,
        0.4498196371964046,
        0.4496561984221141,
        0.4497171805964576,
        0.4499961833159129,
        0.44967442183267503,
        0.44946102017448064,
        0.44830446489273557,
        0.4494663434369223,
        0.45035712160761393,
        0.4481175073555538,
        0.4499922536668323,
        0.4497972509217641,
        0.44847377945506384,
        0.4490957946058304,
        0.4479650632729606,
        0.4496615354030851,
        0.45042533912355937,
        0.4501963115873791,
        0.44891426534879775,
        0.44890511177835013,
        0.4501966488739801,
        0.4495611077263242,
        0.44947626004143365,
        0.4497919962519691,
        0.44854797872285995,
        0.4492242851900676,
        0.448764217278314,
        0.44900988491754684,
        0.44913794928126866,
        0.44878591620732866,
        0.4487147686027345,
        0.44918358751705717,
        0.4496518364028325,
        0.44978333512942,
        0.44840295589159407,
        0.44855647285779315,
        0.449875569532788,
        0.4501237386748904,
        0.4495329057413434,
        0.4491940022460998,
        0.4490194557205079,
        0.44869387339031885,
        0.4492816409421346,
        0.44946541719966465,
        0.448678410715527,
        0.44938712791791036,
        0.4490086128787389,
        0.44959236468587604,
        0.4498995253964076,
        0.4496616565045856,
        0.4494094957434942,
        0.44923829653906444,
        0.44908663914317176,
        0.44950718255270095,
        0.44960032569037545
    ],
    "best_val_pit_mse": 0.4479650632729606,
    "best_epoch": 40,
    "stopped_after_epoch": 80,
    "stop_reason": "early_stopping",
    "epoch_times_sec": [
        9.489214099943638,
        9.386332200141624,
        9.43237780011259,
        9.488479599822313,
        9.402076800120994,
        9.448398600099608,
        9.391303400043398,
        9.429029799997807,
        9.376062100054696,
        9.376740199979395,
        9.40314369997941,
        9.442225999897346,
        9.4113662999589,
        9.402330700075254,
        9.410646400181577,
        9.417620900087059,
        9.48852560017258,
        9.3972330999095,
        9.387221900047734,
        9.422523899935186,
        9.42424220009707,
        9.412057199981064,
        9.39856190001592,
        9.415985999861732,
        9.430725899990648,
        9.383363700006157,
        9.420990599785,
        9.437564800027758,
        9.395516799995676,
        9.418688900070265,
        9.511731899809092,
        9.420651100110263,
        9.409415400121361,
        9.44330110005103,
        9.394648300018162,
        9.434442499885336,
        9.467649300117046,
        9.412175399949774,
        9.373022199841216,
        9.391533700050786,
        9.419049700023606,
        9.383919900050387,
        9.4196907998994,
        9.393751899944618,
        9.453255499945953,
        9.395933599909768,
        9.398938300088048,
        9.3809047001414,
        9.411161999916658,
        9.363398700021207,
        9.414930500090122,
        9.473774899961427,
        9.426521300105378,
        9.41607669997029,
        9.411225499818102,
        9.373498300090432,
        9.385776699986309,
        9.410765100037679,
        9.451527599943802,
        9.399255099939182,
        9.37200600001961,
        9.48485520016402,
        9.404476199997589,
        9.397233400028199,
        9.42530529992655,
        9.396879900014028,
        9.40934420004487,
        9.403476699953899,
        9.369855299824849,
        9.450438999803737,
        9.393526300089434,
        9.485440900083631,
        9.52192460000515,
        9.333298100158572,
        9.389030699850991,
        9.401803100015968,
        9.461110200034454,
        9.432320900028571,
        9.41937609994784,
        9.382520399987698
    ],
    "avg_epoch_time_sec": 9.416458766252617,
    "optimizer_name": "adamw",
    "scheduler_name": "plateau",
    "normalize_batches": false,
    "input_noise_std": 0.005,
    "receiver_drop_prob": 0.1,
    "grad_clip": 2.0,
    "weight_decay": 0.0001,
    "learning_rate": 0.0014,
    "used_amp": true,
    "best_val_pit_sdr_db": 0.5050774289975091,
    "selected_val_metrics": {
        "val_pit_mse": 0.4479650632729606,
        "val_pit_sdr_db": 0.5050774289975091
    },