{
  "threshold": 0.0001,
  "max_epochs": 40,
  "best_epoch": 22,
  "stop_epoch": 22,
  "stop_reason": "threshold_reached",
  "best_val_mse": 9.380819207604324e-05,
  "train_history_full": [
    0.6208283011436463,
    0.06135928368233144,
    0.0014076352453790606,
    0.0009020661475602537,
    0.0007679507717490196,
    0.0006169117604382336,
    0.000546441128011793,
    0.00048065723846666515,
    0.0004291967484401539,
    0.00044037456654477864,
    0.003676202239701524,
    0.0005228766612010077,
    0.00038588085323572156,
    0.000323735482711345,
    0.0002821863373625092,
    0.0002855722889304161,
    0.00029018092850456015,
    0.0002600113581633195,
    0.0002472454066737555,
    0.00023740889654727654,
    0.00022392196333385073,
    0.0008542034831829369,
    0.0002625285533489659
  ],
  "val_history_full": [
    0.6208200700699337,
    0.0018365082796663046,
    0.000962416343908343,
    0.0004895058629613015,
    0.0009467844880880818,
    0.0008452501441795556,
    0.00029745911310855597,
    0.00022230588365346193,
    0.00035693546588946547,
    0.0009036671189177367,
    0.0006539820710064045,
    0.0002520571611562951,
    0.0003827941878366151,
    0.00012584455290047953,
    0.00012295188103702718,
    0.00016806996889441968,
    0.00023194845989420418,
    0.00016535844100410088,
    0.00012136966365182566,
    0.00021219547996888794,
    0.0003204030651850478,
    0.00036498075600580445,
    9.380819207604324e-05
  ],
  "epochs_full": [
    0,
    1,
    2,
    3,
    4,
    5,
    6,
    7,
    8,
    9,
    10,
    11,
    12,
    13,
    14,
    15,
    16,
    17,
    18,
    19,
    20,
    21,
    22
  ],
  "sampled_epochs": [
    0,
    1,
    2,
    3,
    4,
    5,
    6,
    7,
    8,
    9,
    10,
    20,
    22
  ],
  "sampled_train_history": [
    0.6208283011436463,
    0.06135928368233144,
    0.0014076352453790606,
    0.0009020661475602537,
    0.0007679507717490196,
    0.0006169117604382336,
    0.000546441128011793,
    0.00048065723846666515,
    0.0004291967484401539,
    0.00044037456654477864,
    0.003676202239701524,
    0.00022392196333385073,
    0.0002625285533489659
  ],
  "sampled_val_history": [
    0.6208200700699337,
    0.0018365082796663046,
    0.000962416343908343,
    0.0004895058629613015,
    0.0009467844880880818,
    0.0008452501441795556,
    0.00029745911310855597,
    0.00022230588365346193,
    0.00035693546588946547,
    0.0009036671189177367,
    0.0006539820710064045,
    0.0003204030651850478,
    9.380819207604324e-05
  ],
  "checkpoint_path": "C:\\Users\\battl\\Documents\\School 2026\\Jareds_Repo\\DL-AIR\\experiments\\single_channel_threshold_run\\outputs\\single_rx_threshold_20260413_210903\\checkpoints\\Hybrid_best.pt",
  "final_mse": 9.380819207604324e-05,
  "final_sdr_db": 37.27251228453621,
  "final_symbol_accuracy": 1.0
}