{
  "threshold": 0.0001,
  "max_epochs": 40,
  "best_epoch": 17,
  "stop_epoch": 17,
  "stop_reason": "threshold_reached",
  "best_val_mse": 9.24328345544858e-05,
  "train_history_full": [
    0.6217977089881896,
    0.05775956593714655,
    0.0015523012439720332,
    0.0007311913476791233,
    0.000493840588349849,
    0.0003805048199603334,
    0.0003164710323791951,
    0.0002503137157298625,
    0.0002039417076506652,
    0.00016580866653239355,
    0.00014309063993860036,
    0.005934866980928928,
    0.0007845445153303445,
    0.00033423998965881763,
    0.00022566900756210089,
    0.00017375976919429376,
    0.00014510110170813277,
    0.00012056369765195996
  ],
  "val_history_full": [
    0.6219723934218997,
    0.00278175178368295,
    0.0009898110052629831,
    0.0005813406388615332,
    0.0003572701257542663,
    0.0003060238483908867,
    0.00023852279737761746,
    0.00021680859300965768,
    0.00012350077593019083,
    0.0004904858318955771,
    0.00013062384361604466,
    0.0015717751479574613,
    0.00040592028369520984,
    0.00023779813856226466,
    0.00015700578926101564,
    0.00011570940911215508,
    0.00010931205941319821,
    9.24328345544858e-05
  ],
  "epochs_full": [
    0,
    1,
    2,
    3,
    4,
    5,
    6,
    7,
    8,
    9,
    10,
    11,
    12,
    13,
    14,
    15,
    16,
    17
  ],
  "sampled_epochs": [
    0,
    1,
    2,
    3,
    4,
    5,
    6,
    7,
    8,
    9,
    10,
    17
  ],
  "sampled_train_history": [
    0.6217977089881896,
    0.05775956593714655,
    0.0015523012439720332,
    0.0007311913476791233,
    0.000493840588349849,
    0.0003805048199603334,
    0.0003164710323791951,
    0.0002503137157298625,
    0.0002039417076506652,
    0.00016580866653239355,
    0.00014309063993860036,
    0.00012056369765195996
  ],
  "sampled_val_history": [
    0.6219723934218997,
    0.00278175178368295,
    0.0009898110052629831,
    0.0005813406388615332,
    0.0003572701257542663,
    0.0003060238483908867,
    0.00023852279737761746,
    0.00021680859300965768,
    0.00012350077593019083,
    0.0004904858318955771,
    0.00013062384361604466,
    9.24328345544858e-05
  ],
  "checkpoint_path": "C:\\Users\\battl\\Documents\\School 2026\\Jareds_Repo\\DL-AIR\\experiments\\single_channel_threshold_run\\outputs\\single_rx_threshold_20260413_210903\\checkpoints\\IQ_CNN_best.pt",
  "final_mse": 9.24328345544858e-05,
  "final_sdr_db": 37.47858489505828,
  "final_symbol_accuracy": 1.0
}