{
  "threshold": 0.0001,
  "max_epochs": 40,
  "best_epoch": 5,
  "stop_epoch": 5,
  "stop_reason": "threshold_reached",
  "best_val_mse": 8.739026204224617e-05,
  "train_history_full": [
    0.5012695178508758,
    0.05240125833321363,
    0.0008650875501334667,
    0.0004615010244771838,
    0.0003119558315025643,
    0.0002367041077464819
  ],
  "val_history_full": [
    0.5013351279591757,
    0.0006950392622485875,
    0.00024589841482266486,
    0.0001552983118768131,
    0.0001120257162718132,
    8.739026204224617e-05
  ],
  "epochs_full": [
    0,
    1,
    2,
    3,
    4,
    5
  ],
  "sampled_epochs": [
    0,
    1,
    2,
    3,
    4,
    5
  ],
  "sampled_train_history": [
    0.5012695178508758,
    0.05240125833321363,
    0.0008650875501334667,
    0.0004615010244771838,
    0.0003119558315025643,
    0.0002367041077464819
  ],
  "sampled_val_history": [
    0.5013351279591757,
    0.0006950392622485875,
    0.00024589841482266486,
    0.0001552983118768131,
    0.0001120257162718132,
    8.739026204224617e-05
  ],
  "checkpoint_path": "C:\\Users\\battl\\Documents\\School 2026\\Jareds_Repo\\DL-AIR\\experiments\\single_channel_threshold_run\\outputs\\single_rx_threshold_20260413_210903\\checkpoints\\LSTM_best.pt",
  "final_mse": 8.739026204224617e-05,
  "final_sdr_db": 37.57822611975291,
  "final_symbol_accuracy": 1.0
}