{
  "best_epoch": 19,
  "best_val_mse": 0.24956714562953464,
  "stop_epoch": 20,
  "stop_reason": "fixed_budget",
  "epochs_full": [
    0,
    1,
    2,
    3,
    4,
    5,
    6,
    7,
    8,
    9,
    10,
    11,
    12,
    13,
    14,
    15,
    16,
    17,
    18,
    19,
    20
  ],
  "train_history_full": [
    0.5237327023506164,
    0.25312299859523774,
    0.2502645646572113,
    0.2499995004415512,
    0.24990986764431,
    0.24986899507045746,
    0.24984822776317597,
    0.24979841039180756,
    0.24982202022075653,
    0.24981503636837005,
    0.24979006440639495,
    0.24979534187316896,
    0.2497713418006897,
    0.2497539733171463,
    0.24975789246559144,
    0.24973913424015046,
    0.24973080818653107,
    0.24970454239845277,
    0.2497231299161911,
    0.24969343972206115,
    0.24967499589920045
  ],
  "val_history_full": [
    0.5235335306515769,
    0.2505061226704764,
    0.25012806199845816,
    0.2497254903354342,
    0.24985009384533716,
    0.249724313853279,
    0.24965680331464798,
    0.2496078104253799,
    0.2501461945828937,
    0.24959726513378203,
    0.249904127348037,
    0.2497036913557658,
    0.24963680382758852,
    0.24964098372156657,
    0.249852220926966,
    0.24970189091705142,
    0.24965323957185898,
    0.24965130123827192,
    0.24961824478611114,
    0.24956714562953464,
    0.24962381971260858
  ],
  "sampled_epochs": [
    0,
    1,
    2,
    3,
    4,
    5,
    6,
    7,
    8,
    9,
    10,
    20
  ],
  "sampled_train_history": [
    0.5237327023506164,
    0.25312299859523774,
    0.2502645646572113,
    0.2499995004415512,
    0.24990986764431,
    0.24986899507045746,
    0.24984822776317597,
    0.24979841039180756,
    0.24982202022075653,
    0.24981503636837005,
    0.24979006440639495,
    0.24967499589920045
  ],
  "sampled_val_history": [
    0.5235335306515769,
    0.2505061226704764,
    0.25012806199845816,
    0.2497254903354342,
    0.24985009384533716,
    0.249724313853279,
    0.24965680331464798,
    0.2496078104253799,
    0.2501461945828937,
    0.24959726513378203,
    0.249904127348037,
    0.24962381971260858
  ],
  "final_mse": 0.24956714562953464,
  "final_sdr_db": 3.0206600105951704,
  "final_symbol_accuracy": 0.5737737499999997
}