{
  "best_epoch": 13,
  "best_val_mse": 0.24952582944007146,
  "stop_epoch": 20,
  "stop_reason": "fixed_budget",
  "epochs_full": [
    0,
    1,
    2,
    3,
    4,
    5,
    6,
    7,
    8,
    9,
    10,
    11,
    12,
    13,
    14,
    15,
    16,
    17,
    18,
    19,
    20
  ],
  "train_history_full": [
    0.6915102743148803,
    0.25375718648433687,
    0.24985205216407777,
    0.24978400545120238,
    0.2497582127571106,
    0.2497431914806366,
    0.24973263766765594,
    0.24972439007759095,
    0.24971047196388244,
    0.24970203447341918,
    0.24969117169380187,
    0.24968206009864807,
    0.24967782969474792,
    0.24966715607643128,
    0.24964545323848725,
    0.24963388259410857,
    0.24963505928516388,
    0.24961668260097503,
    0.24960366907119752,
    0.2495884996175766,
    0.24958194735050201
  ],
  "val_history_full": [
    0.6918155115748209,
    0.24980188646013773,
    0.24968990044934408,
    0.24965649961479128,
    0.24961393503915696,
    0.24961835004034497,
    0.24966399726413546,
    0.24958280556731754,
    0.24959228649025872,
    0.24963782609455168,
    0.24955538884987907,
    0.24959292227313631,
    0.2495664819365456,
    0.24952582944007146,
    0.24957945351562802,
    0.24959675683861687,
    0.24955755590446413,
    0.24955301672693284,
    0.24954384991100856,
    0.24958788378844185,
    0.24953298601839277
  ],
  "sampled_epochs": [
    0,
    1,
    2,
    3,
    4,
    5,
    6,
    7,
    8,
    9,
    10,
    20
  ],
  "sampled_train_history": [
    0.6915102743148803,
    0.25375718648433687,
    0.24985205216407777,
    0.24978400545120238,
    0.2497582127571106,
    0.2497431914806366,
    0.24973263766765594,
    0.24972439007759095,
    0.24971047196388244,
    0.24970203447341918,
    0.24969117169380187,
    0.24958194735050201
  ],
  "sampled_val_history": [
    0.6918155115748209,
    0.24980188646013773,
    0.24968990044934408,
    0.24965649961479128,
    0.24961393503915696,
    0.24961835004034497,
    0.24966399726413546,
    0.24958280556731754,
    0.24959228649025872,
    0.24963782609455168,
    0.24955538884987907,
    0.24953298601839277
  ],
  "final_mse": 0.24952582944007146,
  "final_sdr_db": 3.0213631561824252,
  "final_symbol_accuracy": 0.5730250000000001
}