{
  "best_epoch": 6,
  "best_val_mse": 0.24950417828938318,
  "stop_epoch": 20,
  "stop_reason": "fixed_budget",
  "epochs_full": [
    0,
    1,
    2,
    3,
    4,
    5,
    6,
    7,
    8,
    9,
    10,
    11,
    12,
    13,
    14,
    15,
    16,
    17,
    18,
    19,
    20
  ],
  "train_history_full": [
    0.5011851181030273,
    0.25293999960422514,
    0.249826242518425,
    0.24976490476131438,
    0.2497238245010376,
    0.24970241160392762,
    0.24969190385341644,
    0.2496786604642868,
    0.2496718333721161,
    0.24965714480876922,
    0.24966083729267122,
    0.24965874342918395,
    0.24964770519733429,
    0.24964340579509736,
    0.24964123566150664,
    0.24963713586330413,
    0.2496345107316971,
    0.24963636064529418,
    0.2496302209854126,
    0.24961825299263002,
    0.24961428809165956
  ],
  "val_history_full": [
    0.5012336704466078,
    0.2495628995081735,
    0.24957340624597338,
    0.24956119533569093,
    0.2495850334091792,
    0.24952575162289634,
    0.24950417828938318,
    0.2495220909042964,
    0.24951212533882686,
    0.24957381590964303,
    0.2495264666421073,
    0.2495227044536954,
    0.2495192859380964,
    0.2495723371467893,
    0.24953198953280373,
    0.24951638683440194,
    0.2495882757126339,
    0.2495235013110297,
    0.24954603328591302,
    0.24955333461837162,
    0.24954915874534184
  ],
  "sampled_epochs": [
    0,
    1,
    2,
    3,
    4,
    5,
    6,
    7,
    8,
    9,
    10,
    20
  ],
  "sampled_train_history": [
    0.5011851181030273,
    0.25293999960422514,
    0.249826242518425,
    0.24976490476131438,
    0.2497238245010376,
    0.24970241160392762,
    0.24969190385341644,
    0.2496786604642868,
    0.2496718333721161,
    0.24965714480876922,
    0.24966083729267122,
    0.24961428809165956
  ],
  "sampled_val_history": [
    0.5012336704466078,
    0.2495628995081735,
    0.24957340624597338,
    0.24956119533569093,
    0.2495850334091792,
    0.24952575162289634,
    0.24950417828938318,
    0.2495220909042964,
    0.24951212533882686,
    0.24957381590964303,
    0.2495264666421073,
    0.24954915874534184
  ],
  "final_mse": 0.24950417828938318,
  "final_sdr_db": 3.0217480243198453,
  "final_symbol_accuracy": 0.57327375
}