{
  "best_epoch": 17,
  "best_val_mse": 0.16552263545611548,
  "stop_epoch": 20,
  "stop_reason": "fixed_budget",
  "epochs_full": [
    0,
    1,
    2,
    3,
    4,
    5,
    6,
    7,
    8,
    9,
    10,
    11,
    12,
    13,
    14,
    15,
    16,
    17,
    18,
    19,
    20
  ],
  "train_history_full": [
    0.5242684121131898,
    0.19642027802467346,
    0.1688194585800171,
    0.16739772362709046,
    0.1668269675731659,
    0.1664535190105438,
    0.16623818085193634,
    0.16609829978942872,
    0.16600167977809907,
    0.1658508784532547,
    0.16571682806015015,
    0.16562807924747466,
    0.16555878098011018,
    0.16547826204299926,
    0.16541383900642395,
    0.16528602063655853,
    0.16523241465091706,
    0.16512135334014894,
    0.16496384537220002,
    0.1648691801071167,
    0.16478789899349214
  ],
  "val_history_full": [
    0.5248531907323807,
    0.17046696515310378,
    0.16762940774834345,
    0.16812383513602,
    0.16651049516503774,
    0.16626381401031737,
    0.1664173063777742,
    0.16638966235849592,
    0.16633867673457614,
    0.16622741236573174,
    0.16597768309570493,
    0.16565922423014565,
    0.1658581436153442,
    0.16558054515293666,
    0.16634043483507066,
    0.16575009458594853,
    0.16607573888604604,
    0.16552263545611548,
    0.16598010749097855,
    0.16606149030110193,
    0.16562122674215407
  ],
  "sampled_epochs": [
    0,
    1,
    2,
    3,
    4,
    5,
    6,
    7,
    8,
    9,
    10,
    20
  ],
  "sampled_train_history": [
    0.5242684121131898,
    0.19642027802467346,
    0.1688194585800171,
    0.16739772362709046,
    0.1668269675731659,
    0.1664535190105438,
    0.16623818085193634,
    0.16609829978942872,
    0.16600167977809907,
    0.1658508784532547,
    0.16571682806015015,
    0.16478789899349214
  ],
  "sampled_val_history": [
    0.5248531907323807,
    0.17046696515310378,
    0.16762940774834345,
    0.16812383513602,
    0.16651049516503774,
    0.16626381401031737,
    0.1664173063777742,
    0.16638966235849592,
    0.16633867673457614,
    0.16622741236573174,
    0.16597768309570493,
    0.16562122674215407
  ],
  "final_mse": 0.16552263545611548,
  "final_sdr_db": 4.812033350505526,
  "final_symbol_accuracy": 0.7713062500000007
}