{
  "best_epoch": 9,
  "best_val_mse": 0.16549791608537948,
  "stop_epoch": 20,
  "stop_reason": "fixed_budget",
  "epochs_full": [
    0,
    1,
    2,
    3,
    4,
    5,
    6,
    7,
    8,
    9,
    10,
    11,
    12,
    13,
    14,
    15,
    16,
    17,
    18,
    19,
    20
  ],
  "train_history_full": [
    0.6845454399108887,
    0.20537173106670378,
    0.1703911254167557,
    0.16799350543022157,
    0.1671170867204666,
    0.1666966796875,
    0.16630111322402955,
    0.16605448467731476,
    0.16586048369407655,
    0.1656944034576416,
    0.16558171644210815,
    0.16542382304668427,
    0.16530066633224488,
    0.1651516489982605,
    0.16496871104240418,
    0.16475782639980316,
    0.16446939442157746,
    0.16420407772064208,
    0.16389419813156128,
    0.16343745362758635,
    0.16304264330863952
  ],
  "val_history_full": [
    0.6844604280259874,
    0.17217632063797542,
    0.16876387028467088,
    0.1669393683236743,
    0.16676052293134114,
    0.16616109084515346,
    0.16598784355890184,
    0.16576975229240598,
    0.1656401613875041,
    0.16549791608537948,
    0.16563628661254096,
    0.1656163881222407,
    0.16550728867924402,
    0.16563220369437384,
    0.1657047321399053,
    0.16615129155772074,
    0.16578743003663562,
    0.16612192822827232,
    0.16635315545967647,
    0.1668780885991596,
    0.166799862706472
  ],
  "sampled_epochs": [
    0,
    1,
    2,
    3,
    4,
    5,
    6,
    7,
    8,
    9,
    10,
    20
  ],
  "sampled_train_history": [
    0.6845454399108887,
    0.20537173106670378,
    0.1703911254167557,
    0.16799350543022157,
    0.1671170867204666,
    0.1666966796875,
    0.16630111322402955,
    0.16605448467731476,
    0.16586048369407655,
    0.1656944034576416,
    0.16558171644210815,
    0.16304264330863952
  ],
  "sampled_val_history": [
    0.6844604280259874,
    0.17217632063797542,
    0.16876387028467088,
    0.1669393683236743,
    0.16676052293134114,
    0.16616109084515346,
    0.16598784355890184,
    0.16576975229240598,
    0.1656401613875041,
    0.16549791608537948,
    0.16563628661254096,
    0.166799862706472
  ],
  "final_mse": 0.16549791608537948,
  "final_sdr_db": 4.812527255406455,
  "final_symbol_accuracy": 0.771606249999999
}