{
  "best_epoch": 11,
  "best_val_mse": 0.16510826089079417,
  "stop_epoch": 20,
  "stop_reason": "fixed_budget",
  "epochs_full": [
    0,
    1,
    2,
    3,
    4,
    5,
    6,
    7,
    8,
    9,
    10,
    11,
    12,
    13,
    14,
    15,
    16,
    17,
    18,
    19,
    20
  ],
  "train_history_full": [
    0.5011631945610047,
    0.20635198233127594,
    0.16792676074504853,
    0.1667126231431961,
    0.16628195955753328,
    0.16608336598873139,
    0.16586185231208803,
    0.1657524923324585,
    0.16564088175296784,
    0.1655794411420822,
    0.16548150000572204,
    0.16539209110736847,
    0.16538259756565094,
    0.16526482231616973,
    0.1652314861536026,
    0.16517150704860686,
    0.1651257072687149,
    0.16506313400268555,
    0.16501402003765106,
    0.16492118105888368,
    0.16483845360279084
  ],
  "val_history_full": [
    0.5011452597285074,
    0.16865456813857668,
    0.16599478158685896,
    0.1657498457602092,
    0.16573570313907804,
    0.1655854798025555,
    0.16530822572254,
    0.16545419584191035,
    0.165213976587568,
    0.16550710229646592,
    0.1651936833347593,
    0.16510826089079417,
    0.16571685364322056,
    0.1651539849856543,
    0.16526079934740823,
    0.16528199140041594,
    0.16516621812941537,
    0.16549225932075864,
    0.16537787209427546,
    0.16532435800348008,
    0.16554731674610623
  ],
  "sampled_epochs": [
    0,
    1,
    2,
    3,
    4,
    5,
    6,
    7,
    8,
    9,
    10,
    20
  ],
  "sampled_train_history": [
    0.5011631945610047,
    0.20635198233127594,
    0.16792676074504853,
    0.1667126231431961,
    0.16628195955753328,
    0.16608336598873139,
    0.16586185231208803,
    0.1657524923324585,
    0.16564088175296784,
    0.1655794411420822,
    0.16548150000572204,
    0.16483845360279084
  ],
  "sampled_val_history": [
    0.5011452597285074,
    0.16865456813857668,
    0.16599478158685896,
    0.1657498457602092,
    0.16573570313907804,
    0.1655854798025555,
    0.16530822572254,
    0.16545419584191035,
    0.165213976587568,
    0.16550710229646592,
    0.1651936833347593,
    0.16554731674610623
  ],
  "final_mse": 0.16510826089079417,
  "final_sdr_db": 4.823008597843231,
  "final_symbol_accuracy": 0.7717262500000006
}