{
  "best_epoch": 2,
  "best_val_mse": 0.258046817779541,
  "stop_epoch": 2,
  "stop_reason": "fixed_budget",
  "epochs_full": [
    0,
    1,
    2
  ],
  "train_history_full": [
    0.6921101625149066,
    0.3821557416365697,
    0.2612549295792213
  ],
  "val_history_full": [
    0.6907072305679322,
    0.2928102731704712,
    0.258046817779541
  ],
  "sampled_epochs": [
    0,
    1,
    2
  ],
  "sampled_train_history": [
    0.6921101625149066,
    0.3821557416365697,
    0.2612549295792213
  ],
  "sampled_val_history": [
    0.6907072305679322,
    0.2928102731704712,
    0.258046817779541
  ],
  "final_mse": 0.258046817779541,
  "final_sdr_db": 2.8753384590148925,
  "final_symbol_accuracy": 0.6162500000000001
}