{
  "best_epoch": 2,
  "best_val_mse": 0.25522065758705137,
  "stop_epoch": 2,
  "stop_reason": "fixed_budget",
  "epochs_full": [
    0,
    1,
    2
  ],
  "train_history_full": [
    0.6551023125648499,
    0.3729848678295429,
    0.2579334217768449
  ],
  "val_history_full": [
    0.6544299125671387,
    0.2663161396980286,
    0.25522065758705137
  ],
  "sampled_epochs": [
    0,
    1,
    2
  ],
  "sampled_train_history": [
    0.6551023125648499,
    0.3729848678295429,
    0.2579334217768449
  ],
  "sampled_val_history": [
    0.6544299125671387,
    0.2663161396980286,
    0.25522065758705137
  ],
  "final_mse": 0.25522065758705137,
  "final_sdr_db": 2.92314190864563,
  "final_symbol_accuracy": 0.6321562500000002
}