{
  "best_epoch": 2,
  "best_val_mse": 0.25530978441238406,
  "stop_epoch": 2,
  "stop_reason": "fixed_budget",
  "epochs_full": [
    0,
    1,
    2
  ],
  "train_history_full": [
    0.5082627397317153,
    0.3785066833862892,
    0.2587308402244861
  ],
  "val_history_full": [
    0.5082350015640259,
    0.2723404049873352,
    0.25530978441238406
  ],
  "sampled_epochs": [
    0,
    1,
    2
  ],
  "sampled_train_history": [
    0.5082627397317153,
    0.3785066833862892,
    0.2587308402244861
  ],
  "sampled_val_history": [
    0.5082350015640259,
    0.2723404049873352,
    0.25530978441238406
  ],
  "final_mse": 0.25530978441238406,
  "final_sdr_db": 2.921579599380493,
  "final_symbol_accuracy": 0.6039843749999999
}