{
  "run_name": "variance_0p8_0p16",
  "timestamp": "2026-04-14T06:23:27",
  "variances": [
    0.8,
    0.16
  ],
  "config_snapshot": {
    "alpha": 0.8,
    "n_rx": 1,
    "num_channels": 1,
    "epochs": 8,
    "train_size": 2000,
    "val_size": 400
  },
  "results": {
    "var_0p8000": {
      "noise_variance": 0.8,
      "data_root": "C:\\Users\\battl\\Documents\\School 2026\\Jareds_Repo\\DL-AIR\\experiments\\single_channel_threshold_run\\noise_pilot\\variance_0p8_0p16\\data\\var_0p8000",
      "dataset_sizes": {
        "train": 2000,
        "val": 400
      },
      "models": {
        "Hybrid": {
          "best_epoch": 8,
          "best_val_mse": 0.29033170755092913,
          "stop_epoch": 8,
          "stop_reason": "fixed_budget",
          "epochs_full": [
            0,
            1,
            2,
            3,
            4,
            5,
            6,
            7,
            8
          ],
          "train_history_full": [
            0.725754735961793,
            0.33558277005241033,
            0.3022641795022147,
            0.29986662240255446,
            0.2977398572460053,
            0.2957512570752038,
            0.29388764169481063,
            0.2918583438509986,
            0.28986321507938323
          ],
          "val_history_full": [
            0.7242032564603366,
            0.3046039067781888,
            0.301607608795166,
            0.2994756033787361,
            0.29733931101285493,
            0.29530752622164214,
            0.29347190948633045,
            0.29178284681760347,
            0.29033170755092913
          ],
          "sampled_epochs": [
            0,
            1,
            2,
            3,
            4,
            5,
            6,
            7,
            8
          ],
          "sampled_train_history": [
            0.725754735961793,
            0.33558277005241033,
            0.3022641795022147,
            0.29986662240255446,
            0.2977398572460053,
            0.2957512570752038,
            0.29388764169481063,
            0.2918583438509986,
            0.28986321507938323
          ],
          "sampled_val_history": [
            0.7242032564603366,
            0.3046039067781888,
            0.301607608795166,
            0.2994756033787361,
            0.29733931101285493,
            0.29530752622164214,
            0.29347190948633045,
            0.29178284681760347,
            0.29033170755092913
          ],
          "final_mse": 0.29033170755092913,
          "final_sdr_db": 2.3628853284395657,
          "final_symbol_accuracy": 0.5715375
        },
        "LSTM": {
          "best_epoch": 8,
          "best_val_mse": 0.28236031990784866,
          "stop_epoch": 8,
          "stop_reason": "fixed_budget",
          "epochs_full": [
            0,
            1,
            2,
            3,
            4,
            5,
            6,
            7,
            8
          ],
          "train_history_full": [
            0.5084298536891029,
            0.3322973648707072,
            0.3027365732760656,
            0.29780497106294784,
            0.295551856358846,
            0.2940867443879445,
            0.29286967478101217,
            0.2877804296357291,
            0.2836718455193535
          ],
          "val_history_full": [
            0.5079870911744925,
            0.30837071400422317,
            0.2988738417625427,
            0.2959830119059636,
            0.2941783574911264,
            0.2930902930406424,
            0.2917843575660999,
            0.2851827832368704,
            0.28236031990784866
          ],
          "sampled_epochs": [
            0,
            1,
            2,
            3,
            4,
            5,
            6,
            7,
            8
          ],
          "sampled_train_history": [
            0.5084298536891029,
            0.3322973648707072,
            0.3027365732760656,
            0.29780497106294784,
            0.295551856358846,
            0.2940867443879445,
            0.29286967478101217,
            0.2877804296357291,
            0.2836718455193535
          ],
          "sampled_val_history": [
            0.5079870911744925,
            0.30837071400422317,
            0.2988738417625427,
            0.2959830119059636,
            0.2941783574911264,
            0.2930902930406424,
            0.2917843575660999,
            0.2851827832368704,
            0.28236031990784866
          ],
          "final_mse": 0.28236031990784866,
          "final_sdr_db": 2.4841657051673303,
          "final_symbol_accuracy": 0.5891500000000001
        },
        "IQ_CNN": {
          "best_epoch": 8,
          "best_val_mse": 0.28566110592622024,
          "stop_epoch": 8,
          "stop_reason": "fixed_budget",
          "epochs_full": [
            0,
            1,
            2,
            3,
            4,
            5,
            6,
            7,
            8
          ],
          "train_history_full": [
            0.6451659874310569,
            0.3277077007861364,
            0.30007225842702956,
            0.2967641476600889,
            0.29497722406235954,
            0.29347905422013904,
            0.29184176429869635,
            0.289350982696291,
            0.286208949391804
          ],
          "val_history_full": [
            0.6463744502801162,
            0.3028256411735828,
            0.2983761429786682,
            0.29618840034191424,
            0.29459587427286,
            0.29315821253336394,
            0.2910153315617488,
            0.28801407034580523,
            0.28566110592622024
          ],
          "sampled_epochs": [
            0,
            1,
            2,
            3,
            4,
            5,
            6,
            7,
            8
          ],
          "sampled_train_history": [
            0.6451659874310569,
            0.3277077007861364,
            0.30007225842702956,
            0.2967641476600889,
            0.29497722406235954,
            0.29347905422013904,
            0.29184176429869635,
            0.289350982696291,
            0.286208949391804
          ],
          "sampled_val_history": [
            0.6463744502801162,
            0.3028256411735828,
            0.2983761429786682,
            0.29618840034191424,
            0.29459587427286,
            0.29315821253336394,
            0.2910153315617488,
            0.28801407034580523,
            0.28566110592622024
          ],
          "final_mse": 0.28566110592622024,
          "final_sdr_db": 2.433533008282001,
          "final_symbol_accuracy": 0.5819343750000001
        }
      }
    },
    "var_0p1600": {
      "noise_variance": 0.16,
      "data_root": "C:\\Users\\battl\\Documents\\School 2026\\Jareds_Repo\\DL-AIR\\experiments\\single_channel_threshold_run\\noise_pilot\\variance_0p8_0p16\\data\\var_0p1600",
      "dataset_sizes": {
        "train": 2000,
        "val": 400
      },
      "models": {
        "Hybrid": {
          "best_epoch": 8,
          "best_val_mse": 0.1704912632703781,
          "stop_epoch": 8,
          "stop_reason": "fixed_budget",
          "epochs_full": [
            0,
            1,
            2,
            3,
            4,
            5,
            6,
            7,
            8
          ],
          "train_history_full": [
            0.488110033292619,
            0.2926828057046921,
            0.2514119041817529,
            0.22186875248712207,
            0.19033698595705487,
            0.17998851646506597,
            0.17571360180302273,
            0.17234240377706195,
            0.17103268229772176
          ],
          "val_history_full": [
            0.48793322764910185,
            0.25974027010110706,
            0.2410270365384909,
            0.20832858521204728,
            0.18496757745742798,
            0.17739369319035456,
            0.17335428985265586,
            0.172990817290086,
            0.1704912632703781
          ],