success,power_imbalance_mean,power_imbalance_std,amp_std_all_mean,amp_std_all_std,papr_mean_mean,papr_mean_std,cov_condition_mean,cov_condition_std,cov_spectral_entropy_mean,cov_spectral_entropy_std,cov_participation_ratio_mean,cov_participation_ratio_std,coherence_mean_mean,coherence_mean_std,offdiag_cov_abs_mean_mean,offdiag_cov_abs_mean_std,offdiag_cov_phase_std_mean,offdiag_cov_phase_std_std,phase_diff_std_mean_mean,phase_diff_std_mean_std,best_num_errors_mean,best_num_errors_std
0,1.1733727159771532,0.0912405271724727,0.7670576556452683,0.3213619942771937,5.35293000358352,1.544685584480979,9.154711991548538,7.204252628428781,0.8719573131617285,0.05844765624782708,3.082084114418963,0.29996474294407527,0.26931463762053415,0.05189687839516406,0.7870817872030395,0.5431597687433678,1.4862924441909775,0.32153102863053207,1.6118967700273996,0.08131952309661009,4.0285714285714285,2.341591705509263
1,1.1560994643916258,0.08814847223189606,0.5888067199069945,0.23294400488977435,4.688270036090579,1.3975524569784128,12.346898207117299,8.30962463588153,0.8414436041423365,0.05971641873444209,2.9203304729873873,0.2964698076622835,0.29578434752880545,0.05364948678305067,0.5650499851977239,0.28535151939512177,1.459413818164467,0.3889409347998589,1.5577511082632565,0.0879759027980673,0.0,0.0
