{
  "best_epoch": 18,
  "best_val_mse": 8.717647304163418e-05,
  "stop_epoch": 20,
  "stop_reason": "fixed_budget",
  "epochs_full": [
    0,
    1,
    2,
    3,
    4,
    5,
    6,
    7,
    8,
    9,
    10,
    11,
    12,
    13,
    14,
    15,
    16,
    17,
    18,
    19,
    20
  ],
  "train_history_full": [
    0.6912715068817139,
    0.06149546883292496,
    0.0014192803026176989,
    0.0009743951736483723,
    0.0007504871309734881,
    0.0007272686354350299,
    0.000572058057342656,
    0.00332645385498181,
    0.0006352055167779326,
    0.00043330673947930337,
    0.000426093573262915,
    0.0003824691027868539,
    0.0003341928604291752,
    0.00030890463654650375,
    0.0003486423725145869,
    0.00031113613416673615,
    0.0002779223759425804,
    0.0012307794432970696,
    0.00032849692426389085,
    0.0002368698462843895,
    0.0002405662199598737
  ],
  "val_history_full": [
    0.6909200530203562,
    0.0025806744612516864,
    0.0008661205998607098,
    0.0005759059567935765,
    0.0008370342658877018,
    0.000812246940017397,
    0.0006301569417932085,
    0.0015408569551442588,
    0.00026766602726032335,
    0.0001837707328839257,
    0.00036683667401250986,
    0.000428942846603662,
    0.00042834728845350797,
    0.00019593068212825094,
    0.0004215432591514573,
    0.00021406092994203347,
    0.00022392647963623323,
    0.0003683867084512871,
    8.717647304163418e-05,
    0.0003871469978346593,
    0.00014317135990870791
  ],
  "sampled_epochs": [
    0,
    1,
    2,
    3,
    4,
    5,
    6,
    7,
    8,
    9,
    10,
    20
  ],
  "sampled_train_history": [
    0.6912715068817139,
    0.06149546883292496,
    0.0014192803026176989,
    0.0009743951736483723,
    0.0007504871309734881,
    0.0007272686354350299,
    0.000572058057342656,
    0.00332645385498181,
    0.0006352055167779326,
    0.00043330673947930337,
    0.000426093573262915,
    0.0002405662199598737
  ],
  "sampled_val_history": [
    0.6909200530203562,
    0.0025806744612516864,
    0.0008661205998607098,
    0.0005759059567935765,
    0.0008370342658877018,
    0.000812246940017397,
    0.0006301569417932085,
    0.0015408569551442588,
    0.00026766602726032335,
    0.0001837707328839257,
    0.00036683667401250986,
    0.00014317135990870791
  ],
  "final_mse": 8.717647304163418e-05,
  "final_sdr_db": 37.59060735551138,
  "final_symbol_accuracy": 1.0
}