{
  "best_epoch": 18,
  "best_val_mse": 3.480951082088896e-05,
  "stop_epoch": 20,
  "stop_reason": "fixed_budget",
  "epochs_full": [
    0,
    1,
    2,
    3,
    4,
    5,
    6,
    7,
    8,
    9,
    10,
    11,
    12,
    13,
    14,
    15,
    16,
    17,
    18,
    19,
    20
  ],
  "train_history_full": [
    0.6538101888656617,
    0.07244546595774591,
    0.0016296678918413818,
    0.0008281348426826298,
    0.000554142238618806,
    0.0004249895570334047,
    0.0003349766126135364,
    0.0002893424859503284,
    0.00024432096709497275,
    0.00021271636551246047,
    0.00016626032476779073,
    0.00014142403941368685,
    0.0001371572142583318,
    0.0001099759824515786,
    9.586989907547832e-05,
    8.908563812146895e-05,
    8.245180415106006e-05,
    7.158307607169263e-05,
    6.941552092321217e-05,
    6.801632798742503e-05,
    6.024800388840958e-05
  ],
  "val_history_full": [
    0.6546078778448559,
    0.0027605530192395525,
    0.001033268638864337,
    0.000726755771283356,
    0.00044184670245851434,
    0.00040854718157326775,
    0.00026757491171352626,
    0.00027569071232666454,
    0.0002710624918570772,
    0.0001765267222672553,
    0.00018095958928045417,
    0.00016626433491529453,
    0.0001157132605190522,
    0.00014291019622413885,
    0.0001279623141430969,
    7.679039729751706e-05,
    4.55997147322965e-05,
    4.58534395008991e-05,
    3.480951082088896e-05,
    4.234171016529823e-05,
    7.469317481283926e-05
  ],
  "sampled_epochs": [
    0,
    1,
    2,
    3,
    4,
    5,
    6,
    7,
    8,
    9,
    10,
    20
  ],
  "sampled_train_history": [
    0.6538101888656617,
    0.07244546595774591,
    0.0016296678918413818,
    0.0008281348426826298,
    0.000554142238618806,
    0.0004249895570334047,
    0.0003349766126135364,
    0.0002893424859503284,
    0.00024432096709497275,
    0.00021271636551246047,
    0.00016626032476779073,
    6.024800388840958e-05
  ],
  "sampled_val_history": [
    0.6546078778448559,
    0.0027605530192395525,
    0.001033268638864337,
    0.000726755771283356,
    0.00044184670245851434,
    0.00040854718157326775,
    0.00026757491171352626,
    0.00027569071232666454,
    0.0002710624918570772,
    0.0001765267222672553,
    0.00018095958928045417,
    7.469317481283926e-05
  ],
  "final_mse": 3.480951082088896e-05,
  "final_sdr_db": 41.60040295313275,
  "final_symbol_accuracy": 1.0
}