{
  "best_epoch": 20,
  "best_val_mse": 1.4038140400930026e-05,
  "stop_epoch": 20,
  "stop_reason": "fixed_budget",
  "epochs_full": [
    0,
    1,
    2,
    3,
    4,
    5,
    6,
    7,
    8,
    9,
    10,
    11,
    12,
    13,
    14,
    15,
    16,
    17,
    18,
    19,
    20
  ],
  "train_history_full": [
    0.508327906703949,
    0.055617194991,
    0.0008796159856021404,
    0.0004757510820403695,
    0.00031980618096422403,
    0.0002529935171594843,
    0.00019988213691394776,
    0.00016976420583669096,
    0.00014709420811850578,
    0.00012576854225480928,
    0.0001090005325502716,
    9.709231539745815e-05,
    8.754419428878463e-05,
    7.676169436890632e-05,
    6.822503948933446e-05,
    6.0908925364492464e-05,
    5.459314243053086e-05,
    5.055069354420993e-05,
    4.543739825894591e-05,
    4.2614081958890896e-05,
    3.784558306797408e-05
  ],
  "val_history_full": [
    0.5082450811825101,
    0.0006829898348004218,
    0.0002679923273962996,
    0.0001464659726480022,
    0.00010207486902511428,
    8.445499441309256e-05,
    8.744210381770418e-05,
    0.0001691724677267115,
    5.1078898693612286e-05,
    4.3600917360024704e-05,
    3.0624861109471465e-05,
    3.279673968329065e-05,
    2.3076300937054116e-05,
    6.818207567982701e-05,
    2.002309872570174e-05,
    1.994740000915795e-05,
    4.615172875919453e-05,
    1.6517997325521835e-05,
    1.5248493134946791e-05,
    1.531423620488365e-05,
    1.4038140400930026e-05
  ],
  "sampled_epochs": [
    0,
    1,
    2,
    3,
    4,
    5,
    6,
    7,
    8,
    9,
    10,
    20
  ],
  "sampled_train_history": [
    0.508327906703949,
    0.055617194991,
    0.0008796159856021404,
    0.0004757510820403695,
    0.00031980618096422403,
    0.0002529935171594843,
    0.00019988213691394776,
    0.00016976420583669096,
    0.00014709420811850578,
    0.00012576854225480928,
    0.0001090005325502716,
    3.784558306797408e-05
  ],
  "sampled_val_history": [
    0.5082450811825101,
    0.0006829898348004218,
    0.0002679923273962996,
    0.0001464659726480022,
    0.00010207486902511428,
    8.445499441309256e-05,
    8.744210381770418e-05,
    0.0001691724677267115,
    5.1078898693612286e-05,
    4.3600917360024704e-05,
    3.0624861109471465e-05,
    1.4038140400930026e-05
  ],
  "final_mse": 1.4038140400930026e-05,
  "final_sdr_db": 45.51868408445328,
  "final_symbol_accuracy": 1.0
}