{
  "best_epoch": 12,
  "best_val_mse": 0.018141953540699824,
  "stop_epoch": 20,
  "stop_reason": "fixed_budget",
  "epochs_full": [
    0,
    1,
    2,
    3,
    4,
    5,
    6,
    7,
    8,
    9,
    10,
    11,
    12,
    13,
    14,
    15,
    16,
    17,
    18,
    19,
    20
  ],
  "train_history_full": [
    0.631081912612915,
    0.0749697600543499,
    0.024538774999976157,
    0.02243366383910179,
    0.021260200411081315,
    0.02077922717630863,
    0.020318041971325876,
    0.02022853665947914,
    0.019942593547701837,
    0.019855065056681633,
    0.019680282939970494,
    0.019575354473292828,
    0.019595661133527755,
    0.019370828035473825,
    0.019316740231215955,
    0.019208559179306032,
    0.01930266143977642,
    0.01915681496411562,
    0.019085823997855186,
    0.018995094372332096,
    0.01894406707137823
  ],
  "val_history_full": [
    0.6315732626687913,
    0.027802259321250612,
    0.028125949292665438,
    0.02139604724352322,
    0.02122599601982132,
    0.019630022583499787,
    0.019372000905966,
    0.019297626401696886,
    0.019120551970979525,
    0.018614728565490436,
    0.018836361104770313,
    0.019186733201855703,
    0.018141953540699824,
    0.020688827489576643,
    0.02080450263170023,
    0.018750461350594248,
    0.020247818931700693,
    0.018636967484203595,
    0.019616359519580052,
    0.01891933482081171,
    0.018438611150024427
  ],
  "sampled_epochs": [
    0,
    1,
    2,
    3,
    4,
    5,
    6,
    7,
    8,
    9,
    10,
    20
  ],
  "sampled_train_history": [
    0.631081912612915,
    0.0749697600543499,
    0.024538774999976157,
    0.02243366383910179,
    0.021260200411081315,
    0.02077922717630863,
    0.020318041971325876,
    0.02022853665947914,
    0.019942593547701837,
    0.019855065056681633,
    0.019680282939970494,
    0.01894406707137823
  ],
  "sampled_val_history": [
    0.6315732626687913,
    0.027802259321250612,
    0.028125949292665438,
    0.02139604724352322,
    0.02122599601982132,
    0.019630022583499787,
    0.019372000905966,
    0.019297626401696886,
    0.019120551970979525,
    0.018614728565490436,
    0.018836361104770313,
    0.018438611150024427
  ],
  "final_mse": 0.018141953540699824,
  "final_sdr_db": 14.574272201174782,
  "final_symbol_accuracy": 0.9766737500000008
}