{
  "best_epoch": 13,
  "best_val_mse": 0.018196948818744174,
  "stop_epoch": 20,
  "stop_reason": "fixed_budget",
  "epochs_full": [
    0,
    1,
    2,
    3,
    4,
    5,
    6,
    7,
    8,
    9,
    10,
    11,
    12,
    13,
    14,
    15,
    16,
    17,
    18,
    19,
    20
  ],
  "train_history_full": [
    0.6984886054992676,
    0.08486458305418491,
    0.02419006518423557,
    0.021970096418261528,
    0.020847876769304274,
    0.02026443925499916,
    0.01963262155354023,
    0.019283688148856164,
    0.018982687471807005,
    0.018797763957083224,
    0.01856927772164345,
    0.018452399569749832,
    0.018277000622451304,
    0.018120402102172375,
    0.017995876982808114,
    0.017785292568802832,
    0.017549045312404633,
    0.017376831710338592,
    0.01721828920841217,
    0.016981080594658853,
    0.016714207200706006
  ],
  "val_history_full": [
    0.6979839640950399,
    0.025815898611668556,
    0.02255994261848548,
    0.02204241222214131,
    0.020321477174995436,
    0.01962209954148247,
    0.019449491497306598,
    0.019405255271565346,
    0.01899417318285458,
    0.018628511341318252,
    0.019217782018203584,
    0.01828454074168962,
    0.018742581563336507,
    0.018196948818744174,
    0.01851222604986221,
    0.01828716543044836,
    0.01850089554985364,
    0.01894085863161655,
    0.018935817397303052,
    0.019027785294585757,
    0.019129586243440234
  ],
  "sampled_epochs": [
    0,
    1,
    2,
    3,
    4,
    5,
    6,
    7,
    8,
    9,
    10,
    20
  ],
  "sampled_train_history": [
    0.6984886054992676,
    0.08486458305418491,
    0.02419006518423557,
    0.021970096418261528,
    0.020847876769304274,
    0.02026443925499916,
    0.01963262155354023,
    0.019283688148856164,
    0.018982687471807005,
    0.018797763957083224,
    0.01856927772164345,
    0.016714207200706006
  ],
  "sampled_val_history": [
    0.6979839640950399,
    0.025815898611668556,
    0.02255994261848548,
    0.02204241222214131,
    0.020321477174995436,
    0.01962209954148247,
    0.019449491497306598,
    0.019405255271565346,
    0.01899417318285458,
    0.018628511341318252,
    0.019217782018203584,
    0.019129586243440234
  ],
  "final_mse": 0.018196948818744174,
  "final_sdr_db": 14.56468949999128,
  "final_symbol_accuracy": 0.9767087500000013
}