{
  "best_epoch": 12,
  "best_val_mse": 0.018133938948195132,
  "stop_epoch": 20,
  "stop_reason": "fixed_budget",
  "epochs_full": [
    0,
    1,
    2,
    3,
    4,
    5,
    6,
    7,
    8,
    9,
    10,
    11,
    12,
    13,
    14,
    15,
    16,
    17,
    18,
    19,
    20
  ],
  "train_history_full": [
    0.5041569445610047,
    0.08008213028907776,
    0.022371143683791162,
    0.02080155280828476,
    0.02018493383526802,
    0.01987165003120899,
    0.01947807811498642,
    0.019294660711288453,
    0.019118725672364233,
    0.018992658297717572,
    0.01890926614999771,
    0.01883741984963417,
    0.018746498021483423,
    0.01871085974574089,
    0.0186586830586195,
    0.01859168455451727,
    0.018551038844883443,
    0.018494881561398505,
    0.01844035035520792,
    0.018373608569800855,
    0.018339752830564975
  ],
  "val_history_full": [
    0.5041473110516866,
    0.02159730229704153,
    0.019430634196078968,
    0.02006627560134918,
    0.019098227459286885,
    0.018762842589427554,
    0.018935475971490617,
    0.0186316276649161,
    0.018693630140097367,
    0.018949772896511213,
    0.018510025038960435,
    0.0183326822542955,
    0.018133938948195132,
    0.018291210134824116,
    0.018220894068243013,
    0.01831666470342685,
    0.0181768120724767,
    0.018414989660774903,
    0.018315991948521328,
    0.018477294564483656,
    0.018293319654370113
  ],
  "sampled_epochs": [
    0,
    1,
    2,
    3,
    4,
    5,
    6,
    7,
    8,
    9,
    10,
    20
  ],
  "sampled_train_history": [
    0.5041569445610047,
    0.08008213028907776,
    0.022371143683791162,
    0.02080155280828476,
    0.02018493383526802,
    0.01987165003120899,
    0.01947807811498642,
    0.019294660711288453,
    0.019118725672364233,
    0.018992658297717572,
    0.01890926614999771,
    0.018339752830564975
  ],
  "sampled_val_history": [
    0.5041473110516866,
    0.02159730229704153,
    0.019430634196078968,
    0.02006627560134918,
    0.019098227459286885,
    0.018762842589427554,
    0.018935475971490617,
    0.0186316276649161,
    0.018693630140097367,
    0.018949772896511213,
    0.018510025038960435,
    0.018293319654370113
  ],
  "final_mse": 0.018133938948195132,
  "final_sdr_db": 14.598312271965874,
  "final_symbol_accuracy": 0.9765437500000009
}