{
    "train_mse": 1.1991192373275756,
    "train_sdr_db": -3.6739841907501223,
    "train_symbol_accuracy": 0.3701497500000002,
    "final_mse": 1.2091115883418493,
    "final_sdr_db": -3.7102085560087175,
    "final_symbol_accuracy": 0.36790250000000035,
    "val_symbol_accuracy": 0.36790250000000035,
    "train_history": [],
    "val_history": []
}