{
    "train_mse": 1.4135515689849854,
    "train_sdr_db": -4.413912773132324,
    "train_symbol_accuracy": 0.30091796875000015,
    "final_mse": 1.4133344739675522,
    "final_sdr_db": -4.411977231502533,
    "final_symbol_accuracy": 0.29729492187500006,
    "val_symbol_accuracy": 0.29729492187500006,
    "train_history": [],
    "val_history": []
}