{
    "train_mse": 1.3212196460137,
    "train_sdr_db": -4.459786341740535,
    "train_symbol_accuracy": 0.38006160714285725,
    "final_mse": 1.3103273556782649,
    "final_sdr_db": -4.4208481495197,
    "final_symbol_accuracy": 0.37609107142857157,
    "val_symbol_accuracy": 0.37609107142857157,
    "train_history": [],
    "val_history": []
}