{
    "train_mse": 0.4200715592384338,
    "train_sdr_db": 0.7576028535842896,
    "train_symbol_accuracy": 0.43156887500000074,
    "final_mse": 0.5665080083741082,
    "final_sdr_db": -0.5412282248338064,
    "final_symbol_accuracy": 0.2556199999999999,
    "val_symbol_accuracy": 0.2556199999999999,
    "train_history": [
        0.5044164836406708,
        0.5000161428451538,
        0.5000042231082916,
        0.49998765869140627,
        0.49996456689834595,
        0.499935783624649,
        0.49988872838020326,
        0.4998378038406372,
        0.49976570649147034,
        0.49968902077674865,
        0.4995996162891388,
        0.49948993997573854,
        0.4993389840602875,
        0.4991291632175446,
        0.498840386390686,
        0.4985160623550415,
        0.4981658752918243,
        0.4977813536643982,
        0.49741726088523863,
        0.4970258831977844,
        0.49661962661743164,
        0.49623123350143433,
        0.4958156691551209,
        0.49538590569496155,
        0.4949565864562988,
        0.4946248646736145,
        0.4940595055580139,
        0.49364085879325864,
        0.4932046823501587,
        0.4927336915969849,
        0.4923723666191101,
        0.49187725424766543,
        0.4914036512374878,
        0.4909113700389862,
        0.49043579473495486,
        0.4899185151576996,
        0.4894528996944427,
        0.48896029529571533,
        0.4884378909111023,
        0.48788069796562195,
        0.4873431402683258,
        0.4868674693584442,
        0.48630230197906493,
        0.4858200565338135,
        0.48530786991119385,
        0.48475631341934206,
        0.4843703755378723,
        0.48378571228981015,
        0.4832805900096893,
        0.4827706388950348,
        0.48229269728660584,
        0.4817955904006958,
        0.48130644493103025,
        0.4808206528186798,
        0.4803681212902069,
        0.4799188193798065,
        0.4795232619285584,
        0.47906013250350954,
        0.47852665939331057,
        0.4781994885444641,
        0.47778540439605716,
        0.4773861244678497,
        0.47683804845809935,
        0.47652895846366883,
        0.47615211482048037,
        0.4757353167533874,
        0.47524780373573305,
        0.4748742410182953,
        0.4744340700626373,
        0.47405783791542055,
        0.47370830173492434,
        0.473401278591156,
        0.47293288583755494,
        0.47254165682792665,
        0.4721846685409546,
        0.47191846380233765,
        0.47150995965003967,
        0.47105233030319216,
        0.47087111639976503,
        0.4705179406166077,
        0.47016692781448366,
        0.46983440542221067,
        0.46939331755638125,
        0.46917271223068235,
        0.46874872493743897,
        0.4683259025096893,
        0.4681986981868744,
        0.46774184923171996,
        0.467451033449173,
        0.46703378591537476,
        0.4667758066177368,
        0.46647232155799867,
        0.46596867022514343,
        0.46549605660438537,
        0.4652318802833557,
        0.4649075430393219,
        0.46454707560539243,
        0.46401207976341247,
        0.4636269043445587,
        0.4632442810535431,
        0.46280345692634584,
        0.4622538691043854,
        0.46176184759140015,
        0.461361456823349,
        0.4610420358657837,
        0.46090960845947265,
        0.46044837884902956,
        0.4598626805782318,
        0.4593242657661438,
        0.45872526178359985,
        0.4586840512752533,
        0.45824860820770263,
        0.45750284581184386,
        0.4572994206428528,
        0.4571275244235992,
        0.4565643138885498,
        0.45598413314819336,
        0.4558923976421356,
        0.4554955671310425,
        0.45524128313064577,
        0.4550305507183075,
        0.4551646618843079,
        0.4539365972995758,
        0.45301733360290525,
        0.45299229316711426,
        0.4528763644218445,
        0.4524538459777832,
        0.4520321509361267,
        0.452453937292099,
        0.45239044971466064,
        0.4521093792438507,
        0.4515923312187195,
        0.4502184654712677,
        0.45023632040023803,
        0.4506864168167114,
        0.44959268159866334,
        0.4499564182281494,
        0.44949521536827086,
        0.4488930676460266,
        0.4493141665935516,
        0.4486014501094818,
        0.44780376343727113,
        0.44768786177635195,
        0.4471190613746643,
        0.44678377656936646,
        0.44714379620552064,
        0.4473608107566833,
        0.44656807050704955,
        0.4460207990646362,
        0.4456173586368561,
        0.44551572842597964,
        0.4460155049800873,
        0.4471467729568481,
        0.44515469465255736,
        0.44379505033493044,
        0.4436912624835968,
        0.44378638892173766,
        0.4437370160579681,
        0.4439878470420837,
        0.44406864290237424,
        0.4443326794624329,
        0.4429344960212708,
        0.44259715995788573,
        0.4436242983818054,
        0.44310297961235046,
        0.4435123335838318,
        0.44165330848693846,
        0.4412593583583832,
        0.44197831931114195,
        0.44431219143867495,
        0.44219024205207824,
        0.44028733463287356,
        0.440502885389328,
        0.440042897939682,
        0.4398244616508484,
        0.4401322056770325,
        0.44051126942634583,
        0.440783850479126,
        0.4400340090274811,
        0.4397228796005249,
        0.43914490747451784,
        0.43957583084106444,
        0.43810754685401915,
        0.43773645210266116,
        0.43909547390937803,
        0.43881646432876587,
        0.4384156596660614,
        0.4385489026069641,
        0.4373893930912018,
        0.43672395696640015,
        0.4367787135601044,
        0.4364954028129578,
        0.43920081276893613,
        0.4383457556247711,
        0.4369865710735321,
        0.43555510058403013,
        0.43469516468048097,
        0.4354884122848511,
        0.43837410535812377,
        0.438497935295105,
        0.4363708879470825,
        0.434332519865036,
        0.4337065131664276,
        0.4361584768295288,
        0.4343415043354034,
        0.43398014712333677,
        0.434121791934967,
        0.4338742359638214,
        0.43535339374542237,
        0.4337292561531067,
        0.43364736108779905,
        0.4345082700252533,
        0.43417689266204834,
        0.4334451701164246,
        0.43349651765823366,
        0.43292726073265075,
        0.43328472375869753,
        0.4325705344200134,
        0.4331230857372284,
        0.43327890419960025,
        0.4321584083557129,
        0.4318897210121155,
        0.4326110198974609,
        0.43402743244171144,
        0.4323967430114746,
        0.430678071641922,
        0.4309204039096832,
        0.4313836465358734,
        0.43218270716667173,
        0.4336368559360504,
        0.43113839569091794,
        0.42991237325668336,
        0.42906776027679444,
        0.4304531885623932,
        0.4328255240917206,
        0.43194691104888916,
        0.4298545748710632,
        0.4294340585231781,
        0.4290372766494751,
        0.43037881994247434,
        0.4299272916316986,
        0.43262747755050657,
        0.4305954825878143,
        0.43073822689056396,
        0.42899427919387817,
        0.4278369306087494,
        0.4271286112308502,
        0.4273019441604614,
        0.42843529019355775,
        0.4291253709316254,
        0.4283001996040344,
        0.42827631425857543,
        0.4278924617767334,
        0.42821962032318117,
        0.4313326913356781,
        0.4288215274333954,
        0.4267485641002655,
        0.4258694151878357,
        0.4276098346233368,
        0.4300480074882507,
        0.42820880308151243,
        0.4270078406333923,
        0.4269335167884827,
        0.42816777038574216,
        0.4260750438213348,
        0.4250932270050049,
        0.4256081326961517,
        0.4265071158409119,
        0.4257624526977539,
        0.42667146487236024,
