{
    "train_mse": 0.499586111164093,
    "train_sdr_db": 0.003599296035896987,
    "train_symbol_accuracy": 0.25851275000000024,
    "final_mse": 0.5002179528985705,
    "final_sdr_db": -0.001890240301330027,
    "final_symbol_accuracy": 0.25046124999999997,
    "val_symbol_accuracy": 0.25046124999999997,
    "train_history": [
        0.51452164478302,
        0.5000116844177246,
        0.500004137802124,
        0.4999958918094635,
        0.4999874701976776,
        0.49997126235961914,
        0.4999498899459839,
        0.4999137764453888,
        0.4998660859584808,
        0.4998092363357544
    ],
    "val_history": [
        0.5000273112266783,
        0.5000072443296039,
        0.5000056104054527,
        0.5000183856676496,
        0.5000185777270605,
        0.5000192731145828,
        0.5000380679728493,
        0.5000753625044747,
        0.5000834658978477,
        0.5002179528985705
    ]
}