{
    "train_mse": 0.500043086707592,
    "train_sdr_db": -0.000372816819435684,
    "train_symbol_accuracy": 0.25755859375,
    "final_mse": 0.5000880546867847,
    "final_sdr_db": -0.00076351398092811,
    "final_symbol_accuracy": 0.25835937500000017,
    "val_symbol_accuracy": 0.25835937500000017,
    "train_history": [],
    "val_history": []
}