{
    "final_mse": 0.5500608301162719,
    "final_sdr_db": -0.413681337594986,
    "final_symbol_accuracy": 0.25026687500000017,
    "train_history": [
        0.5072330556631088,
        0.50005057117939,
        0.4999995544910431,
        0.49999345881938934,
        0.4999835206031799,
        0.4999589274406433,
        0.49992807104587556,
        0.4998850815296173,
        0.4998365871191025,
        0.49977565474510194,
        0.49969316201210023,
        0.49955248787403106,
        0.49933612525463106,
        0.4990480206489563,
        0.49869830594062803,
        0.4982703566074371,
        0.4977715295314789,
        0.49716191506385804,
        0.4964624409914017,
        0.49569769077301024,
        0.49491372363567354,
        0.49411372163295747,
        0.49331579294204714,
        0.4925167774438858,
        0.49177918667793274,
        0.4910317286729813,
        0.4903209740638733,
        0.48962917795181277,
        0.48896986770629886,
        0.4883708527803421,
        0.48776083869934084,
        0.4872190959215164,
        0.4866699629545212,
        0.4861344409942627,
        0.48565945749282835,
        0.48516154496669767,
        0.48474457421302797,
        0.48430222210884094,
        0.4838782369613647,
        0.48347990324497225,
        0.4830957479476929,
        0.48270914788246155,
        0.48238598899841306,
        0.48202451572418215,
        0.4816944525241852,
        0.48137686274051666,
        0.48108126995563505,
        0.4807580216169357,
        0.4804660408973694,
        0.48020072648525236,
        0.47994126501083373,
        0.47964243454933164,
        0.4794123331785202,
        0.4791661027669907,
        0.4788797085046768,
        0.4786897203683853,
        0.4784181066274643,
        0.47819800407886504,
        0.4779663857460022,
        0.47777467358112335,
        0.4776084348201752,
        0.4773983545780182,
        0.477146683049202,
        0.47695417375564575,
        0.47673780097961427,
        0.4765685677528381,
        0.47634185366630555,
        0.4761536541700363,
        0.4759684639453888,
        0.4757819606781006,
        0.47557292563915254,
        0.4754346484661102,
        0.4752181902885437,
        0.47503103754520415,
        0.47481360516548154,
        0.47468947882652285,
        0.47445269837379456,
        0.47425399765968324,
        0.4740638726711273,
        0.4738418082475662,
        0.47358632130622863,
        0.47339166667461396,
        0.47316419339179994,
        0.47290261299610137,
        0.47267908153533933,
        0.47240415444374084,
        0.47215029656887053,
        0.4719057183742523,
        0.47164248015880583,
        0.47138064432144167,
        0.4710964429616928,
        0.47082916867733,
        0.47059701025485995,
        0.47034849042892457,
        0.47009724452495577,
        0.4698098056554794,
        0.46956628766059877,
        0.4693041541814804,
        0.46909549913406373,
        0.4688206563949585,
        0.4685737778902054,
        0.4683208743095398,
        0.46809544529914854,
        0.46789282541275024,
        0.46763563194274904,
        0.46741591150760653,
        0.4672206867218018,
        0.4669915330886841,
        0.4667501869440079,
        0.466564274764061,
        0.46634872269630434,
        0.4661772174119949,
        0.4659704908370972,
        0.4657311002492905,
        0.46557035765647886,
        0.46537552359104156,
        0.46517655153274534,
        0.4649617714881897,
        0.4648061670780182,
        0.464630787396431,
        0.46449241518974305,
        0.46431586112976075,
        0.4640974752664566,
        0.46394111568927765,
        0.4637618169546127,
        0.4635866025209427,
        0.4634097005367279,
        0.4632991304397583,
        0.46309130320549013,
        0.4629299169540405,
        0.462791861820221,
        0.46266663875579833,
        0.46247558820247653,
        0.4623297985076904,
        0.46212718052864077,
        0.4620608632326126,
        0.4618684605360031,
        0.4617243308544159,
        0.4615934516429901,
        0.4614474986553192,
        0.4613393262863159,
        0.46114916121959687,
        0.4610302498817444,
        0.4608719690561295,
        0.4607638493537903,
        0.4606439303159714,
        0.4604778929948807,
        0.4603673680782318,
        0.4602489995718002,
        0.4601104959249496,
        0.4600214524269104,
        0.4598716692209244,
        0.45975946304798126,
        0.45960888156890867,
        0.4594822178125382,
        0.4593896455526352,
        0.45927779741287234,
        0.4591539028644562,
        0.459031512093544,
        0.45886035809516906,
        0.45882794580459596,
        0.4587209192991257,
        0.4585845130443573,
        0.4584277261018753,
        0.4583255410671234,
        0.4582664994716644,
        0.458117356133461,
        0.4580201779603958,
        0.45790469059944156,
        0.45783327631950377,
        0.457728697013855,
        0.4576350528717041,
        0.457492099070549,
        0.4574067731142044,
        0.45730072700977326,
        0.4572190050840378,
        0.4570739440202713,
        0.45700028285980226,
        0.4568840091228485,
        0.45681009213924406,
        0.4566948084115982,
        0.4566213591337204,
        0.4565020549058914,
        0.4564057334184647,
        0.4563296227931976,
        0.45622863969802857,
        0.4561547996044159,
        0.456036311006546,
        0.45597949767112733,
        0.45587762904167173,
        0.45577590465545653,
        0.45570232408046724,
        0.45556728918552397,
        0.4555225506067276,
        0.4554530467748642,
        0.45532452416419983,
        0.455254553437233,
        0.45519519777297973,
        0.4550764240503311,
        0.4550113818883896,
        0.45492182490825656,
        0.4548821191072464,
        0.45478916020393373,
        0.454668093085289,
        0.45458787586689,
        0.4545152568101883,
        0.4544332771062851,
        0.45434366309642793,
        0.4543257081747055,
        0.45420513112545013,
        0.4541066930770874,
        0.4540647686958313,
        0.4539686590433121,
        0.45390817217826845,
        0.4538071352481842,
        0.45379271969795226,
        0.4537104868412018,
        0.4536075418949127,
        0.45353725697994235,
        0.4534520998954773,
        0.453419727396965,
        0.4532948020458221,
        0.4532778443813324,
        0.4531219303369522,
        0.4531138460636139,
        0.4530001258373261,
        0.4529210439920425,
        0.452866597032547,
        0.4528027984142303,
        0.45276394758224486,
        0.45264195413589475,
        0.4525738495349884,
        0.4525218205451965,
        0.45249212636947633,
        0.45238486070632933,
        0.4523303188800812,
        0.4522780715465546,
        0.4522529962539673,
        0.4521166607618332,
        0.45207458596229555,
        0.45195714116096497,
        0.4519209920167923,
        0.45189044682979584,
        0.4518151575088501,
        0.4517296994447708,
        0.4516841692686081,
        0.4515921741008759,
        0.4515574093103409,
        0.45146136481761934,
        0.45142130076885223,
        0.4513755421638489,
        0.45130976073741913,
        0.4512592869758606,
        0.45117029893398286,
        0.4510996146440506,
        0.45103270437717435,
        0.4510172975540161,
        0.4509578963279724,
        0.45089054548740387,
        0.4507971721172333,
        0.45071459934711455,
        0.45072633805274964,
        0.45064210410118105,
        0.45056354558467865,
        0.4505126188993454,
        0.4504471648216248,
        0.45040636291503905,
        0.4503396702051163,
        0.4502823426246643,
        0.45026078684329984,
        0.4502305929899216,
        0.45015777339935303,
        0.4501125758171082,
        0.45003910608291625,
        0.44998787138462065,
        0.44987789523601535,
