{
    "train_mse": 0.4853595793247223,
    "train_sdr_db": 0.12918103649280965,
    "train_symbol_accuracy": 0.3191950000000001,
    "final_mse": 0.5073239505290985,
    "final_sdr_db": -0.06309423968195915,
    "final_symbol_accuracy": 0.25006249999999997,
    "val_symbol_accuracy": 0.25006249999999997,
    "train_history": [
        0.6094541121274233,
        0.5722681488841772,
        0.5537105984985828,
        0.5370745416730642,
        0.5208976995199919,
        0.5093536339700222,
        0.5024038776755333,
        0.4987862389534712,
        0.49619375728070736,
        0.492086173966527
    ],
    "val_history": [
        0.584069013595581,
        0.5635195970535278,
        0.5467026233673096,
        0.5289405286312103,
        0.5158491730690002,
        0.5072368085384369,
        0.5034030973911285,
        0.5029912889003754,
        0.5038381516933441,
        0.5073239505290985
    ]
}