{
    "train_mse": 0.3980511203289032,
    "train_sdr_db": 0.9909358585357666,
    "train_symbol_accuracy": 0.45480987499999903,
    "final_mse": 0.3991741788765741,
    "final_sdr_db": 0.9787111963544574,
    "final_symbol_accuracy": 0.45345249999999954,
    "val_symbol_accuracy": 0.45345249999999954,
    "train_history": [
        0.511310353899002,
        0.4947995233535767,
        0.48104456815719604,
        0.4723394417762756,
        0.4654757755756378,
        0.45998459310531614,
        0.4529577143192291,
        0.4477379533290863,
        0.4436152244091034,
        0.43859615626335147,
        0.4323422105789185,
        0.42446164498329164,
        0.41596288866996767,
        0.4118293828487396,
        0.40946351861953734,
        0.4068521126270294,
        0.4031428773880005,
        0.40089099612236023,
        0.39952123970985415,
        0.3987518615245819
    ],
    "val_history": [
        0.5000025095447661,
        0.48721223927679513,
        0.47600425141198294,
        0.46840819621843005,
        0.46287651478298125,
        0.45725216515480527,
        0.4495093623797099,
        0.4459466063787067,
        0.44170242074936156,
        0.43599971797731185,
        0.4291403175346435,
        0.42019767136800856,
        0.4137394678971124,
        0.4109814375165909,
        0.40908229161822607,
        0.4051751915424589,
        0.4025305045975579,
        0.40064013997713727,
        0.39985082215733,
        0.3991741788765741
    ]
}