{
    "final_mse": 0.4280175363260602,
    "final_sdr_db": 0.6754996010235378,
    "final_symbol_accuracy": 0.39689874999999974,
    "train_history": [
        0.5046773288249969,
        0.49426242270469667,
        0.4810586127281189,
        0.4746080626964569,
        0.4705863884449005,
        0.4669137408733368,
        0.4635280936717987,
        0.4594319097042084,
        0.4554583493709564,
        0.4522746283531189,
        0.4476702752590179,
        0.4416639365673065,
        0.4365251150131226,
        0.4322080177783966,
        0.42989697189331055,
        0.4292242426395416,
        0.42866018381118776,
        0.4283173716545105,
        0.4280078098773956,
        0.42769934492111206
    ],
    "val_history": [
        0.49888567224381464,
        0.48673374690706767,
        0.47724306157657076,
        0.47261333985934184,
        0.46887994096392677,
        0.4656474008446648,
        0.4619827355657305,
        0.4576097291613382,
        0.4546029468377431,
        0.4499501713684627,
        0.44491254289944965,
        0.43947833303421263,
        0.4342800463948931,
        0.43092889634389725,
        0.4298937363283975,
        0.429385426025542,
        0.42890592274211703,
        0.4287861268671732,
        0.4285188473406292,
        0.4280175363260602
    ]
}