{
    "train_mse": 0.19252616725862026,
    "train_sdr_db": 4.151199996471405,
    "train_symbol_accuracy": 0.7347656249999999,
    "final_mse": 0.19335047528147697,
    "final_sdr_db": 4.1340765953063965,
    "final_symbol_accuracy": 0.73212890625,
    "val_symbol_accuracy": 0.73212890625,
    "train_history": [],
    "val_history": []
}