{
    "train_mse": 4.360801376169548e-05,
    "train_sdr_db": 40.59795396728516,
    "train_symbol_accuracy": 1.0,
    "final_mse": 4.3688926939106e-05,
    "final_sdr_db": 40.58990757049076,
    "final_symbol_accuracy": 1.0,
    "val_symbol_accuracy": 1.0,
    "train_history": [
        0.023739211239106953,
        0.001307783664483577,
        0.0008325066994410008,
        0.0006206827582325786,
        0.0005641219446668401,
        0.0004607571225846186,
        0.000401531390612945,
        0.0003262441004742868,
        0.0003222009080112912,
        0.0002684638191247359,
        0.00025931168587412683,
        0.00022011209419579245,
        0.0001978347636584658,
        0.00017446405658265576,
        0.00016510200578486546,
        0.00014908033955725843,
        0.00012558933126856573,
        0.00047600581948063336,
        0.00016773165409686043,
        0.00012988958665519022
    ],
    "val_history": [
        0.0022999884612444374,
        0.0014047999829349537,
        0.0005541186214291624,
        0.00034189909291897145,
        0.0006756384234269341,
        0.00029336592683287723,
        0.00027794737113817105,
        0.00017745200117739537,
        0.0002046799421631953,
        0.00013487651853615211,
        0.00010232933397803987,
        0.00015356187410246107,
        0.00020171848304998424,
        9.90947626719606e-05,
        0.0003692436120694592,
        8.984461301080292e-05,
        7.847692442795499e-05,
        0.00019768046608771242,
        0.0001707367688169821,
        4.3688926939106e-05
    ]
}