{
    "train_mse": 0.13043948320242074,
    "train_sdr_db": 5.838440528282752,
    "train_symbol_accuracy": 0.9335125000000005,
    "final_mse": 0.1303866173212345,
    "final_sdr_db": 5.840438292576716,
    "final_symbol_accuracy": 0.9333750000000001,
    "val_symbol_accuracy": 0.9333750000000001,
    "train_history": [],
    "val_history": []
}