{
    "primary_metric": "val_pit_mse",
    "val_pit_mse": 0.454922828823328,
    "val_pit_sdr_db": 0.4392033629119396,
    "final_mse": 0.454922828823328,
    "final_sdr_db": 0.4392033629119396,
    "train_history": [
        0.46090259195897526,
        0.45741263926981357,
        0.4558981753195437,
        0.4549882656659562,
        0.45466807998788245,
        0.4542627902076648,
        0.4540378505619951,
        0.45404630547133495,
        0.45381481931232415,
        0.4537121211758818,
        0.4535171130594735,
        0.4534105498569842,
        0.4531163399973616,
        0.45314541839943906,
        0.45278412170303517,
        0.45269174707202486,
        0.4526429802845842,
        0.4521591274883039,
        0.45226210898484664,
        0.45206446921863497,
        0.45191977713435605,
        0.45197365154473546,
        0.45159513748491914,
        0.45122223464063943,
        0.4509927938921383,
        0.45087154833272625,
        0.4506681835689484,
        0.45053441979633735,
        0.4503955340233093,
        0.45029850432667107,
        0.44983482665528124,
        0.44962271562399575,
        0.4494327676181976,
        0.44894995971228746,
        0.4492073181909494,
        0.44880905737892124,
        0.4486329200359198,
        0.4482977004668202,
        0.4480350574555869,
        0.44768524807862964,
        0.447379290295866,
        0.4474121730167645,
        0.4469863320120607,
        0.4466496373708256,
        0.44615854384800113,
        0.44604636124147773,
        0.44572320942299815,
        0.4453853828648028,
        0.44530850429885305,
        0.44536383102496213,
        0.4443518140445502,
        0.4441807123418814,
        0.44383030272901247,
        0.443308044070253,
        0.44286698064865015,
        0.44239881206244325,
        0.44223468000896443,
        0.44157253781827493,
        0.4411244981776411,
        0.4406254792365784,
        0.44015944546784835,
        0.4398544593550527,
        0.43891427882563194,
        0.4386881506100249,
        0.43806384403865556,
        0.4373868939023429,
        0.43646352930952564,
        0.43627691725953316,
        0.4360636963059727,
        0.43491856682414826,
        0.4342096600288781,
        0.4332973507646555,
        0.4326791937549274,
        0.43199393105583067,
        0.43135513265292863,
        0.4304435920601074,
        0.42992697965603666,
        0.42896716701336945,
        0.4281451145109658,
        0.42732317988484053,
        0.4266330257010536,
        0.426466145168859,
        0.42567768626319713,
        0.4248832764145665,
        0.4242042289755215,
        0.42355874523568077,
        0.42315427897075497,
        0.42194899250143253,
        0.4221736259353808,
        0.42110542595957795,
        0.4202992410515063,
        0.4202603503538016,
        0.4196714467514818,
        0.419094852460459,
        0.41809035271120526,
        0.4183285068780089,
        0.4176951948636637,
        0.417207615824934,
        0.41654911703956776,
        0.41597739880839096,
        0.41624541452136665,
        0.4153079484788755,
        0.4154023188181198,
        0.4147936427555145,
        0.4142262058707472,
        0.4138498101561976,
        0.4138997699886846,
        0.4129929847229784,
        0.41277044763961157,
        0.4115845392496822,
        0.4114922000386844,
        0.4114041781653992,
        0.41180540940251215,
        0.4109404327008671,
        0.41024779759276025,
        0.41015120055347964,
        0.40981228959065275,
        0.40907894232021735,
        0.4089023456596338,
        0.40915688329611344,
        0.4081307822903886,
        0.40830196892491544,
        0.40862678919737333,
        0.4073564748223216,
        0.40729382586555357,
        0.407258011567326,
        0.4064344597129395,
        0.40626764973512475,
        0.406394471280491,
        0.40601424734813335,
        0.40563798769594384,
        0.40478698247537825,
        0.4044412708701417,
        0.40423140520104966,
        0.4049103488556493,
        0.40345790315740787,
        0.4040900604031718,
        0.4034969382011852,
        0.4026431905956695,
        0.40292370633576247,
        0.4028165005266476,
        0.4026258148895666,
        0.40233803185792016,
        0.4022438668024045,
        0.4017638214670431,
        0.4010028262107898,
        0.40120494251434036,
        0.40093214186235737,
        0.400615228726841,
        0.40015078505007223,
        0.40012504984014713,
        0.39966348860972223,
        0.39977681760589917,
        0.3992435413237197,
        0.39931452093413844,
        0.39877163868742627,
        0.3989245781121543,
        0.39885000260874104,
        0.39837639971663014,
        0.3982515463623376,
        0.3983323269377882,
        0.39750706463956986,
        0.39806851830345374,
        0.3974713926878981,
        0.39678898149024183,
        0.39743064186824395,
        0.39689100959811346,
        0.39665340805967775,
        0.3968324802173212,
        0.39621739808362894,
        0.39624489296358617,
        0.3962988293589875,
        0.39584096666342156,
        0.3953092782832563,
        0.3960307392830285,
        0.39535797404024164,
        0.3947662594028936,
        0.3954100226061032,
        0.3949064895177421,
        0.39442054389383846,
        0.3946629436061786,
        0.39488250512284595,
        0.3941963884396294,
        0.39440714989226466,
        0.39374509967934973,
        0.3944972017512154,
        0.39302356669697136,
        0.39319350696600286,
        0.3932279594028339,
        0.3935959391510144,
        0.3929095393933427,
        0.39285555310523546,
        0.3931759967209813,
        0.3926112584222239,
        0.39237003414013893,
        0.39267371513973026,
        0.3926417534343732,
        0.3931732724268977,
        0.3929074720833629,
        0.3920387214365097
    ],