{
    "final_mse": 8.111253070334594e-05,
    "final_sdr_db": 37.90242240542457,
    "final_symbol_accuracy": 1.0,
    "train_history": [
        0.04508179082237184,
        0.001274537306651473,
        0.0009473032583482563,
        0.0007532834302634001,
        0.0006166652923682705,
        0.000544648623932153,
        0.0005472921871114522,
        0.0100181853545364,
        0.0007585690001491457,
        0.0004973501354455948,
        0.0004512571122962981,
        0.0004225814088364132,
        0.00036355072789592667,
        0.00036751843977253886,
        0.0009477376501192339,
        0.00035801356707233935,
        0.0002960646962979808,
        0.0003008499695919454,
        0.0002411905415938236,
        0.00024689643190940844
    ],
    "val_history": [
        0.0013173436450343284,
        0.0013941392276643051,
        0.0013433942545412316,
        0.0006888322199561767,
        0.0003465299553696125,
        0.00016279361027825092,
        0.00041234196904706697,
        0.0013508797523432545,
        0.00034902284396738404,
        0.00048473367369585924,
        0.0002248744593031468,
        0.0004106871940801659,
        0.00017502069051030078,
        0.0001558488420125777,
        0.0002530933245055614,
        0.00013169858836576285,
        7.886109822374281e-05,
        0.0002774738670615036,
        0.00016836029669595144,
        8.111253070334594e-05
    ]
}