{
    "train_mse": 0.5000064618587494,
    "train_sdr_db": -5.6152359867701306e-05,
    "train_symbol_accuracy": 0.24988925000000126,
    "final_mse": 0.5000075546521989,
    "final_sdr_db": -6.563585359092233e-05,
    "final_symbol_accuracy": 0.24946625000000008,
    "val_symbol_accuracy": 0.24946625000000008,
    "train_history": [
        0.5023968137741089,
        0.500021421957016,
        0.5000045799732208,
        0.5000036336898803,
        0.5000032015323639,
        0.5000042597293853,
        0.5000034420967102,
        0.5000059975624085,
        0.5000039891719819,
        0.5000041847229004,
        0.5000043112754822,
        0.5000051619529724,
        0.5000056007385254,
        0.5000040111541748,
        0.5000071669101716,
        0.5000050497055054,
        0.5000040038585662,
        0.5000047559738159,
        0.5000053932666778,
        0.500004248380661,
        0.5000042644023895,
        0.5000038050651551,
        0.5000046137809754,
        0.5000051138401032,
        0.5000046685218811,
        0.5000043228626251,
        0.5000041815757752,
        0.5000037694454194,
        0.5000045576095581,
        0.5000045818328858,
        0.5000040740489959,
        0.5000036458492279,
        0.5000050445556641,
        0.5000039403438568,
        0.5000046896457672,
        0.5000049092769623,
        0.5000039737224579,
        0.5000053360939026,
        0.5000042737483978,
        0.5000048416137696,
        0.5000039881229401,
        0.5000043810844421,
        0.5000042054653168,
        0.5000041547775269,
        0.5000041981220246,
        0.5000050382614136,
        0.5000042027473449,
        0.5000039426326752,
        0.5000042648315429,
        0.500004371547699,
        0.500004352092743,
        0.5000046357154846,
        0.5000038031578063,
        0.50000432639122,
        0.5000039280891418,
        0.5000045583724976,
        0.5000042978286743,
        0.5000054401397706,
        0.5000042737483978,
        0.5000045711517334,
        0.5000045721054077,
        0.5000041396141052,
        0.5000042228221894,
        0.5000042109489441,
        0.5000049976348877,
        0.500004366350174,
        0.5000040803432465,
        0.5000042410373687,
        0.5000044722557068,
        0.5000048805236816,
        0.5000038922786713,
        0.5000041995048523,
        0.5000047597885132,
        0.50000447306633,
        0.500004643201828,
        0.500003793478012,
        0.5000045129776001,
        0.5000051317214966,
        0.5000046844482422,
        0.5000041829586029,
        0.5000038889884949,
        0.5000040230751037,
        0.5000048744201661,
        0.5000041970252991,
        0.500003819847107,
        0.5000042232513427,
        0.5000052161216736,
        0.5000035410404206,
        0.5000049696445465,
        0.5000045230388641,
        0.5000046912670135,
        0.5000044500350952,
        0.5000037232398987,
        0.5000045928955078,
        0.5000050432682037,
        0.5000049387454987,
        0.5000040998458862,
        0.5000048636913299,
        0.500005388212204,
        0.5000047123908996,
        0.5000053202629089,
        0.5000039762496948,
        0.5000046174526215,
        0.5000041679859162,
        0.5000040607929229,
        0.5000042346477509,
        0.5000047321796417,
        0.5000027749538422,
        0.5000037466049194,
        0.5000040947437286,
        0.5000048882007598,
        0.5000037324428558,
        0.5000037909984588,
        0.5000043330669403,
        0.5000037708759307,
        0.5000035085201263,
        0.5000044212341309,
        0.5000047626972198,
        0.5000046492099762,
        0.5000047225952149,
        0.5000039642810822,
        0.5000046343803406,
        0.5000042498588562,
        0.5000036898612976,
        0.5000040186882019,
        0.5000050579071045,
        0.5000043959617615,
        0.5000044144630432,
        0.5000044034004212,
        0.5000041714668274,
        0.5000046441078186,
        0.5000045879364013,
        0.500004494714737,
        0.5000046555519104,
        0.5000041971206665,
        0.500004363489151,
        0.5000047734737396,
        0.5000042631149292,
        0.5000044541835785,
        0.5000044886112213,
        0.5000033693790435,
        0.5000056493759155,
        0.5000042707443237,
        0.5000043334007264,
        0.5000043112754822,
        0.5000045850276947,
        0.5000038843631744,
        0.5000055471420288,
        0.5000039939403534,
        0.5000044780731201,
        0.5000038663864136,
        0.5000032213687897,
        0.500004171705246,
        0.5000038861274719,
        0.5000046991825103,
        0.5000051083087921,
        0.5000050938129426,
        0.5000041184425355,
        0.5000043456077575,
        0.500004048871994,
        0.5000046408176422,
        0.5000047443389892,
        0.5000038271903992,
        0.5000036709785461,
        0.5000046281814575,
        0.5000042647361755,
        0.5000044787406921,
        0.5000049118995666,
        0.5000045230388641,
        0.5000043496608734,
        0.5000045920372009,
        0.5000045069694519,
        0.5000051358222961,
        0.5000034452438354,
        0.5000033908843994,
        0.5000051496982575,
        0.5000034910678863,
        0.5000047358989715,
        0.5000044221401214,
        0.5000041435241699,
        0.5000047552108765,
        0.5000047019004822,
        0.5000045097351075,
        0.5000048583984374,
        0.5000052038192749,
        0.5000038947582245,
        0.5000041750431061,
        0.5000036533355713,
        0.500004942035675,
        0.5000041204452514,
        0.5000046457767486,
        0.5000047894954681,
        0.500004903793335,
        0.500005095911026,
        0.5000032709121704,
        0.5000049147129059,
        0.5000037796020508,
        0.5000039691925049,
        0.5000040321350098,
        0.5000044123649597,
        0.5000035846233368,
        0.500004720878601,
        0.5000044992446899,
        0.500004907798767,
        0.5000041509628296,
        0.5000044248104095,
        0.5000044084072113,
        0.500005025100708,
        0.50000383477211,
        0.5000037034034729,
        0.5000038601875305,
        0.5000032387256622,
        0.500004226732254,
        0.5000035776138305,
        0.5000054522037506,
        0.5000039798259736,
        0.500003845500946,
        0.5000038062572479,
        0.5000038188457488,
        0.5000043641090393,
        0.5000046925067901,
        0.5000039400577545,
        0.5000043883800507,
        0.5000050414085389,
        0.5000050078392029,
        0.5000040577888489,
        0.500004609298706,
        0.5000045504570008,
        0.5000046080112457,
        0.5000050072193146,
        0.500004187631607,
        0.5000041028022766,
        0.500004346370697,
        0.5000038696289062,
        0.500005020570755,
        0.500003940820694,
        0.5000051505565644,
        0.5000049756526947,
        0.5000043026447296,
        0.5000035584449768,
        0.5000049633979797,
        0.5000041167736053,
        0.5000045651435852,
        0.5000047739028931,
        0.5000045502662659,
        0.5000036367893219,
        0.5000040723323822,
        0.5000044247150421,
        0.5000050669193268,
        0.5000043786525726,
        0.5000039530277253,
        0.500004519033432,
        0.5000043005943299,
        0.5000048601627349,
        0.5000044228553772,
        0.5000039247512817,
        0.5000041407108307,
        0.5000036445140839,
        0.5000038601875305,
        0.5000042559146881,
        0.5000043465614319,
        0.500003614282608,
        0.5000041392326355,
        0.5000052807807922,
        0.5000045348167419,
        0.5000046349525452,
        0.5000053805351258,
        0.5000047581195831,
        0.5000045889854431,
        0.5000042139053344,
        0.5000041364669799,
        0.5000049239635468,
        0.500004397726059,
        0.5000030731678009,
