{
    "final_mse": 0.24946993589401245,
    "final_sdr_db": 3.019517421722412,
    "final_symbol_accuracy": 0.605,
    "train_history": [
        0.8029287457466125,
        0.5773589015007019,
        0.38470423221588135,
        0.31906968355178833,
        0.3183426558971405,
        0.32077932357788086,
        0.2978537380695343,
        0.2784263789653778,
        0.27615785598754883,
        0.2787933051586151,
        0.2771146595478058,
        0.2724267542362213,
        0.26752111315727234,
        0.2625526785850525,
        0.2585030496120453,
        0.2570553421974182,
        0.2572207450866699,
        0.25628596544265747,
        0.2536536157131195,
        0.25088486075401306
    ],
    "val_history": [
        0.501628041267395,
        0.4445428252220154,
        0.4064285159111023,
        0.3783450126647949,
        0.35847464203834534,
        0.344383180141449,
        0.335075706243515,
        0.327747106552124,
        0.31859463453292847,
        0.30657169222831726,
        0.29333972930908203,
        0.28129222989082336,
        0.2717098593711853,
        0.265276700258255,
        0.26269009709358215,
        0.26249176263809204,
        0.26133957505226135,
        0.257927805185318,
        0.2534305453300476,
        0.24946993589401245
    ]
}