{
    "train_mse": 0.5000023365020752,
    "train_sdr_db": -2.034347887238255e-05,
    "train_symbol_accuracy": 0.2500087500000002,
    "final_mse": 0.500006289709182,
    "final_sdr_db": -5.4700812994731616e-05,
    "final_symbol_accuracy": 0.2500575,
    "val_symbol_accuracy": 0.2500575,
    "train_history": [
        0.5021157896518708,
        0.5000633199214936,
        0.5000460363864899,
        0.5000358867645264,
        0.500021133518219,
        0.5000104381084443,
        0.5000052701473237,
        0.5000033313274383,
        0.5000070188999176,
        0.5000059567928314
    ],
    "val_history": [
        0.4999985600274707,
        0.5000414498268612,
        0.5000585625095973,
        0.4999910384889633,
        0.500029469766314,
        0.5000087018050845,
        0.49999835898005773,
        0.49999735232383485,
        0.5000060035122765,
        0.500006289709182
    ]
}