{
    "final_mse": 0.5000015046596528,
    "final_sdr_db": -1.3145716111466755e-05,
    "final_symbol_accuracy": 0.24956250000000005,
    "train_history": [
        0.5006068865537644,
        0.4999339052677155,
        0.4999687616109848,
        0.49995613570213315,
        0.5000012758493424,
        0.5000016410112381,
        0.5000037223577499,
        0.49999836032390593,
        0.49999915447235105,
        0.500004038143158,
        0.5000045478343964,
        0.5000050990104675,
        0.5000067551851273,
        0.5000062437534333,
        0.5000077304601669,
        0.5000051445245742,
        0.5000060752630234,
        0.5000059580087661,
        0.5000064756155014,
        0.5000061477661133,
        0.5000062451601028,
        0.5000061446666717,
        0.5000046243906021,
        0.5000063840866089,
        0.500006581044197,
        0.5000053531646729,
        0.5000060165882111,
        0.5000055591344833,
        0.5000055971860886,
        0.5000062481880188,
        0.5000079489946365,
        0.5000058086395264,
        0.5000063925743103,
        0.5000070231676101,
        0.5000057774543762,
        0.5000057202100754,
        0.5000061442136765,
        0.5000063743591309,
        0.5000060209035874,
        0.5000043192625045,
        0.5000073955774307,
        0.5000066576719284,
        0.5000046973705292,
        0.5000059140205383,
        0.5000055723190308,
        0.5000063027381897,
        0.5000069252252579,
        0.5000057952404022,
        0.5000054917097092,
        0.5000065660238266,
        0.5000060522317886,
        0.5000065628528595,
        0.5000057412147522,
        0.5000066018819809,
        0.5000064443588257,
        0.5000053966283798,
        0.5000067632436752,
        0.5000057219982147,
        0.50000623857975,
        0.500006155872345,
        0.500006952381134,
        0.500005935549736,
        0.5000071223735809,
        0.5000057562589645,
        0.5000063878536224,
        0.5000064956665039,
        0.5000062754392623,
        0.5000042393922806,
        0.5000050813198089,
        0.5000062438726425,
        0.5000060611486435,
        0.5000054681539535,
        0.5000057341814041,
        0.5000065826654434,
        0.5000051461935043,
        0.5000072590589524,
        0.5000067327737808,
        0.5000062436580658,
        0.5000062547206878,
        0.5000066692113876,
        0.5000052973985672,
        0.5000063881635666,
        0.5000061445951461,
        0.5000068548202514,
        0.5000071615219116,
        0.5000058355808258,
        0.5000066923856735,
        0.500005272436142,
        0.5000059615135193,
        0.5000041390419007,
        0.5000074262619019,
        0.500005669760704,
        0.5000061792373657,
        0.5000076977014541,
        0.5000058222770691,
        0.5000062182188034,
        0.5000060424804688,
        0.5000060815572739,
        0.5000059975862503,
        0.5000060225963593,
        0.5000060822725296,
        0.5000057273149491,
        0.5000066288232803,
        0.5000055510759354,
        0.5000043945789338,
        0.5000052444219589,
        0.5000071576118469,
        0.5000066720724106,
        0.5000058596372604,
        0.5000062960147857,
        0.500004768037796,
        0.5000069454669952,
        0.5000057876825332,
        0.5000049192905426,
        0.5000059288501739,
        0.5000055978536606,
        0.5000054765224456,
        0.5000078203439713,
        0.500007120013237,
        0.500006103014946,
        0.500006403017044,
        0.5000066434383392,
        0.5000052645683288,
        0.5000061915874481,
        0.5000051916837692,
        0.5000064307451249,
        0.5000060806512833,
        0.5000061449289321,
        0.5000065439224243,
        0.5000063202142715,
        0.5000057938814163,
        0.5000052807807922,
        0.5000053290843963,
        0.5000075317621231,
        0.5000067705869675,
        0.5000055853366852,
        0.500006508564949,
        0.500005903339386,
        0.5000054033756256,
        0.5000052968025207,
        0.5000053518772125,
        0.5000060594558716,
        0.5000067381381988,
        0.5000056145191193,
        0.5000062079668045,
        0.5000066536188126,
        0.5000051035642624,
        0.500006869339943,
        0.5000046180248261,
        0.5000064845323563,
        0.5000068154811859,
        0.5000052689313889,
        0.5000066169500351,
        0.5000067121267319,
        0.5000058310985566,
        0.5000063272476196,
        0.500004783630371,
        0.5000058604717255,
        0.5000055693864822,
        0.5000058379173279,
        0.5000061902284623,
        0.5000071027278901,
        0.5000057378053665,
        0.5000051614522933,
        0.5000048669576644,
        0.5000064869880676,
        0.5000055665493012,
        0.5000078781843186,
        0.5000059484481811,
        0.5000060949325561,
        0.5000054894685745,
        0.5000062916278839,
        0.5000053982257843,
        0.5000057299375534,
        0.5000063666582107,
        0.5000066875219346,
        0.5000049151420594,
        0.5000060804128647,
        0.5000062398195266,
        0.5000073308229447,
        0.5000058474540711,
        0.5000053943157196,
        0.5000059002637863,
        0.5000071011066437,
        0.5000070909976959,
        0.5000048007011414,
        0.5000058414697647,
        0.5000063898563385,
        0.5000061747550965,
        0.5000068010091782,
        0.5000069005727767,
        0.5000058439016342,
        0.5000049340009689,
        0.5000075945615768,
        0.5000070044517517,
        0.5000062840223313,
        0.5000051066637039,
        0.5000058973789215,
        0.5000058386325836,
        0.5000056492567062,
        0.50000545566082,
        0.5000061029911042,
        0.5000054569959641,
        0.5000061784982681,
        0.5000071931123734,
        0.5000057474851608,
        0.5000060652017594,
        0.5000052661657334,
        0.5000073110342026,
        0.500005361533165,
        0.5000064617156983,
        0.5000064061164856,
        0.5000060569763184,
        0.500005892276764,
        0.5000067949771881,
        0.5000063808202744,
        0.5000064685583114,
        0.5000059859991074,
        0.5000068350076675,
        0.5000055945634841,
        0.5000065398454666,
        0.5000063604354859,
        0.5000055259466172,
        0.5000065882921219,
        0.500005997133255,
        0.5000058221101761,
        0.5000049730300903,
        0.5000046414852143,
        0.500005812048912,
        0.5000055986881257,
        0.5000064998626709,
        0.5000072612524032,
        0.5000062423229218,
        0.5000061878681182,
        0.5000060104846954,
        0.5000067118644714,
        0.5000065003156662,
        0.500006732916832,
        0.500005652141571,
        0.5000059257745743,
        0.5000056139945984,
        0.5000061786651612,
        0.5000059300661087,
        0.5000059432983398,
        0.5000063302993775,
        0.5000055975914002,
        0.5000064215421677,
        0.5000056280136108,
        0.5000060729265213,
        0.5000067532539367,
        0.5000068112373353,
        0.5000052113771438,
        0.500006058716774,
        0.5000068975925446,
        0.500006447672844,
        0.5000057611703873,
        0.5000055474758148,
        0.500006678056717,
        0.5000065641880035,
        0.5000070374011993,
        0.5000070805549621,
        0.5000063329935074,
        0.5000061429262161,
        0.5000056701898575,
        0.5000060946702957,
        0.5000061891078948,
        0.5000074433326721,
        0.5000063613653183,
        0.5000069136142731,
        0.5000064567089081,
        0.5000060212135315,
        0.500006876373291,
        0.5000046520471573,
        0.5000049104452133,
        0.5000058424472809,
        0.5000058752059936,
        0.5000059613466262,
        0.5000054614305496,
        0.5000058760404587,
        0.5000057943582534,
        0.5000055546045303,
