{
    "final_mse": 0.00017747869651066139,
    "final_sdr_db": 36.108425872802734,
    "final_symbol_accuracy": 0.9999043749999985,
    "train_history": [
        0.027793582802265883,
        0.0016805030551273377,
        0.0013156426005763932,
        0.0008827768394723534,
        0.0007684282227884978,
        0.0006253975076600909,
        0.000539191013830714,
        0.0005028949098777958,
        0.0004238192623248324,
        0.00038393908324069344,
        0.000359708252933342,
        0.0003216239373898134,
        0.00033125512858096047,
        0.00027623345884203443,
        0.00033372945466835516,
        0.0002487442787154578,
        0.00025153837125981227,
        0.0002351510948908981,
        0.00022989421208330897,
        0.00022384913527639583
    ],
    "val_history": [
        0.0027114260382950306,
        0.001583567453548312,
        0.0008772720140404999,
        0.0010594425653107464,
        0.0005140526432078332,
        0.0003722105531487614,
        0.0002147592140827328,
        0.00034330636204686014,
        0.00027820627856999636,
        0.00035167478187941013,
        0.0002012472106143832,
        0.00031797812262084334,
        0.0003093343776417896,
        0.00026432360464241357,
        0.00024563500413205474,
        0.0001648105510394089,
        0.0001790195592911914,
        0.00014572928135748954,
        0.00016574086796026678,
        0.00017747869651066139
    ]
}