{
    "final_mse": 0.5304040014743805,
    "final_sdr_db": -0.25516155967488885,
    "train_history": [
        0.5035100694472036,
        0.5000319831287519,
        0.5000099374082523,
        0.5000080193955296,
        0.5000038944875089,
        0.5000021727130817,
        0.5000031747566626,
        0.5000012353205452,
        0.5000032391220617,
        0.5000033986073332,
        0.5000018185129562,
        0.4999999520115959,
        0.5000029418605585,
        0.5000027738059291,
        0.5000084276778248,
        0.5000036826339392,
        0.5000038615430886,
        0.500002360286804,
        0.5000030505961884,
        0.5000006831682529,
        0.5000030379325818,
        0.5000105385963147,
        0.500002909677859,
        0.5000053681314182,
        0.5000035367644252,
        0.5000024421717792,
        0.5000025933733383,
        0.5000111647307302,
        0.5000120639420165,
        0.5000006938323426,
        0.499997221909392,
        0.49999530065935643,
        0.49999281621207825,
        0.49998934876423673,
        0.4999874241816731,
        0.4999888613582038,
        0.499994947697027,
        0.49998649916709803,
        0.4999756151304458,
        0.49997301566334196,
        0.49996051982568857,
        0.4999528528211978,
        0.4999401279912589,
        0.4999259907407121,
        0.49991683143015486,
        0.499896290298468,
        0.4998761684940265,
        0.4998516588927077,
        0.4998278267467365,
        0.4997980373736007,
        0.4997644414916968,
        0.4997319157321613,
        0.4996930036110619,
        0.49966144114256666,
        0.4996291254275142,
        0.49959127857281377,
        0.49955882412937885,
        0.49953465968275224,
        0.49949381383844077,
        0.49946386421831274,
        0.49941654955617154,
        0.49936616239837184,
        0.49931285566034406,
        0.49925526443380897,
        0.49919849891251267,
        0.49914803053624335,
        0.49907596794941933,
        0.4989675053011495,
        0.4988732400793618,
        0.4987834331136161,
        0.4987007867985259,
        0.4985947029087871,
        0.49850810726229755,
        0.4984116369542984,
        0.4983234566431076,
        0.49823720548480466,
        0.49811962180244274,
        0.4979986259922052,
        0.4979135862554605,
        0.49779256445150405,
        0.49767001454060833,
        0.4975259706806451,
        0.49735796070708255,
        0.49719464055265483,
        0.49702332556819,
        0.4968275452574221,
        0.4965865950995741,
        0.496351357751761,
        0.49609526096822354,
        0.4958222591267607,
        0.4954734870229666,
        0.4951653382458245,
        0.4948600666781965,
        0.49450704217337954,
        0.4941289343963416,
        0.4938122741520976,
        0.49341708840653536,
        0.4930311237661222,
        0.4926849428457193,
        0.4922839732596669,
        0.49187804363406123,
        0.49144496980566565,
        0.49108125540775993,
        0.49071588769507485,
        0.4902996568443676,
        0.48997840361473277,
        0.48959296484724785,
        0.4891022437106306,
        0.48879493872959395,
        0.4884606997806805,
        0.4880683736298412,
        0.48767461706274234,
        0.4873721900458534,
        0.48703526603147246,
        0.4867261566293125,
        0.48642088706120135,
        0.4860900426253724,
        0.48568300850475177,
        0.48544418821319607,
        0.4851412705529612,
        0.48482196161541313,
        0.4845226740303893,
        0.48430360753696183,
        0.48391173965633866,
        0.4837663128924446,
        0.4834679143306927,
        0.48319486221566366,
        0.4828913826911975,
        0.48272195525062733,
        0.4824847973192843,
        0.4822291768016145,
        0.4819121223669083,
        0.4817086129714125,
        0.48157238255674467,
        0.4812608136536595,
        0.48105644046688995,
        0.48082785693982155,
        0.48067049772594683,
        0.48046873514644634,
        0.4802633660098615,
        0.4801482919115609,
        0.4799530424249058,
        0.47965969311924406,
        0.4795460871423776,
        0.4793741696368391,
        0.4792121727816975,
        0.4789531204266289,
        0.47889350806943143,
        0.47861096843743856,
        0.47851513226192216,
        0.4783217284245232,
        0.4781927054111188,
        0.4781038184135486,
        0.4778802656708434,
        0.47780155516661016,
        0.47749805060057593,
        0.47749004405908313,
        0.4773379466213738,
        0.4770465564613525,
        0.4769463188732013,
        0.47693078110393244,
        0.47670264099352655,
        0.4766081763913456,
        0.4764503422446144,
        0.47628066629266586,
        0.47622764034393117,
        0.4760786514883986,
        0.4758943089852318,
        0.47585609279120694,
        0.47581247790172077,
        0.4755396707751119,
        0.47545070751025653,
        0.4753130176387275,
        0.4752079727360235,
        0.47513949414030815,
        0.4750341158895828,
        0.4749581132072229,
        0.47479214626379285,
        0.4746307789708098,
        0.47452722285121396,
        0.47445288262428187,
        0.47436103053367173,
        0.4742753966547811,
        0.4741393805692752,
        0.4740198013691095,
        0.4738945670592518,
        0.4739098116612663,
        0.4736207453206705,
        0.4736596969560312,
        0.47347902442319706,
        0.4735339387727622,
        0.4732318431043777,
        0.4732761038378024,
        0.4731657986823743,
        0.47310171150170954,
        0.4730948234518496,
        0.47293741263139744,
        0.47285294332824196,
        0.4727171594723345,
        0.4725693950828272,
        0.4725412794004995,
        0.47248080677498644,
        0.4724520087813417,
        0.47234257646262073,
        0.47216604388179106,
        0.4722235573175997,
        0.4721408929116429,
        0.4720342427777787,
        0.4718895914455572,
        0.4718097276961842,
        0.4718493143209634,
        0.47159917990620526,
        0.47164380359954344,
        0.4715295448280371,
        0.4714378277524211,
        0.4714512073765167,
        0.4712512272234542,
        0.4712159287053556,
        0.4711146283263977,
        0.4710145161365168,
        0.4709773275989313,
        0.47089499968309373,
        0.4710394565861065,
        0.4707785103077325,
        0.47063786867327584,
        0.47065487780129184,
        0.4706610593552026,
        0.47051520412341474,
        0.47047877064147314,
        0.47028419546806777,
        0.47031848661054054,
        0.47029746283357515,
        0.47013085766341356,
        0.47014286457159266,
        0.47006437134818907,
        0.4699903037220525,
        0.4699182759839506,
        0.46988017214372896,
        0.4697365294249294,
        0.46966700317760623,
        0.4695615480883053,
        0.46960038375168944,
        0.46965051478090375,
        0.4694290159228511,
        0.4694926851092817,
        0.4693123098379507,
        0.4693709841361061,
        0.46928306547597576,
        0.46917056094724147,
        0.4691985141926299,
        0.46902186287858616,
        0.4689272785910402,
        0.46895952927418794,
        0.4689848660089718,
        0.4688814242426961,
        0.4688136345281388,
        0.46871583558880864,
        0.46876647030583585,
        0.4686458165081926,
        0.46858260349724623,
        0.4686004117654916,
        0.4684825709071784,
        0.46844848428671354,
        0.4683528571083142,
        0.4682063662206022,
        0.4681663795020253,
        0.4682849136213906,
        0.4681783414686831,
        0.4680037523230044,
        0.46791030614139933,
        0.46800640758614953,
        0.46785650361841097,
        0.46784530613369074,
        0.4678731154138669,
        0.46783722380098824,
        0.46762292282269025,
        0.46762147355384337,
        0.46754224850727727,
