{
    "final_mse": 0.50000630068779,
    "final_sdr_db": -5.473451438592747e-05,
    "final_symbol_accuracy": 0.24989187499999957,
    "train_history": [
        0.5013723333835601,
        0.500004053902626,
        0.5000035518407822,
        0.5000041354417801,
        0.5000080506324768,
        0.5000048713445664,
        0.5000061574697494,
        0.5000042036771775,
        0.5000041518688202,
        0.5000047962427139,
        0.5000127569437027,
        0.5000040542125702,
        0.5000043311357498,
        0.5000040533781052,
        0.5000046660423278,
        0.500003722167015,
        0.5000044713020325,
        0.5000044426679611,
        0.500003877735138,
        0.5000046117067337,
        0.5000048088788986,
        0.5000037576198578,
        0.5000047258615494,
        0.5000043652534485,
        0.500004074549675,
        0.5000046406030655,
        0.5000067717313766,
        0.5000040445566177,
        0.5000040611028671,
        0.5000041145801544,
        0.5000039126873016,
        0.5000041540622712,
        0.5000044736862183,
        0.5000043978214264,
        0.5000046870946884,
        0.5000044855356216,
        0.5000041987419128,
        0.5000039803266525,
        0.5000036514282227,
        0.5000043492555618,
        0.5000037052392959,
        0.5000035703659058,
        0.5000046903133393,
        0.5000049334526062,
        0.5000043757915497,
        0.5000049911260604,
        0.5000047059297562,
        0.5000046842098236,
        0.5000041327953338,
        0.5000041277885438,
        0.5000039252758026,
        0.5000041464090347,
        0.5000045592308044,
        0.5000032930612565,
        0.5000043835639953,
        0.5000040858983994,
        0.5000045317649842,
        0.5000043387889862,
        0.5000045986175538,
        0.5000040203094482,
        0.5000042617321014,
        0.5000044678211212,
        0.5000042797327041,
        0.5000047704935073,
        0.5000047158956528,
        0.5000045867681503,
        0.5000045764923096,
        0.5000047033786774,
        0.5000041010856628,
        0.5000047163486481,
        0.5000038247823715,
        0.500004115152359,
        0.5000044719696045,
        0.5000036941766739,
        0.5000046573638915,
        0.5000047910213471,
        0.5000039454698563,
        0.50000407102108,
        0.5000046034812927,
        0.5000043613433838,
        0.5000046136617661,
        0.5000054875612259,
        0.5000042723417282,
        0.500004794216156,
        0.5000046871900559,
        0.5000038984298706,
        0.5000048402309418,
        0.5000045996427536,
        0.5000039745330811,
        0.5000046531677246,
        0.5000045719146728,
        0.500004529261589,
        0.5000042674541474,
        0.500004205083847,
        0.5000052823066712,
        0.5000043115377426,
        0.5000046029567718,
        0.5000038280010224,
        0.5000049710512161,
        0.5000046220779419
    ],
    "val_history": [
        0.5000057759284973,
        0.5000017192363739,
        0.5000023670196533,
        0.5000048747062683,
        0.5000063204765319,
        0.5000019133090973,
        0.5000034847259521,
        0.5000076212882996,
        0.5000027496814727,
        0.5000000953674316,
        0.4999991464614868,
        0.5000057852268219,
        0.5000048379898071,
        0.5000017049312592,
        0.5000107915401458,
        0.50000599193573,
        0.5000041654109955,
        0.5000004377365113,
        0.5000022716522217,
        0.500002347946167,
        0.5000121736526489,
        0.5000017931461335,
        0.5000045897960663,
        0.5000043346881866,
        0.5000050687789916,
        0.5000024671554566,
        0.5000160617828369,
        0.5000020318031311,
        0.5000020334720612,
        0.5000068485736847,
        0.5000022866725922,
        0.500006335735321,
        0.49999923825263975,
        0.49999981927871706,
        0.5000010666847229,
        0.50000150847435,
        0.5000047912597656,
        0.500001740694046,
        0.5000004475116729,
        0.49999970602989197,
        0.5000000591278077,
        0.500003487110138,
        0.5000122871398925,
        0.4999991888999939,
        0.5000006418228149,
        0.5000001485347748,
        0.5000009248256684,
        0.49999916505813596,
        0.500005732536316,
        0.5000028426647186,
        0.5000051617622375,
        0.50000035572052,
        0.5000041687488556,
        0.5000082795619964,
        0.5000014040470123,
        0.5000160562992096,
        0.5000009891986847,
        0.5000059051513672,
        0.5000000236034393,
        0.4999997606277466,
        0.5000004010200501,
        0.49999934458732603,
        0.5000018784999848,
        0.5000034272670746,
        0.5000072336196899,
        0.5000012173652649,
        0.5000099122524262,
        0.5000006849765778,
        0.500012401342392,
        0.5000039310455322,
        0.49999861645698546,
        0.5000027811527252,
        0.5000077550411224,
        0.5000022203922272,
        0.5000093953609467,
        0.5000041837692261,
        0.5000100386142731,
        0.5000050690174103,
        0.5000069725513459,
        0.5000062417984009,
        0.5000086812973022,
        0.49999938344955447,
        0.5000072820186615,
        0.5000051560401917,
        0.5000020468235016,
        0.5000111746788025,
        0.5000003845691681,
        0.500001838684082,
        0.500001446723938,
        0.5000066254138946,
        0.5000064346790314,
        0.500001853466034,
        0.5000081341266632,
        0.5000097036361695,
        0.5000095117092133,
        0.5000009982585907,
        0.5000017395019531,
        0.5000024259090423,
        0.500002875328064,
        0.50000630068779
    ]
}