{
    "train_mse": 0.500007301902771,
    "train_sdr_db": -6.344511058414355e-05,
    "train_symbol_accuracy": 0.2598281250000006,
    "final_mse": 0.5000051113348158,
    "final_sdr_db": -4.4446628736396735e-05,
    "final_symbol_accuracy": 0.2591674999999996,
    "val_symbol_accuracy": 0.2591674999999996,
    "train_history": [
        0.5029759156227112,
        0.5000941475391388,
        0.5000231458663941,
        0.5000063814640046,
        0.5000062403678894,
        0.5000054585456848,
        0.5000051225185395,
        0.500006741476059,
        0.5000036566734314,
        0.5000024610042572,
        0.5000055750370026,
        0.5000035453796386,
        0.5000037129878998,
        0.5000047516822815,
        0.5000057275772095,
        0.5000062496185302,
        0.5000049411773682,
        0.5000052086353302,
        0.5000045475006103,
        0.5000061184883118,
        0.5000043264389038,
        0.5000041821956634,
        0.5000045676231384,
        0.5000180412292481,
        0.5000045622348785,
        0.5000039706707001,
        0.5000044338226318,
        0.5000049182415008,
        0.5000045136451721,
        0.5000044182300568,
        0.5000044417858124,
        0.5000040397167206,
        0.5000050379276275,
        0.5000044553279877,
        0.5000043262004852,
        0.5000037264823913,
        0.5000043047428131,
        0.5000036986351013,
        0.5000040590286254,
        0.5000047456264496,
        0.5000033787727356,
        0.5000046493530274,
        0.5000045591354371,
        0.5000045967578888,
        0.5000046753883362,
        0.5000038181304932,
        0.5000041312217712,
        0.5000035020828247,
        0.5000048127174378,
        0.5000031616687775,
        0.5000041574478149,
        0.5000040294170379,
        0.5000046198368072,
        0.5000047992229462,
        0.5000039814472198,
        0.5000039168357849,
        0.5000056078433991,
        0.5000039556503296,
        0.5000053080558777,
        0.5000047620773316,
        0.5000042922019958,
        0.5000035676002502,
        0.5000056867599487,
        0.5000041909217835,
        0.5000033038616181,
        0.5000047319412232,
        0.5000049665927887,
        0.500004491186142,
        0.500004924917221,
        0.5000031332969666,
        0.50000445728302,
        0.5000042469024658,
        0.5000040485858918,
        0.500003874206543,
        0.5000042778491974,
        0.5000048169136048,
        0.5000040576934814,
        0.5000049628734589,
        0.5000041780948639,
        0.5000045579433441,
        0.5000041709899903,
        0.5000042269706726,
        0.5000035942554474,
        0.5000044655799866,
        0.5000050230026245,
        0.5000052292823791,
        0.5000036279201507,
        0.5000046964168549,
        0.5000046051502228,
        0.5000050139904022,
        0.5000032143592834,
        0.500003882598877,
        0.5000044170379638,
        0.5000052955150605,
        0.5000049898147583,
        0.5000053104400635,
        0.5000042537689209,
        0.5000045544624329,
        0.5000041176319122,
        0.500004508638382,
        0.5000043330192566,
        0.5000047735214234,
        0.5000050828933715,
        0.5000050922393798,
        0.500005140209198,
        0.500004237985611,
        0.5000033723831177,
        0.5000041979789734,
        0.5000052291870117,
        0.5000038074493408,
        0.5000042764663696,
        0.5000043877601623,
        0.5000045065402985,
        0.5000044565200805,
        0.5000045230388641,
        0.5000046801567077,
        0.500003904390335,
        0.5000037756443023,
        0.5000035694122315,
        0.5000045476913452,
        0.5000040451526642,
        0.5000045664310455,
        0.500005155324936,
        0.5000042886257171,
        0.5000047057151794,
        0.500004053735733,
        0.5000051707267761,
        0.5000041280269623,
        0.5000048665523529,
        0.5000044202804566,
        0.5000035333633422,
        0.5000058594703675,
        0.5000050055980683,
        0.5000044238567353,
        0.5000043393135071,
        0.5000038206100463,
        0.500004364156723,
        0.5000043560981751,
        0.5000046455860138,
        0.5000046090602874,
        0.5000059104442597,
        0.5000052596092224,
        0.5000047671318054,
        0.5000040981292725,
        0.5000044286727905,
        0.500003636932373,
        0.5000039165496826,
        0.5000044192790986,
        0.5000044891834259,
        0.5000041285991669,
        0.5000045966148376,
        0.5000044866085053,
        0.5000042809486389,
        0.5000053421974182,
        0.5000045061588287,
        0.5000038564205169,
        0.5000047207355499,
        0.5000037058353424,
        0.5000042856216431,
        0.5000041947841645,
        0.5000038927555084,
        0.5000039842128754,
        0.500004302740097,
        0.5000046643733979,
        0.5000037048816681,
        0.5000041476726532,
        0.5000041004657745,
        0.5000035901069642,
        0.5000036190509796,
        0.5000044631004333,
        0.5000039127349853,
        0.5000046254634857,
        0.5000041312217712,
        0.5000034767627716,
        0.5000045289993286,
        0.5000053186893463,
        0.5000045266628266,
        0.5000040606498718,
        0.5000033707618713,
        0.5000045878887176,
        0.5000038582324982,
        0.5000045730113983,
        0.5000047367095948,
        0.5000036778450012,
        0.5000049358844757,
        0.5000036740779876,
        0.5000049021720886,
        0.5000036595344544,
        0.5000049011707306,
        0.500003809928894,
        0.5000051172733306,
        0.5000043342590332,
        0.5000041083812714,
        0.5000045053958893,
        0.5000039233207703,
        0.5000042851924896,
        0.5000042697429657,
        0.5000041198730468,
        0.5000038057327271,
        0.5000044667720794,
        0.5000047177314758,
        0.5000046785831451,
        0.5000051416397094,
        0.5000043745040894,
        0.5000045137882233,
        0.5000041449069976,
        0.5000051762580872,
        0.5000039184093475,
        0.500004665184021,
        0.5000051239967346,
        0.5000044731140136,
        0.5000047828197479,
        0.5000050637245178,
        0.5000150790691376,
        0.5000047600746155,
        0.5000039985179902,
        0.5000049632072449,
        0.5000052550792694,
        0.5000042714595795,
        0.5000040539264679,
        0.5000047034740448,
        0.5000049493312836,
        0.5000039927482605,
        0.5000045636177063,
        0.5000042195796967,
        0.5000041079998017,
        0.5000034832954406,
        0.5000042387485504,
        0.5000046708106994,
        0.5000042039394379,
        0.5000045433998108,
        0.5000045816898346,
        0.5000046730995178,
        0.5000039010047913,
        0.500004747247696,
        0.5000045832633973,
        0.5000033880233765,
        0.5000042107582092,
        0.5000039915084838,
        0.5000033748149871,
        0.5000039937019348,
        0.5000046799659729,
        0.5000044322013855,
        0.5000035316467285,
        0.5000048722267151,
        0.5000037899971008,
        0.50000497341156,
        0.500003533411026,
        0.5000040969371796,
        0.500004126214981,
        0.5000049405574799,
        0.5000046700477601,
        0.5000042156696319,
        0.500004650259018,
        0.500003526687622,
        0.5000041337013245,
        0.5000048804759979,
        0.5000043961524964,
        0.5000045593261718,
        0.5000042237758636,
        0.5000037566184997,
        0.5000049448490143,
        0.5000050717353821,
        0.5000039911746978,
        0.5000053177833557,
        0.5000049250125885,
        0.5000048146247864,
        0.5000038001060486,
        0.5000038143634796,
        0.5000035233974457,
        0.5000046572685242,
        0.5000041758060455,
        0.5000046186923981,
        0.5000041332244873,
