{
    "final_mse": 0.5939059598105294,
    "final_sdr_db": -0.727692825453622,
    "final_symbol_accuracy": 0.24824999999999997,
    "train_history": [
        0.5160083486920312,
        0.5008069764054011,
        0.5003171993626488,
        0.5001767878494565,
        0.5001036680880047,
        0.5001445653892699,
        0.5000244440540434,
        0.49995960555379354,
        0.49983461177538313,
        0.49988592900927104,
        0.4998584432261331,
        0.4998138532752082,
        0.4997071571766384,
        0.49975103612930055,
        0.49958809689869954,
        0.4994160566065047,
        0.4993879586931259,
        0.49949724475542706,
        0.49918789239156813,
        0.4991708847265395,
        0.49931442974105716,
        0.4991801589254349,
        0.4991446856468443,
        0.4990085316082788,
        0.49895996943352716,
        0.4987197078409649,
        0.49874914638579837,
        0.49850506536544315,
        0.4981478069509779,
        0.49794483421340824,
        0.49791852443937273,
        0.4976962695992182,
        0.4974206056859758,
        0.49716023604075116,
        0.49672540880384897,
        0.4968568985424345,
        0.49673986955294536,
        0.4964874263793703,
        0.4959321268021114,
        0.4958610993529123,
        0.4950918446457575,
        0.49523987845769,
        0.494526950139848,
        0.49336557350461446,
        0.49302314150901067,
        0.49261347689325846,
        0.49187983264998786,
        0.49134297314144315,
        0.49119748056881013,
        0.48969237388126435,
        0.4894395040141212,
        0.4878548818921286,
        0.4871055942679208,
        0.4880356230433025,
        0.4846896127102867,
        0.4836618621197958,
        0.48241813646422493,
        0.48098949402097674,
        0.4800879666729579,
        0.47813685167403447,
        0.4778888055256435,
        0.47413354213275605,
        0.4728188472134726,
        0.4733585857209705,
        0.46934914778149317,
        0.4674737425077529,
        0.4651419080439068,
        0.4620541419301714,
        0.46177505595343454,
        0.45828188506383744,
        0.4558454690471528,
        0.45317329679216656,
        0.45019174615542096,
        0.44808939525059294,
        0.44695133633083767,
        0.4443946267877306,
        0.44175512875829426,
        0.43950294029145015,
        0.43629160428804065,
        0.4351570549465361,
        0.43290027124541147,
        0.4309267501036326,
        0.42754702861346894,
        0.4246678976785569,
        0.42352134746218484,
        0.4229580953953758,
        0.41775562129323446,
        0.4183345649923597,
        0.41476362517901827,
        0.41297267542945015,
        0.4098333593398806,
        0.40902615681527155,
        0.4067900554528312,
        0.40497926776371307,
        0.40337799418540227,
        0.40320980832690284,
        0.4003594115612999,
        0.39945554733276367,
        0.39720208209658425,
        0.3949913198039645
    ],
    "val_history": [
        0.5006211400032043,
        0.5013128093310765,
        0.4999799600669316,
        0.5000468364783696,
        0.49998167157173157,
        0.5001716358321053,
        0.5001283713749477,
        0.5001149560723986,
        0.5003507094723838,
        0.5004762964589256,
        0.5002615111214774,
        0.500447962965284,
        0.5006056087357658,
        0.5003034600189754,
        0.500890714781625,
        0.5006563791206905,
        0.5013443061283657,
        0.500303851706641,
        0.5007995069026947,
        0.500225727047239,
        0.5013819975512368,
        0.5014608587537494,
        0.5005572821412768,
        0.5017720546041217,
        0.5016178233282906,
        0.5008989529950278,
        0.501206772668021,
        0.5012684507029397,
        0.5023100120680672,
        0.5028312930038997,
        0.5009464621543884,
        0.5036018703665052,
        0.501832685300282,
        0.5021517787660871,
        0.5059121591704232,
        0.5048134795257023,
        0.502812364271709,
        0.5065728681428092,
        0.504121903862272,
        0.5042445872511182,
        0.5045120630945478,
        0.5052481847149985,
        0.505437012229647,
        0.5084570561136518,
        0.5056078859737941,
        0.5085546885217939,
        0.5122325846127102,
        0.5112503170967102,
        0.5106302925518581,
        0.5097105290208545,
        0.514959284237453,
        0.5110620643411364,
        0.5132990734917777,
        0.5095738853727069,
        0.5172181512628283,
        0.5194863336426871,
        0.5205505830901009,
        0.5299819793019976,
        0.515391869204385,
        0.5189218861716134,
        0.5222450069018773,
        0.5256683698722294,
        0.5322495102882385,
        0.5303921103477478,
        0.5372415695871625,
        0.5257395335606166,
        0.542285178388868,
        0.5374780212129865,
        0.5415763088635036,
        0.5414471200534275,
        0.543419327054705,
        0.5538214615413121,
        0.5515333924974714,
        0.5433979034423828,
        0.5537003789629255,
        0.5511728525161743,
        0.5627031411443438,
        0.5644859501293727,
        0.5663692440305438,
        0.5584381648472377,
        0.5646387253488813,
        0.5733127593994141,
        0.5668963023594448,
        0.5627519658633641,
        0.5833418539592198,
        0.5681982977049691,
        0.5896480338914054,
        0.5728187050138202,
        0.5759887014116559,
        0.5762551512037005,
        0.5830870355878558,
        0.5858369043895176,
        0.5878226161003113,
        0.5786884001323155,
        0.6000420280865261,
        0.6002668568066188,
        0.6030480521065849,
        0.6043087499482291,
        0.5977118781634739,
        0.5939059598105294
    ]
}