{
    "final_mse": 0.5584949962794781,
    "final_sdr_db": -0.3799925073981285,
    "train_history": [
        0.46141128237255086,
        0.4576338171578063,
        0.45588127045204846,
        0.4564174849766131,
        0.4554205368311641,
        0.45503962439850876,
        0.4550947976378968,
        0.4548414931320154,
        0.4550148618107025,
        0.4541829792074502,
        0.4545769149693437,
        0.45394652462995855,
        0.45419193818546333,
        0.4537697434425354,
        0.45404515489221764,
        0.4536191656376226,
        0.4532358381694879,
        0.4531711619882919,
        0.45326559688336554,
        0.45262161268593787,
        0.45281369627093354,
        0.45235638658459576,
        0.45190023071468827,
        0.4517246063905783,
        0.4519570114703986,
        0.4512649805972371,
        0.45141444371912043,
        0.45107534384955994,
        0.45078214441244596,
        0.45066405437624873,
        0.4505536863788629,
        0.4505885402425029,
        0.4501359388470269,
        0.4497089830640787,
        0.44957200854350204,
        0.4492214201166988,
        0.44939353433660806,
        0.4488795961434849,
        0.4484314060630128,
        0.4481851100540771,
        0.44768376472278143,
        0.44788005986152746,
        0.4472604097840123,
        0.44654262884737206,
        0.4461178730090205,
        0.44600666464327243,
        0.44586188562761864,
        0.4451292764645415,
        0.4445663708657883,
        0.44415924676691
    ],
    "val_history": [
        0.4529793979600072,
        0.45334376115351915,
        0.4555649496614933,
        0.4518379382789135,
        0.45259573962539434,
        0.4538775682449341,
        0.452347107231617,
        0.45343655440956354,
        0.4535459317266941,
        0.4524459186941385,
        0.4540592096745968,
        0.4524611169472337,
        0.4527413612231612,
        0.45211782678961754,
        0.4537199940532446,
        0.45340611040592194,
        0.4523530341684818,
        0.4520863676443696,
        0.4535120176151395,
        0.45313199795782566,
        0.4523917632177472,
        0.4518854236230254,
        0.4520284365862608,
        0.4522936316207051,
        0.45151165686547756,
        0.4524910282343626,
        0.4524469980970025,
        0.4520988706499338,
        0.45147180650383234,
        0.4514415664598346,
        0.4514811644330621,
        0.451352147385478,
        0.4531908044591546,
        0.452087864279747,
        0.4520825603976846,
        0.4518781304359436,
        0.45181999914348125,
        0.45259736105799675,
        0.4521583914756775,
        0.4529071217402816,
        0.453876880928874,
        0.4538670154288411,
        0.45210515800863504,
        0.4530579624697566,
        0.4536183811724186,
        0.45375074725598097,
        0.45424225833266973,
        0.45518861152231693,
        0.45434222649782896,
        0.4565905053168535
    ]
}