{
    "train_mse": 0.49995640716552736,
    "train_sdr_db": 0.0004114803140051663,
    "train_symbol_accuracy": 0.25307775000000116,
    "final_mse": 0.5000192291206784,
    "final_sdr_db": -0.000136457906577677,
    "final_symbol_accuracy": 0.24730250000000012,
    "val_symbol_accuracy": 0.24730250000000012,
    "train_history": [
        0.5009198994159698,
        0.5000945470333099,
        0.5000914495944977,
        0.5000758651733398,
        0.5000546379089356,
        0.5000529042243957,
        0.5000423155307769,
        0.5000452066421509,
        0.5000313992977142,
        0.5000274055480957
    ],
    "val_history": [
        0.5000243513357072,
        0.5001454561475723,
        0.5001169570854732,
        0.5002511768114,
        0.4999906217295026,
        0.5000748236974081,
        0.5000741571661026,
        0.5000465573772551,
        0.5001453695789216,
        0.5000192291206784
    ]
}