{
    "final_mse": 0.508125855922699,
    "final_sdr_db": -0.05434184672683477,
    "final_symbol_accuracy": 0.2539693750000003,
    "train_history": [
        0.5007757005691529,
        0.5001024862289428,
        0.5000746191501617,
        0.5000494886636734,
        0.500047713971138,
        0.5000406237840652,
        0.5000292526960373,
        0.5000271849870682,
        0.5000185042381287,
        0.500013905096054,
        0.5000115092515945,
        0.5000064852714539,
        0.5000069987535477,
        0.500005685377121,
        0.5000078560590744,
        0.5000054191112518,
        0.4999974447488785,
        0.49999405283927917,
        0.4999949678659439,
        0.49999481422901154,
        0.49999841861724853,
        0.4999939616918564,
        0.4999957607030869,
        0.49999294188022614,
        0.49999070894718173,
        0.4999857099533081,
        0.4999800117254257,
        0.49997656705379484,
        0.49998149418830873,
        0.49997799990177155,
        0.49997694289684297,
        0.4999675819158554,
        0.4999638916015625,
        0.499962317276001,
        0.4999598898410797,
        0.49995901362895967,
        0.49995505890846254,
        0.49995301687717436,
        0.4999468574523926,
        0.49993421232700347,
        0.4999177545309067,
        0.49992720544338226,
        0.49992431602478027,
        0.4999193641424179,
        0.49991869649887083,
        0.499910230922699,
        0.49990547270774843,
        0.4998916480064392,
        0.49989415109157564,
        0.4998872177362442,
        0.49986586186885834,
        0.49985244805812834,
        0.4998397400856018,
        0.49981582255363466,
        0.49981053364276884,
        0.4997755038499832,
        0.49973328442573545,
        0.49971037714481353,
        0.4996569643735886,
        0.49956050515174866,
        0.49953203451633454,
        0.4994544191360474,
        0.49940472116470336,
        0.4992548904418945,
        0.4991463190317154,
        0.49908184912204745,
        0.49897370874881747,
        0.4988269445180893,
        0.4987041571855545,
        0.49845964357852934,
        0.4984676510334015,
        0.4982263795852661,
        0.49805576667785645,
        0.49787111821174623,
        0.4976904784440994,
        0.49756230397224427,
        0.4974485238313675,
        0.497124528336525,
        0.49711250469684604,
        0.4967530760765076,
        0.4966505492210388,
        0.49642298860549927,
        0.49627670516967776,
        0.49618892900943756,
        0.49575389077663423,
        0.4957256404399872,
        0.4955128364086151,
        0.49540260927677154,
        0.49511733305454253,
        0.4950622355222702,
        0.4945995533466339,
        0.49455004422664645,
        0.4945291627883911,
        0.49421308200359343,
        0.49385853571891786,
        0.4937801614999771,
        0.49371532077789304,
        0.4935353303670883,
        0.4931836351633072,
        0.49319227170944213
    ],
    "val_history": [
        0.500102287530899,
        0.5000838165283203,
        0.5000294337272644,
        0.5001087415218354,
        0.5000416107177734,
        0.5000599246025086,
        0.5000787420272828,
        0.5000298099517823,
        0.5000164120197296,
        0.5000264563560486,
        0.5000156853199005,
        0.5001061298847198,
        0.5000500934123993,
        0.5000295443534851,
        0.5000517382621765,
        0.5000476632118225,
        0.5000978527069092,
        0.5000561842918396,
        0.5001504874229431,
        0.5001090700626374,
        0.5000869047641754,
        0.5001574926376343,
        0.5000728392601013,
        0.500104086637497,
        0.5001138532161713,
        0.5001011307239532,
        0.500067554473877,
        0.5000628006458282,
        0.5001684772968292,
        0.5001740901470184,
        0.5001323354244233,
        0.500171062707901,
        0.5001275222301483,
        0.500139039516449,
        0.5000927913188934,
        0.5001488597393036,
        0.5002614955902099,
        0.5001190254688263,
        0.5001145453453064,
        0.5001144332885742,
        0.5001176595687866,
        0.5002192568778991,
        0.500164708852768,
        0.5002035553455353,
        0.5001891894340516,
        0.5002197089195252,
        0.5001709415912629,
        0.5002819278240204,
        0.5001788506507874,
        0.500278016090393,
        0.5003459510803223,
        0.5001423025131225,
        0.5004018549919128,
        0.5003893492221833,
        0.500178866147995,
        0.5002977776527405,
        0.5009367616176605,
        0.5014577193260192,
        0.5020684471130371,
        0.5004304270744324,
        0.5013811900615692,
        0.5006027283668518,
        0.5011418190002441,
        0.500659821510315,
        0.5006566154956817,
        0.5014747891426087,
        0.5021449451446534,
        0.5011004760265351,
        0.5010474259853364,
        0.5013198924064636,
        0.501292721748352,
        0.5012762551307678,
        0.5022036731243134,
        0.5031486735343933,
        0.5021104261875152,
        0.5013037030696869,
        0.5020414886474609,
        0.5015975253582001,
        0.5040207891464233,
        0.5028561880588531,
        0.5026468601226807,
        0.5049574832916259,
        0.5031890685558319,
        0.5031939263343811,
        0.505362823009491,
        0.5052471780776977,
        0.50603897356987,
        0.5063726053237915,
        0.5091785666942596,
        0.5037217645645141,
        0.5053266623020172,
        0.5049175572395325,
        0.5074865081310272,
        0.505416699886322,
        0.5076202068328858,
        0.5060602822303772,
        0.5060395429134369,
        0.5084804272651673,
        0.5071631543636322,
        0.508125855922699
    ]
}