{
    "final_mse": 2.8747525744071777e-05,
    "final_sdr_db": 42.49208111233182,
    "final_symbol_accuracy": 1.0,
    "train_history": [
        0.07630653032362461,
        0.0017514109402894974,
        0.0008862568152137101,
        0.0006091536235995591,
        0.00044528785324655473,
        0.00035231418535113337,
        0.00025687043315265326,
        0.00020834871527040377,
        0.00016645443191519007,
        0.00014270782818784938,
        0.0001263781126239337,
        0.00010943920921417884,
        0.0001046721248945687,
        9.272321420139633e-05,
        8.318622157676145e-05,
        7.952399289351889e-05,
        7.163710479508154e-05,
        7.232141697313637e-05,
        6.337728018697817e-05,
        6.204762022243813e-05
    ],
    "val_history": [
        0.0027990503428829095,
        0.0014208763882163026,
        0.0008393369092132956,
        0.0004371570304058315,
        0.0003144567474789385,
        0.0004013689222841686,
        0.00017232585366674892,
        0.00012404683239144524,
        0.0002190477521036796,
        0.00016690596373611323,
        0.0001238525326785055,
        0.00013778536831812253,
        9.589430405795278e-05,
        0.00011349283793981793,
        5.120594580639302e-05,
        3.810682247849255e-05,
        9.954929428492923e-05,
        6.981894393758257e-05,
        5.025495366204441e-05,
        2.8747525744071777e-05
    ]
}