{
    "train_mse": 0.00025666724916081874,
    "train_sdr_db": 34.599121545410156,
    "train_symbol_accuracy": 0.999847500000003,
    "final_mse": 0.0002865660547589262,
    "final_sdr_db": 34.46395771087162,
    "final_symbol_accuracy": 0.9998037499999982,
    "val_symbol_accuracy": 0.9998037499999982,
    "train_history": [
        0.0670373666036874,
        0.0024810261968523264,
        0.0017176331302151083,
        0.0013329611299559474,
        0.0011006636632606387,
        0.000921597190760076,
        0.0007390039497986436,
        0.0006301154966466129,
        0.0005380000686272979,
        0.00047450317381881175,
        0.00044865386218298226,
        0.0003746622740989551,
        0.0003455458838259801,
        0.00033006088251713665,
        0.0003192020252579823,
        0.00029375923436600717,
        0.0002729358701501042,
        0.00028076742509147153,
        0.00023818554253084585,
        0.00023938932423479855
    ],
    "val_history": [
        0.003341561722909174,
        0.0018440274861715143,
        0.0014569241191363996,
        0.0012537165071874383,
        0.000986081807659791,
        0.0008569633687979408,
        0.0006318616483079654,
        0.0005846015068643268,
        0.000425839210889997,
        0.000358884237588398,
        0.00039505255491738874,
        0.0003110059624304995,
        0.0003132905569925372,
        0.0003080530776291169,
        0.00020968566726272306,
        0.00023700937440264083,
        0.0002609085016061611,
        0.00021648101588537443,
        0.00024223856910664056,
        0.0002865660547589262
    ]
}