{
    "final_mse": 0.24284832179546356,
    "final_sdr_db": 3.1363489627838135,
    "final_symbol_accuracy": 0.61875,
    "train_history": [
        0.6982561945915222,
        0.5164400935173035,
        0.4479009807109833,
        0.4059916138648987,
        0.3756074607372284,
        0.3540695607662201,
        0.3379371762275696,
        0.32444635033607483,
        0.3127787709236145,
        0.30291128158569336,
        0.2947477400302887,
        0.2880588471889496,
        0.28265586495399475,
        0.2783517837524414,
        0.274855375289917,
        0.27188941836357117,
        0.2693130671977997,
        0.2671174705028534,
        0.26528847217559814,
        0.2637649178504944
    ],
    "val_history": [
        0.49844104051589966,
        0.43183034658432007,
        0.3928820788860321,
        0.3639654219150543,
        0.34274885058403015,
        0.32619237899780273,
        0.31193774938583374,
        0.2993885278701782,
        0.28861263394355774,
        0.27959540486335754,
        0.27213823795318604,
        0.2660393714904785,
        0.2610805928707123,
        0.2569669485092163,
        0.2534126341342926,
        0.250344455242157,
        0.24778370559215546,
        0.2457299530506134,
        0.244118794798851,
        0.24284832179546356
    ]
}