{
    "final_mse": 0.6346693132072687,
    "final_sdr_db": -0.7472148812375963,
    "train_history": [
        0.501684279773182,
        0.500093574531543,
        0.5000183287139137,
        0.5000081202283073,
        0.5000066520116581,
        0.4999728003820291,
        0.4999593980967427,
        0.4999553344120233,
        0.4999287417902352,
        0.4999537148033849,
        0.49994433992586956,
        0.4999288930870093,
        0.4999366599721269,
        0.4999048952667858,
        0.49992003541784924,
        0.499916104653392,
        0.4998960037962697,
        0.4998643664887157,
        0.4998918629873294,
        0.4998693834668912,
        0.49985463398333174,
        0.4998549327682763,
        0.499810574439387,
        0.4997873351977656,
        0.4997808376249795,
        0.49975605428028413,
        0.4997358563037726,
        0.49967790211732394,
        0.4996832340670089,
        0.4996101379204101,
        0.4995661515016525,
        0.499533633264109,
        0.4994489934307318,
        0.4994934325972304,
        0.49942845744065967,
        0.4993829054002183,
        0.49936005063712025,
        0.4992669910287705,
        0.49924940432603365,
        0.4992118046497004,
        0.4991945429160572,
        0.4991696249372281,
        0.4991442267887128,
        0.4990737023064123,
        0.4990550098708643,
        0.4990445900077637,
        0.4990381851744728,
        0.4990179429229456,
        0.49899682945336776,
        0.4989448083094515,
        0.4989575499924608,
        0.4988653000932151,
        0.49886330771750914,
        0.49884083305304044,
        0.4987944556882206,
        0.4987486518990879,
        0.49871919977779205,
        0.49873541852536674,
        0.49867831518093997,
        0.49866418050120054,
        0.49863565529878145,
        0.49860366779013565,
        0.49853789720672387,
        0.49855988322736355,
        0.49851036243164504,
        0.498516386499801,
        0.4985132886769292,
        0.49847393780470656,
        0.49839683100819204,
        0.4984236463380698,
        0.4983917917496861,
        0.49829310597703097,
        0.4984671752483319,
        0.4983537851240688,
        0.4983285566488394,
        0.49829194835199714,
        0.4982669836225601,
        0.4981967066994871,
        0.49819987688582545,
        0.49813487297429826,
        0.4981273084212416,
        0.49810010451859177,
        0.4981949044683109,
        0.49811540225062506,
        0.49805596632698473,
        0.4980454649597692,
        0.49807216964971524,
        0.49792360602476343,
        0.49792981890443794,
        0.4979956466169022,
        0.49792422387546625,
        0.49789128231164365,
        0.4977964460849762,
        0.4977599769925919,
        0.4978077444024741,
        0.49769431981034934,
        0.4976749540137026,
        0.49763862812480986,
        0.4975357159448508,
        0.49768489237410574,
        0.4976050024405836,
        0.49750293624667696,
        0.4974384075536515,
        0.49737800871983123,
        0.4973253919103275,
        0.4973378161462351,
        0.4972889114873478,
        0.4972551302216685,
        0.49728778223641,
        0.4971678736872566,
        0.49716601842127667,
        0.49706593279640515,
        0.49706918077346995,
        0.496993578375338,
        0.4970583426304899,
        0.49695075262849703,
        0.49688002790886754,
        0.49689567517548705,
        0.4967413050488542,
        0.4967932949622218,
        0.49662115731940104,
        0.496714902666811,
        0.49664401655760815,
        0.49668678336630995,
        0.496787655182159,
        0.496630351193035,
        0.49641942892211693,
        0.4964112597532547,
        0.49638314226184027,
        0.49625384988495336,
        0.4961670851364684,
        0.49595158035381914,
        0.49565168434438617,
        0.4951958923865431,
        0.4947399020004577,
        0.4940885990001142,
        0.49328717827416074,
        0.4924424567732948,
        0.49162529527950594,
        0.4903256422795427,
        0.4889705472479994,
        0.48786740114513677,
        0.4864305411093532,
        0.4852342418017098,
        0.48329708418145345,
        0.4824682530313254,
        0.48062640542801194,
        0.4799929883914253,
        0.4780971858257684,
        0.47721135578216456,
        0.4748410669188149,
        0.47437588170694467,
        0.47239714213453543,
        0.4727978904407245,
        0.4707694428797347,
        0.46927550130377943,
        0.4675355850698087,
        0.4675100783760936,
        0.46452756478382756,
        0.4638204226097741,
        0.4622584543289087,
        0.4611719960031418,
        0.4597213338739194,
        0.4592202865658477,
        0.45830798015807767,
        0.4567387203058115,
        0.45532928421474494,
        0.4564316809748689,
        0.45299238356919336,
        0.45175631910848163,
        0.4503893717980613,
        0.44932264508530734,
        0.4492828945953625,
        0.4482963848799562,
        0.44573820798922653,
        0.4470083281254997,
        0.4463329785548079,
        0.4451765200010123,
        0.44463737504169965,
        0.44378881094554745,
        0.44273936386687307,
        0.4409324856231007,
        0.44010111879997743,
        0.44037105347782657,
        0.44051685053319595,
        0.43709395706844023,
        0.4367107007259759,
        0.435385365265246,
        0.43365854548570065,
        0.43269673675393905,
        0.4308791137731875,
        0.4320763905589192,
        0.4280805693457302,
        0.42668140153534495,
        0.4264294052847658,
        0.4238326123918588,
        0.4208370968937493,
        0.4206280194151516,
        0.41994301693888897,
        0.4206534864993903,
        0.41801289142892,
        0.4171667255151767,
        0.4154357955859492,
        0.41216318913922906,
        0.40995472107832426,
        0.4085432120595877,
        0.4087540768205929,
        0.4091355498796835,
        0.40760036417470574,
        0.40605350176747235,
        0.4075450637279608,
        0.4047887164373367,
        0.40292235485281047,
        0.4020173280193402,
        0.4035411615150805,
        0.4008148559175741,
        0.3991177187750515,
        0.40035637603781093,
        0.39927767774167533,
        0.3976876331023134,
        0.397100417663495,
        0.3959971732986621,
        0.394413164534127,
        0.39365893983231565,
        0.39326101836685934,
        0.3918538694374097,
        0.3915324309192146,
        0.3922662893042397,
        0.39122360725753225,
        0.3902643301045171,
        0.39084785672041555,
        0.38906592787645117,
        0.3851881701344499,
        0.3889535079939297,
        0.3892012129957303,
        0.3845769967705297,
        0.38418045516212146,
        0.38555633250516824,
        0.3836337185134522,
        0.38265447199535063,
        0.38465845670562965,
        0.3835954483324727,
        0.3816854666216305,
        0.3814142304487503,
        0.3815795868730393,
        0.3810712423758766,
        0.37924819565809575,
        0.3808225576108256,
        0.37814841921717973,
        0.37930534594356063,
        0.37967635886356854,
        0.3782922733134736,
        0.37763248693447904,
        0.37613095309787664,
        0.37658062234473305,
        0.3744530702551333,
        0.37502176102738793,
        0.3765721501062472,
        0.3755738329582702,
        0.37440256160288193,
        0.37308735836047335,
        0.37270972113639783,
        0.3716548181379946,
        0.37080497692187375,
        0.37181379286625893,
        0.37195730199829075,
        0.3705966101286891,
        0.370624965372177,
        0.36949133254087774,
        0.36966643308679137,
        0.3710120596443883,
        0.37033214946143544,
        0.36741624272669465,
        0.3704522401570512,
        0.3676693184307208,
        0.36778720508749113,
        0.3674312670962117,
        0.3660731404162824,
