{
    "train_mse": 0.1349541453214792,
    "train_sdr_db": 5.689926294180063,
    "train_symbol_accuracy": 0.9610250000000005,
    "final_mse": 0.1344865606381343,
    "final_sdr_db": 5.705305649684026,
    "final_symbol_accuracy": 0.9613312500000005,
    "val_symbol_accuracy": 0.9613312500000005,
    "train_history": [],
    "val_history": []
}