{
    "final_mse": 0.6199842606272016,
    "final_sdr_db": -0.8035458156040737,
    "final_symbol_accuracy": 0.23144999999999996,
    "train_history": [
        0.5176140760618543,
        0.5003749032815298,
        0.5000673740629166,
        0.49989823405704803,
        0.49972074088596163,
        0.49961637220685445,
        0.4996445051261357,
        0.4995890642915453,
        0.4996040652668665,
        0.49952314723105656,
        0.4994742983863467,
        0.4994577074807788,
        0.4993751999877748,
        0.4993986709723397,
        0.49936325729839387,
        0.49918293006836423,
        0.49925773105924093,
        0.49918592401913237,
        0.499120856561358,
        0.49911958546865554,
        0.4988036993004027,
        0.49885125434587874,
        0.49859273575601126,
        0.498665245752486,
        0.49859835183809675,
        0.4976192703322759,
        0.49807046566690716,
        0.4976735493493459,
        0.4973649803608183,
        0.49683712304584565,
        0.49650589246598503,
        0.4960233923934755,
        0.49563127992645145,
        0.49557858232467894,
        0.49401644345313783,
        0.4948956384545281,
        0.4933293911199721,
        0.49290062652693856,
        0.49273543887668186,
        0.49149808571452186,
        0.4916952692327045,
        0.48964920687297037,
        0.4918458911161574,
        0.48951095768383573,
        0.48550148568456136,
        0.48392817188823034,
        0.4811711377567715,
        0.4772594717759935,
        0.4750036110007574,
        0.4700189663304223,
        0.46744320175004384,
        0.4647543468172588,
        0.46263214898487875,
        0.462158230089006,
        0.4579174651039971,
        0.45351184407869977,
        0.4475657206679147,
        0.4464761321506803,
        0.4480176402462853,
        0.44266726242171395,
        0.43734798876066056,
        0.43862241601187085,
        0.43791030087168253,
        0.43428223284464035,
        0.43734426015899297,
        0.43405423609037247,
        0.42747935132374837,
        0.42601080073250663,
        0.4218155268638853,
        0.42050150226032923,
        0.4221822988419306,
        0.41953633891211617,
        0.4206512679183294,
        0.41560522620640106,
        0.41339833395821707,
        0.4114248170739129,
        0.409445083330548,
        0.40721253695942106,
        0.4059333020732516,
        0.4046373438267481,
        0.40141357032079544,
        0.4019488734858377,
        0.40486348006460404,
        0.4018714588785928,
        0.4011392536617461,
        0.3971159169598231,
        0.3955376422594464,
        0.3980056548875476,
        0.39619154873348417,
        0.39515560770791675,
        0.3955546082958343,
        0.3950630800118522,
        0.3936232938652947,
        0.3905543088912964,
        0.3877791691394079,
        0.3910811179214054,
        0.3923427949822138,
        0.38979442393968977,
        0.38576406098547433,
        0.38083950158149477
    ],
    "val_history": [
        0.501305205481393,
        0.5005425299916949,
        0.5003220992428916,
        0.5003268505845752,
        0.49988177844456266,
        0.5000991991588047,
        0.5000348857470921,
        0.4999747020857675,
        0.49992520042828154,
        0.5000237056187221,
        0.5000080849443164,
        0.500153545822416,
        0.500130866255079,
        0.5002851188182831,
        0.5000386238098145,
        0.5007139188902718,
        0.5001741562570844,
        0.5007847121783665,
        0.5002849570342472,
        0.5005522412913186,
        0.5012681441647666,
        0.5013156873839242,
        0.5018600438322339,
        0.5014138051441738,
        0.5003200428826469,
        0.5039014135088239,
        0.501292177609035,
        0.502961529152734,
        0.504759145634515,
        0.5026828476360866,
        0.5026328478540693,
        0.5023079259055001,
        0.5066920263426644,
        0.5020271965435573,
        0.509076931646892,
        0.5052647037165505,
        0.5070096254348755,
        0.5020652966839927,
        0.5101515139852252,
        0.5025278627872467,
        0.5045069754123688,
        0.5026987322739193,
        0.5114571579865047,
        0.5088374146393367,
        0.5022348846708026,
        0.5189625791140965,
        0.5250709865774427,
        0.5170310991150993,
        0.5170366210596902,
        0.5150755856718335,
        0.5166937453406197,
        0.5331178222383771,
        0.528118474142892,
        0.5125750090394702,
        0.5308358200958797,
        0.5450031672205243,
        0.5496726376669747,
        0.5375446506908962,
        0.5494038803236825,
        0.5654982072966439,
        0.555138383592878,
        0.5609766244888306,
        0.5644665615899223,
        0.5617302060127258,
        0.550882237298148,
        0.5485898000853402,
        0.565371939114162,
        0.562437891960144,
        0.5737110716956002,
        0.5655459846769061,
        0.5702609249523708,
        0.5703557218824115,
        0.5745631371225629,
        0.5686127288000924,
        0.5872379115649632,
        0.5715638995170593,
        0.5740025384085519,
        0.5817078181675502,
        0.5925249031611851,
        0.5726321509906224,
        0.5886893442698887,
        0.5945894462721688,
        0.579744815826416,
        0.5988280688013349,
        0.5834704211780003,
        0.6022264361381531,
        0.6193104130881173,
        0.5997005530766079,
        0.597257239477975,
        0.602030166557857,
        0.5928511193820408,
        0.5942005344799587,
        0.5930441788264683,
        0.6030316608292716,
        0.5936278445380074,
        0.6041380167007446,
        0.6276124971253532,
        0.611397887979235,
        0.6354694281305585,
        0.6199842606272016
    ]
}