{
    "final_mse": 0.682911075592041,
    "final_sdr_db": -1.1068161034584045,
    "final_symbol_accuracy": 0.247355,
    "train_history": [
        0.5009017385959625,
        0.500089458155632,
        0.5000573722839355,
        0.5000520131587982,
        0.5000505174398422,
        0.5000353634834289,
        0.5000315336704254,
        0.5000229011535644,
        0.5000178518772125,
        0.5000105633974076,
        0.500013653254509,
        0.5000100944042206,
        0.5000087762832641,
        0.5000048549413681,
        0.5000044675827027,
        0.500002110505104,
        0.5000019456863404,
        0.49999805927276614,
        0.49999719338417054,
        0.5000026286363601,
        0.4999948340177536,
        0.4999957605361938,
        0.49999324524402616,
        0.49998915011882783,
        0.49998953080177305,
        0.49997865619659426,
        0.49998678932189944,
        0.49998232679367066,
        0.4999771057128906,
        0.4999838385820389,
        0.49997558958530425,
        0.49997845809459684,
        0.49996824197769163,
        0.4999677532672882,
        0.4999575713634491,
        0.49996053955554964,
        0.49995902202129366,
        0.499955796122551,
        0.49994669637680056,
        0.4999459975242615,
        0.49993376762866976,
        0.49992955372333525,
        0.49992346677780153,
        0.4999121833562851,
        0.49990555763244626,
        0.49990053894519804,
        0.4998969950199127,
        0.49988653256893156,
        0.49987768948078154,
        0.49986636753082275,
        0.4998533629179001,
        0.4998440182685852,
        0.49984358921051025,
        0.4998323837995529,
        0.4998199459552765,
        0.4997979359149933,
        0.49979703247547147,
        0.49979731607437133,
        0.4997513113260269,
        0.49975198137760163,
        0.4997537152051926,
        0.49971718678474425,
        0.4996923643112183,
        0.49969112000465393,
        0.4996878809928894,
        0.49966189002990724,
        0.49965323672294615,
        0.4996232875585556,
        0.49960966334342954,
        0.4995705398321152,
        0.4995164438009262,
        0.499523130774498,
        0.49948854336738585,
        0.49944348702430724,
        0.49943607850074767,
        0.49940770530700684,
        0.4993549136161804,
        0.49932138056755065,
        0.4992762450933456,
        0.49927022376060487,
        0.49922935180664063,
        0.4990839854001999,
        0.49891782445907595,
        0.498704544043541,
        0.49820802676677706,
        0.4976797575950623,
        0.496895627951622,
        0.49590824065208433,
        0.49474976758956907,
        0.4933000162124634,
        0.49180699627399443,
        0.49033810863494875,
        0.4886195263624191,
        0.4868515012264252,
        0.4852620255470276,
        0.483770441031456,
        0.4821553701639175,
        0.48039014642238614,
        0.4784754348039627,
        0.4768924965620041,
        0.4751582568407059,
        0.4732553349018097,
        0.47223797399997713,
        0.47039492683410644,
        0.46879079940319063,
        0.4671094913005829,
        0.46536271257400513,
        0.46431936254501344,
        0.4625410297393799,
        0.46087720839977264,
        0.45997990543842315,
        0.4580377458572388,
        0.45700300300121305,
        0.45581236305236816,
        0.45470374863147733,
        0.45354742612838744,
        0.45259918711185454,
        0.4514255801677704,
        0.45072132630348205,
        0.450265011882782,
        0.44916699466705323,
        0.4484111318588257,
        0.4476780099391937,
        0.4470236273288727,
        0.44670740990638735,
        0.44605023851394654,
        0.4455452226638794,
        0.44530916361808776,
        0.44458438467979433,
        0.44407629504203794,
        0.4438820598125458,
        0.44315363376140593,
        0.44324028322696685,
        0.4428198221206665,
        0.441905357837677,
        0.4415501244544983,
        0.44152225370407105,
        0.4406178117275238,
        0.44077147393226623,
        0.43972720596790316,
        0.4394710445642471,
        0.4386962061405182,
        0.43832650372982024,
        0.43748991525173186,
        0.4375098587274551,
        0.4358797169685364,
        0.43467118356227874,
        0.43355863153934476,
        0.43304331669807433,
        0.43169946258068087,
        0.43050906116962434,
        0.4287483289003372,
        0.4273595582962036,
        0.42635074799060824,
        0.4251136240243912,
        0.42358106212615965,
        0.4226114389419556,
        0.42202754871845244,
        0.4204121735334396,
        0.4180562397956848,
        0.4176387808561325,
        0.41669132606983184,
        0.41531582407951356,
        0.414209050488472,
        0.41401285762786866,
        0.4123263150215149,
        0.41046036093235017,
        0.41038559355735776,
        0.4087510963201523,
        0.40757960076332095,
        0.4066135880470276,
        0.4057584405899048,
        0.4053789535999298,
        0.4030912210226059,
        0.4027096697568893,
        0.401747927570343,
        0.400868071103096,
        0.3993177050590515,
        0.39847171189785,
        0.39781559417247775,
        0.3966297195196152,
        0.39564387719631194,
        0.394492293548584,
        0.3935744617462158,
        0.3927593534708023,
        0.39106600794792173,
        0.3909967551469803,
        0.38981034235954287,
        0.3890269728183746,
        0.3878087674856186,
        0.38625348188877107,
        0.3862799200773239,
        0.38475136148929595,
        0.3845794947862625,
        0.38316770837306974,
        0.382861208820343,
        0.38158641006946564,
        0.3803192883014679,
        0.38061839537620545,
        0.37934071691036225,
        0.37749263246059417,
        0.37687027649879457,
        0.3759608741760254,
        0.3747644894123077,
        0.3739789728164673,
        0.3725919214010239,
        0.37206426873207094,
        0.37024501059055326,
        0.3690075090408325,
        0.3691815124034882,
        0.3673464204788208,
        0.3660982974767685,
        0.3647946677923202,
        0.3634700941801071,
        0.36257814865112303,
        0.36265796866416933,
        0.36040718898773194,
        0.3596107782125473,
        0.35960501766204833,
        0.357090020608902,
        0.35722851467132566,
        0.3553367958784103,
        0.355318306350708,
        0.3543447813987732,
        0.35230699837207796,
        0.35254124445915225,
        0.3502254458189011,
        0.3507912642478943,
        0.3486053291320801,
        0.3492757562637329,
        0.34844750237464905,
        0.346963002038002,
        0.3451891132593155,
        0.34514037439823153,
        0.3438190847873688,
        0.3427048472881317,
        0.34252567374706266,
        0.3424280212879181,
        0.34065524518489837,
        0.33999668426513674,
        0.3385670423030853,
        0.337846915102005,
        0.3374437393665314,
        0.33598133289814,
        0.3357185139894486,
        0.334498543047905,
        0.33411862115859986,
        0.33437042090892793,
        0.3316296036481857,
        0.3321432234287262,
        0.33102054269313813,
        0.330989376616478,
        0.3290447771549225,
        0.329403276181221,
        0.32750820212364196,
        0.32808710794448853,
        0.32691625633239746,
        0.32562386720180514,
        0.32629622757434845,
        0.32456113669872283,
        0.3243502726316452,
        0.3239905186414719,
        0.32230595116615296,
        0.32207669594287874,
        0.3211807605981827,
        0.3213468133211136,
        0.32002474522590635,
        0.3192445178747177,
        0.31894284384250643,
        0.3183162068128586,
        0.31733655474185946,
        0.3164765336513519,
        0.3161955984592438,
        0.3156364882469177,
        0.3157974284648895,
        0.3145616031885147,
        0.31341823098659516,
