{
    "final_mse": 0.49999957585334776,
    "final_sdr_db": 3.845379513222724e-06,
    "final_symbol_accuracy": 0.25153562500000026,
    "train_history": [
        0.5006893785953521,
        0.5000984930038452,
        0.5000830006361008,
        0.5000551354408265,
        0.5000567636966705,
        0.5000406033754349,
        0.5000321926832199,
        0.5000246483564377,
        0.5000092546701431,
        0.5000169819116592,
        0.5000137643098831,
        0.5000112781763076,
        0.5000119498491288,
        0.5000043828487396,
        0.5000129018306733,
        0.5000121898174286,
        0.5000045830011368,
        0.500013418674469,
        0.5000150109052658,
        0.5000095986127854,
        0.5000138988733291,
        0.5000105702400207,
        0.5000095182180405,
        0.5000099654197693,
        0.5000120101928711,
        0.5000093421459199,
        0.5000054904460907,
        0.5000106499910355,
        0.5000048243761063,
        0.5000147048711777,
        0.5000075904369354,
        0.5000095652103425,
        0.5000097143173218,
        0.5000126068115235,
        0.5000128208875656,
        0.5000059735059739,
        0.49999192669391634,
        0.5000198733329773,
        0.5000061639070511,
        0.5000102120637894,
        0.5000134491682052,
        0.5000069869756698,
        0.4999940227985382,
        0.5000049553871154,
        0.500010394501686,
        0.5000088470458984,
        0.5000095944404602,
        0.5000105388641357,
        0.5000062794208526,
        0.5000144924402237,
        0.5000074619054794,
        0.500009008693695,
        0.5000097666025162,
        0.5000069160461426,
        0.5000085524082184,
        0.5000056646347046,
        0.5000086671829224,
        0.5000079769134521,
        0.5000071224927902,
        0.5000061873912811,
        0.5000071042299271,
        0.5000087000846862,
        0.5000031916856765,
        0.5000073941946029,
        0.5000099135875702,
        0.499996847319603,
        0.500013078045845,
        0.5000083961248398,
        0.500004669380188,
        0.5000076482057572,
        0.5000068813562393,
        0.5000125598907471,
        0.5000051225423813,
        0.500006741142273,
        0.5000094239473343,
        0.5000098355531692,
        0.5000075239658356,
        0.5000071644306183,
        0.500006258225441,
        0.5000086236000061,
        0.5000083076953888,
        0.5000058772087097,
        0.5000057961940766,
        0.5000082058906555,
        0.5000064007759094,
        0.5000059536457062,
        0.5000030932664872,
        0.500004464006424,
        0.5000098866224288,
        0.5000097997188568,
        0.5000043292284012,
        0.5000007022857667,
        0.5000120609283447,
        0.5000030056715011,
        0.5000139820337296,
        0.5000073377132416,
        0.5000075562477112,
        0.5000056345701218,
        0.5000054440975189,
        0.5000121385574341,
        0.50000731112957,
        0.5000076980352401,
        0.5000075851678848,
        0.5000066922426224,
        0.5000056303977967,
        0.5000052404642105,
        0.500006939458847,
        0.5000055551052094,
        0.5000080102920532,
        0.5000012022018433,
        0.500008653497696,
        0.5000085933923721,
        0.49999471061229706,
        0.49998613963127136,
        0.5000225534439087,
        0.5000028701782226,
        0.4999968837022781,
        0.5000063900709152,
        0.5000143037319184,
        0.5000024296283722,
        0.5000117529153824,
        0.5000091944932937,
        0.5000092406272888,
        0.5000068314313889,
        0.5000070403814316,
        0.5000108422279358,
        0.5000051459550857,
        0.5000023153781891,
        0.5000082103013992,
        0.5000080053091049,
        0.5000073915481568,
        0.5000065526723861,
        0.5000072336912155,
        0.5000062221050262,
        0.5000065676927566,
        0.5000041214466096,
        0.5000088165283203,
        0.5000045025587082,
        0.500008385181427,
        0.5000083145618439,
        0.5000078672885895,
        0.5000016122579575,
        0.5000117230653763,
        0.50001097946167,
        0.5000077176094055,
        0.5000073292732239,
        0.5000064878702164,
        0.5000058483123779,
        0.5000115577936173,
        0.5000074845790863,
        0.5000052489519119,
        0.5000011683464051,
        0.5000149567127228,
        0.5000090152263641,
        0.5000044912099838,
        0.500008044552803,
        0.5000049330711365,
        0.5000076864480972,
        0.5000077924013138,
        0.500008761882782,
        0.5000076026439667,
        0.5000067274332046,
        0.5000073406696319,
        0.5000070544242858,
        0.5000091136693955,
        0.5000073171377182,
        0.5000022775411606,
        0.5000093283891678,
        0.5000118570327758,
        0.5000070631504059,
        0.5000026087284088,
        0.5000094684362412,
        0.5000099573373794,
        0.5000040757894516,
        0.5000097494840622,
        0.5000070724964142,
        0.5000023873806,
        0.5000030658960343,
        0.5000125245332718,
        0.5000060405492782,
        0.5000070065021515,
        0.5000035848140717,
        0.5000047590017319,
        0.4999930965423584,
        0.5000077359199524,
        0.5000075488328933,
        0.5000089519023895,
        0.500009554028511,
        0.5000052109479904,
        0.5000088693141937,
        0.5000086550712586,
        0.5000078146457672,
        0.5000067237377167,
        0.5000055454015732,
        0.5000062005519867,
        0.5000149319648742,
        0.5000076993703843,
        0.49999073185920717,
        0.5000204030036927,
        0.5000083388328552,
        0.50000491669178,
        0.5000107506752014,
        0.5000048949956893,
        0.5000084743976593,
        0.5000030982255935,
        0.5000132086038589,
        0.5000062381267547,
        0.5000059915304184,
        0.5000020905733108,
        0.5000080073595047,
        0.5000109038591385,
        0.5000037367343902,
        0.5000078366994858,
        0.5000053982019425,
        0.500011710357666,
        0.5000050689935684,
        0.5000089469909668,
        0.5000045027494431,
        0.5000020312309266,
        0.500011564874649,
        0.5000121096372604,
        0.5000041721582412,
        0.49999828531742097,
        0.5000192449092865,
        0.5000025716781616,
        0.500007737326622,
        0.5000086624145508,
        0.5000052543878555,
        0.5000038367509841,
        0.4999992975711823,
        0.5000161688327789,
        0.5000074489831925,
        0.5000088156938552,
        0.49999466323852537,
        0.5000179191827774,
        0.5000087707281112,
        0.5000061853170394,
        0.5000098484516143,
        0.5000059091567993,
        0.5000064025163651,
        0.5000079778432847,
        0.5000081614017486,
        0.5000074965000153,
        0.5000054324388504,
        0.5000039158821106,
        0.5000101119756699,
        0.5000034910678863,
        0.5000127445220948,
        0.5000095056056977,
        0.50000758061409,
        0.5000017268657684,
        0.5000109031200409,
        0.500001825094223,
        0.500008356332779,
        0.5000071259737014,
        0.5000046394348144,
        0.4999765474319458,
        0.5000237958431244,
        0.5000136805534363,
        0.500000063586235,
        0.5000126764774323,
        0.5000040711641311,
        0.4999869218349457,
        0.5000102275848388,
        0.5000159389734268,
        0.4999960444688797,
        0.5000065932035446,
        0.5000067764282227,
        0.5000042380571366,
        0.5000088936805726,
        0.5000014050245285,
        0.5000151026010513,
        0.5000078857898712,
        0.5000068033218383,
        0.5000079177618026,
        0.5000033569335938,
        0.5000060564756393,
        0.5000110822200775,
        0.5000097388744354,
        0.5000047337532043,
        0.5000052276372909,
