{
    "train_mse": 0.49884141609072685,
    "train_sdr_db": 0.011668572624330409,
    "train_symbol_accuracy": 0.2718949999999997,
    "final_mse": 0.5003756582736969,
    "final_sdr_db": -0.0026465486735105515,
    "final_symbol_accuracy": 0.24975000000000006,
    "val_symbol_accuracy": 0.24975000000000006,
    "train_history": [
        0.5103959310799837,
        0.49992313887923956,
        0.499803707934916,
        0.4993132734671235,
        0.49891774263232946,
        0.49933625664561987,
        0.49881649762392044,
        0.4993055760860443,
        0.4992225682362914,
        0.49892423674464226
    ],
    "val_history": [
        0.500878781080246,
        0.5001362860202789,
        0.5017330497503281,
        0.500301793217659,
        0.5005511790513992,
        0.50051449239254,
        0.5007715225219727,
        0.5009604692459106,
        0.5003495961427689,
        0.5003756582736969
    ]
}