{
    "train_mse": 0.00027238064284902067,
    "train_sdr_db": 35.55133944702148,
    "train_symbol_accuracy": 0.9997828750000046,
    "final_mse": 0.0020837807151976796,
    "final_sdr_db": 27.268716721307662,
    "final_symbol_accuracy": 0.9976687499999899,
    "val_symbol_accuracy": 0.9976687499999899,
    "train_history": [
        0.06473035539984703,
        0.012449487057328224,
        0.007786127699166537,
        0.005245838019251823,
        0.004287736028060317,
        0.003919436019659043,
        0.003638959841057658,
        0.0033695064958184956,
        0.00319662667196244,
        0.003087472946383059,
        0.0029898127498105167,
        0.0028156855368986727,
        0.002709277375973761,
        0.0025473272528499366,
        0.0024026940423995257,
        0.0023100470690056683,
        0.002190414376743138,
        0.002102933471277356,
        0.001971265351958573,
        0.0019006488209590317,
        0.0018570123468525709,
        0.0017855848719365896,
        0.001706645670440048,
        0.001637240135949105,
        0.0016006809771992266,
        0.0015254725399427116,
        0.0014778699794784189,
        0.0014033208620268852,
        0.001368105253111571,
        0.0012953812510706484,
        0.0012971106791868805,
        0.00123257474321872,
        0.0011727626288309694,
        0.0010866451811045409,
        0.0011187232134398073,
        0.001015481427218765,
        0.001039632323058322,
        0.0009079856253694742,
        0.0009155794109683484,
        0.0009011357944924385,
        0.0008772107443306595,
        0.0008306343939388171,
        0.0008300305104348808,
        0.0008233538358937949,
        0.0007501890652347356,
        0.0007451911049894988,
        0.0007886374781373889,
        0.0006770603214157745,
        0.0007042753452667967,
        0.0006550436053192243,
        0.0006182916873367503,
        0.0006336186507716775,
        0.0006167693673633039,
        0.0006332714507356286,
        0.0006063730246620252,
        0.0005788515413412825,
        0.0005943780828965828,
        0.0005741155973169953,
        0.0005383243663236499,
        0.0005470231497194618,
        0.0005625342461513355,
        0.0005433819046244025,
        0.0005346075055887923,
        0.0004793901393422857,
        0.0005186289127916098,
        0.0004909117973409593,
        0.0004956760362139903,
        0.0004844828884582967,
        0.0004956039729062467,
        0.00045344670307822523,
        0.0004496312178205699,
        0.00047513588347937913,
        0.0004336885975324549,
        0.00043409374445909634,
        0.00042904428080655635,
        0.000410993267048616,
        0.0004588199730613269,
        0.000391504210291896,
        0.0004289915851433761,
        0.00037721784401219336,
        0.0004223402682808228,
        0.0003949128793319687,
        0.000405783686763607,
        0.00037266338221961633,
        0.0004092794678057544,
        0.00039160973727703094,
        0.0003694093542755581,
        0.0003329772473545745,
        0.00039483503166120497,
        0.00035688536663074045,
        0.00038323486075969414,
        0.000331556487979833,
        0.00034004237200133504,
        0.00033989898811560127,
        0.0003797762705013156,
        0.00032913192267296833,
        0.0003358034296776168,
        0.00034968335803132507,
        0.0003340861975564621,
        0.0003410929898614995
    ],
    "val_history": [
        0.014802003087150671,
        0.010038888540178065,
        0.006499628876409833,
        0.004691607821437102,
        0.004635661918049057,
        0.0035674176363658812,
        0.003691416148776336,
        0.0037243972081572765,
        0.0032218708582813778,
        0.0032799298365023873,
        0.0026329225150956994,
        0.0030236931495545875,
        0.003175188380751818,
        0.0025059632173488064,
        0.002412145831696098,
        0.002319313870328996,
        0.0023368260719709927,
        0.00215426468593438,
        0.0026509486645134904,
        0.0020939069116369838,
        0.002214390400146681,
        0.002095191070573434,
        0.00212378938874555,
        0.0019985628628452854,
        0.001994812182919492,
        0.0020924871473292275,
        0.0021163601860670106,
        0.002107511692133451,
        0.001869580712139843,
        0.0020426048523938607,
        0.0020210179389410074,
        0.0019642819432423467,
        0.0019235299412338506,
        0.0022248350645578097,
        0.002093843677790747,
        0.0022139541254127546,
        0.002234797087675404,
        0.0021603506849339556,
        0.00232957259729682,
        0.001947968141249721,
        0.0020334354753325148,
        0.002168051848587181,
        0.002166447248162022,
        0.0020544908844703246,
        0.0022327546787906495,
        0.002052917858467452,
        0.002155909527255784,
        0.0020524876761353677,
        0.0021027472435629795,
        0.002230528230217123,
        0.001826371890418823,
        0.0021206997723008194,
        0.0021233006107014797,
        0.0021819414770496742,
        0.002318663913423994,
        0.002174406378929104,
        0.0021016954274345485,
        0.0021714746456829802,
        0.0021075677285562196,
        0.0023903098245639178,
        0.002081258923724471,
        0.00202833015992794,
        0.002024527240012373,
        0.0020702473924583977,
        0.002262388660927259,
        0.0021850758413266805,
        0.0022228859819560533,
        0.00223453205618416,
        0.0022159477655169747,
        0.0021836503698963615,
        0.002073164092421177,
        0.0023207470316380734,
        0.00210178530930231,
        0.0020262073958292603,
        0.0021297629942954887,
        0.0020495335126133074,
        0.002288344942609824,
        0.0021137191113897616,
        0.002181052215515621,
        0.0021778824036970497,
        0.002256822295575624,
        0.002167042355895752,
        0.002074058061384315,
        0.002138822879050932,
        0.0022075288256423343,
        0.002343945424183316,
        0.0021002268592368754,
        0.0021585834245862706,
        0.002149594953239319,
        0.002032528684977146,
        0.002017220728919797,
        0.002472118347040599,
        0.0021785503356821006,
        0.002014747223011144,
        0.0019925428547024255,
        0.002170026835445906,
        0.002053503918143669,
        0.001960855884669674,
        0.0023399770152681167,
        0.0020837807151976796
    ]
}