{
    "train_mse": 0.00015831640905234962,
    "train_sdr_db": 35.028952795410156,
    "train_symbol_accuracy": 1.0,
    "final_mse": 0.00015881191708132743,
    "final_sdr_db": 35.01334617251442,
    "final_symbol_accuracy": 1.0,
    "val_symbol_accuracy": 1.0,
    "train_history": [
        0.03037674598619342,
        0.0015758633160963655,
        0.0008430063473060727,
        0.0006833177597261966,
        0.0005976561826653778,
        0.0005287776563316583,
        0.0004853237727191299,
        0.00043585105827078225,
        0.00041054429127834735,
        0.0003660461150109768,
        0.00034662173194810746,
        0.0003218830244615674,
        0.00029325078323017803,
        0.0002750014886958525,
        0.00025837810612283646,
        0.0002313932777615264,
        0.00021288999507669358,
        0.00019146526399999858,
        0.00018131333403289317,
        0.0001650203029392287
    ],
    "val_history": [
        0.003488850425041857,
        0.0010352850575665279,
        0.0006742874735094134,
        0.0008776234786233141,
        0.0007096733389762304,
        0.00046754688983561383,
        0.00038863319417624365,
        0.00040286468316076533,
        0.0005591392687093171,
        0.00030766702894609245,
        0.00034838086243585816,
        0.0004028015029025338,
        0.00031956586994171616,
        0.0002246534321106054,
        0.00022027402883395553,
        0.00023906196639429601,
        0.00017645365571499697,
        0.00029084297582610615,
        0.0001887894006416438,
        0.00015881191708132743
    ]
}