{
    "train_mse": 6.977658437099307e-05,
    "train_sdr_db": 38.582060766601565,
    "train_symbol_accuracy": 1.0,
    "final_mse": 6.9850714579742e-05,
    "final_sdr_db": 38.58050173804874,
    "final_symbol_accuracy": 1.0,
    "val_symbol_accuracy": 1.0,
    "train_history": [
        0.0189537106346339,
        0.0026003098720684646,
        0.0009974989278241993,
        0.0006157420148607343,
        0.0004620191941503435,
        0.00037884577428922057,
        0.0003192364441230893,
        0.0002865150815108791,
        0.00026410724595189093,
        0.00023920314551796764,
        0.00022214879454113544,
        0.00019695583914872258,
        0.00017443353373091668,
        0.0001558760999934748,
        0.0001344392309896648,
        0.00011885447179665789,
        0.00010493901319568977,
        9.366642110981047e-05,
        8.817003685981035e-05,
        8.529246292309836e-05
    ],
    "val_history": [
        0.0035184898620678317,
        0.0014085936256580884,
        0.0006681385936052908,
        0.0004842255291314648,
        0.00038350418040026277,
        0.00030748146708079035,
        0.00031804488805521814,
        0.00026119273850723864,
        0.0002263139017269991,
        0.000237707936552368,
        0.00021031185719443278,
        0.00018565169727754972,
        0.0001556432728807161,
        0.00016159408966944153,
        0.00012861902983526567,
        0.0001015953559313886,
        8.679831369099991e-05,
        7.494287320508784e-05,
        6.423245940823108e-05,
        6.9850714579742e-05
    ]
}