{
    "final_mse": 0.5000003426074981,
    "final_sdr_db": -2.4476582766510547e-06,
    "final_symbol_accuracy": 0.2502693750000003,
    "train_history": [
        0.5005666949748993,
        0.5000941218852997,
        0.5000833548545838,
        0.5000542131185531,
        0.5000637791156769,
        0.5000485835313797,
        0.5000366868972779,
        0.5000287226200104,
        0.5000113773107528,
        0.5000160735845566,
        0.5000176939725876,
        0.5000072451353074,
        0.5000068537473679,
        0.5000077394008636,
        0.500012891793251,
        0.5000094112396241,
        0.5000071214199067,
        0.5000106225728989,
        0.5000133376598358,
        0.500009276676178,
        0.500012367773056,
        0.5000106890916824,
        0.5000071184873581,
        0.5000092781543731,
        0.5000109927654266,
        0.5000072329759597,
        0.500003214931488,
        0.5000099355697631,
        0.5000053460359574,
        0.5000134231090546,
        0.5000080338478088,
        0.5000087550878525,
        0.5000092986106872,
        0.5000083808660507,
        0.5000093871355057,
        0.5000063294172287,
        0.4999796646118164,
        0.5000297163009644,
        0.5000069630622864,
        0.5000083123683929,
        0.5000119138479233,
        0.5000043802499771,
        0.5000069051504135,
        0.5000049419164657,
        0.5000125958204269,
        0.5000107853889465,
        0.5000058146238328,
        0.5000097235918045,
        0.50000675137043,
        0.5000108049869537,
        0.500008350610733,
        0.500003586435318,
        0.5000130408287048,
        0.5000070710659027,
        0.5000064277172088,
        0.500000707745552,
        0.5000109423875809,
        0.5000120289325715,
        0.5000054582357406,
        0.5000088507652283,
        0.5000083199501038,
        0.5000079440832138,
        0.5000035750389099,
        0.5000071287155151,
        0.5000099581956864,
        0.4999985165834427,
        0.5000122498273849,
        0.5000107409954071,
        0.5000053624629974,
        0.5000066413640976,
        0.5000066050052643,
        0.5000122687339783,
        0.5000060733079911,
        0.5000049681425095,
        0.5000103511571884,
        0.5000112733840942,
        0.5000072919130325,
        0.5000068716287613,
        0.5000074137210846,
        0.5000080143451691,
        0.5000065443992615,
        0.500005836558342,
        0.5000061326503754,
        0.5000066262006759,
        0.5000064427137375,
        0.5000052797079086,
        0.5000050220251083,
        0.500007740688324,
        0.500008160495758,
        0.5000075017929078,
        0.5000062966346741,
        0.5000054491519927,
        0.5000073886156082,
        0.5000051939725876,
        0.5000104295015335,
        0.5000076130867004,
        0.5000063836336136,
        0.5000057647943497,
        0.5000065441608429,
        0.5000053843736648,
        0.5000083955526352,
        0.5000056500673294,
        0.5000067634344101,
        0.5000079250574112,
        0.5000054340362549,
        0.5000052931308746,
        0.5000060161352158,
        0.5000057077646255,
        0.5000110317707062,
        0.5000063820838928,
        0.5000052048921585,
        0.5000083349466324,
        0.5000035484313965,
        0.499999959897995,
        0.5000149559020997,
        0.5000050451040268,
        0.5000040131807327,
        0.5000080471038818,
        0.5000092360496521,
        0.5000046770095825,
        0.5000072561025619,
        0.500004178738594,
        0.5000145496845245,
        0.5000057505369186,
        0.49999863040447234,
        0.5000216227293015,
        0.500004137468338,
        0.5000085154056549,
        0.5000037854194641,
        0.500009583735466,
        0.500009176659584,
        0.500003931927681,
        0.5000084357976914,
        0.5000053162813186,
        0.5000108581542969,
        0.5000044275760651,
        0.5000074159860611,
        0.499995010304451,
        0.5000141796112061,
        0.5000071782588958,
        0.500006397986412,
        0.5000054056406021,
        0.500008913898468,
        0.5000073079824447,
        0.5000055643320084,
        0.5000072740316391,
        0.5000088546514511,
        0.5000030052185058,
        0.5000117349863052,
        0.5000081661462784,
        0.5000051155805588,
        0.5000076996564865,
        0.5000056839466095,
        0.5000099927902222,
        0.5000051503181457,
        0.5000041993379593,
        0.4999962464332581,
        0.5000075862169265,
        0.5000099154233932,
        0.5000036620855332,
        0.5000051108121872,
        0.5000103935241699,
        0.5000065232038498,
        0.500005758857727,
        0.500007750749588,
        0.5000093767404556,
        0.5000044988155365,
        0.5000060376882554,
        0.5000113559484481,
        0.5000070521831512,
        0.4999955316066742,
        0.5000110544681549,
        0.500012033200264,
        0.5000065425872803,
        0.5000104332447052,
        0.5000081078767776,
        0.5000072348594665,
        0.5000053393363952,
        0.5000088211774826,
        0.5000056985139847,
        0.5000023658275604,
        0.500007146024704,
        0.5000096087217331,
        0.5000053248167038,
        0.5000085543394088,
        0.5000069944620132,
        0.5000077212095261,
        0.5000079421520233,
        0.5000056107759475,
        0.5000092828989029,
        0.5000061562776565,
        0.5000077613830567,
        0.5000034441232681,
        0.5000045398950577,
        0.5000076924562454,
        0.5000130608081818,
        0.5000041729688645,
        0.49997138226032256,
        0.5000328918457031,
        0.5000057378053665,
        0.4999969579935074,
        0.5000094371080399,
        0.5000041008710862,
        0.5000081739187241,
        0.4999980820178986,
        0.5000164913415909,
        0.5000063069820404,
        0.5000071997880936,
        0.5000064386367797,
        0.50000450694561,
        0.5000122180938721,
        0.5000061068773269,
        0.5000086579799652,
        0.5000060281276703,
        0.5000091318845749,
        0.5000054970026017,
        0.5000081906795502,
        0.5000045900344848,
        0.49999998247623445,
        0.5000109156847,
        0.5000100544214249,
        0.5000015539407731,
        0.5000006929159164,
        0.5000127249479294,
        0.5000035849094391,
        0.5000074257612228,
        0.500010845708847,
        0.50000439620018,
        0.5000029966115952,
        0.5000031456708908,
        0.5000064856052399,
        0.5000077124118805,
        0.500010636973381,
        0.4999968935489654,
        0.5000135941505433,
        0.5000067702293396,
        0.5000112409830093,
        0.5000067899465561,
        0.5000059468984603,
        0.5000086562156677,
        0.5000080765008926,
        0.5000053802967072,
        0.5000057411909103,
        0.500009406709671,
        0.500007636141777,
        0.50000831387043,
        0.4999985971689224,
        0.5000156741857529,
        0.5000077697753906,
        0.5000097420692444,
        0.49999834520816805,
        0.5000084516763688,
        0.5000113518476487,
        0.5000039832353592,
        0.5000102430105209,
        0.500004066991806,
        0.49998929219245913,
        0.5000089929103851,
        0.5000106877088547,
        0.4999942050457001,
        0.5000200073719024,
        0.5000068779468536,
        0.49999524161815645,
        0.5000046040296554,
        0.5000119997024536,
        0.5000047909975052,
        0.4999985389471054,
        0.5000076994657516,
        0.5000061262369155,
        0.499999231338501,
        0.49999971475601196,
        0.50002060277462,
        0.500007055401802,
        0.5000045881271362,
        0.5000105821609497,
        0.5000046124219895,
        0.5000061686515808,
        0.5000088423013687,
        0.5000089903116226,
        0.5000060705900192,
        0.5000069937229157,
