{
    "train_mse": 0.2678494268655777,
    "train_sdr_db": 2.979023832321167,
    "train_symbol_accuracy": 0.6548782499999992,
    "final_mse": 0.7172395322057936,
    "final_sdr_db": -1.2987327064786638,
    "final_symbol_accuracy": 0.33925249999999985,
    "val_symbol_accuracy": 0.33925249999999985,
    "train_history": [
        0.5010704658985138,
        0.5000904828071594,
        0.5000709194660187,
        0.5000591027259826,
        0.5000642983913421,
        0.5000478358268737,
        0.500038448381424,
        0.5000296057701111,
        0.500040621471405,
        0.5000202471733093,
        0.5000130491256713,
        0.5000235168457031,
        0.4999883851528168,
        0.5000082887172699,
        0.5000034017562867,
        0.5000071203231812,
        0.4999921319961548,
        0.4999939422607422,
        0.4999807650566101,
        0.499985507106781,
        0.49998403539657593,
        0.4999727704524994,
        0.4999619094848633,
        0.49995006375312806,
        0.4999397672176361,
        0.4999368936538696,
        0.4999246589660645,
        0.49990768661499024,
        0.49988255105018614,
        0.49986605911254883,
        0.4998194647312164,
        0.4997875212192535,
        0.49971780953407285,
        0.4996601471424103,
        0.49958569831848143,
        0.49949672441482545,
        0.4993774185180664,
        0.49931741938591,
        0.4992000096321106,
        0.49926583309173583,
        0.49891332683563233,
        0.49834303379058836,
        0.4965505777835846,
        0.49183763947486875,
        0.48569420471191405,
        0.47894705281257627,
        0.47123486704826356,
        0.4650665833950043,
        0.4599984882354736,
        0.4557949227333069,
        0.4524831297874451,
        0.4504489719390869,
        0.4485668748378754,
        0.4476203407287598,
        0.44625425124168394,
        0.4460200171470642,
        0.44525170888900756,
        0.444672150182724,
        0.4443198820590973,
        0.44385090680122374,
        0.4435475612640381,
        0.4435009395599365,
        0.4431020881175995,
        0.4428747637271881,
        0.4429120131969452,
        0.443254940032959,
        0.4445663946628571,
        0.44468464789390566,
        0.4437643726825714,
        0.4440414954185486,
        0.44272624287605283,
        0.4416418273925781,
        0.44090956783294677,
        0.4383536672592163,
        0.4360811314582825,
        0.43406262373924254,
        0.4320603663444519,
        0.42879369521141053,
        0.42721299686431885,
        0.4239099238872528,
        0.4231212435245514,
        0.4200874274253845,
        0.4194354041576385,
        0.41590363574028016,
        0.41681660890579225,
        0.41614921340942385,
        0.41338126521110535,
        0.4128263267993927,
        0.4139395053386688,
        0.41122035455703737,
        0.4104163508415222,
        0.40979047355651854,
        0.40856811952590943,
        0.40787457437515257,
        0.40606020932197573,
        0.40515422577857974,
        0.40243020882606506,
        0.4024213263511658,
        0.40062754945755,
        0.3994695131778717,
        0.3976935122489929,
        0.39603670749664305,
        0.3950069808006287,
        0.39305711340904237,
        0.3936057456970215,
        0.3923952411174774,
        0.3911542490005493,
        0.3905039360046387,
        0.38916390709877013,
        0.38794876408576967,
        0.3869707675933838,
        0.38738041410446167,
        0.3859653774738312,
        0.3853980158805847,
        0.38440139408111573,
        0.3833639186859131,
        0.3846034210205078,
        0.383924169588089,
        0.3827123127937317,
        0.38242424206733705,
        0.38154522199630736,
        0.38159277629852295,
        0.381939529466629,
        0.38063177533149717,
        0.3786340623378754,
        0.3788006628990173,
        0.37842223854064944,
        0.3789745063304901,
        0.3777839036941528,
        0.37626232957839967,
        0.37680943212509155,
        0.3770533679962158,
        0.3760055682182312,
        0.37484366006851194,
        0.3751626272678375,
        0.3762247562885284,
        0.37489768767356874,
        0.3737876612186432,
        0.37397615985870364,
        0.3728394132137299,
        0.37363459553718564,
        0.37252971687316894,
        0.3722576814651489,
        0.37302010474205016,
        0.3724980960845947,
        0.3718159658908844,
        0.3702554801464081,
        0.3704418529510498,
        0.3701946545124054,
        0.3684072978973389,
        0.36921303205490114,
        0.3688803737640381,
        0.36820797324180604,
        0.36843416657447814,
        0.36870935621261597,
        0.3670627248764038,
        0.36669349851608274,
        0.36665660700798036,
        0.36636551570892334,
        0.36501966910362244,
        0.3646720940589905,
        0.3650512970924377,
        0.36450621433258057,
        0.3633225367546081,
        0.36221497931480406,
        0.36270697851181033,
        0.3624064744472504,
        0.36160678653717043,
        0.3604241880893707,
        0.3587471323490143,
        0.3580451195240021,
        0.3579159465789795,
        0.3584195429325104,
        0.35672711577415467,
        0.35526723895072937,
        0.3529770577907562,
        0.35279457755088806,
        0.35179585075378417,
        0.34992093849182127,
        0.34937611632347104,
        0.34831027636528017,
        0.3459401348590851,
        0.3439262736320496,
        0.34199820284843446,
        0.34007329125404356,
        0.3400907391548157,
        0.33952900595664975,
        0.33773338809013365,
        0.3358374186515808,
        0.33342206988334655,
        0.33261745901107787,
        0.33188156819343567,
        0.33101940598487856,
        0.33014503984451293,
        0.3289110279083252,
        0.327869197845459,
        0.3267111267566681,
        0.3265347538948059,
        0.32611745409965515,
        0.32559997568130494,
        0.3232560108661652,
        0.32222935366630556,
        0.32243417096138,
        0.3220578295707703,
        0.3201301123142242,
        0.31963506808280945,
        0.31991817746162415,
        0.31906222577095034,
        0.31765207200050355,
        0.3177124231815338,
        0.31654012956619265,
        0.3161096004962921,
        0.3158797798633575,
        0.3152435273647308,
        0.31425260977745056,
        0.3135952278137207,
        0.3137556906700134,
        0.31371226449012757,
        0.31319629364013674,
        0.31203326416015625,
        0.31082800064086913,
        0.3108137050151825,
        0.3111781801700592,
        0.3103096351623535,
        0.3090621475696564,
        0.3092485556602478,
        0.30962033281326296,
        0.3088511102199554,
        0.3065215000152588,
        0.3057981915473938,
        0.3060599169254303,
        0.30743073949813843,
        0.30762683248519895,
        0.30480360956192015,
        0.3041558576583862,
        0.3050200578212738,
        0.3047968765258789,
        0.3041534935951233,
        0.3028248632907867,
        0.30289426374435424,
        0.30294245834350586,
        0.3017198637962341,
        0.30107278723716735,
        0.30149102692604063,
        0.3012407223701477,
        0.2995632023334503,
        0.2988391023635864,
        0.29775245418548585,
        0.29811617641448973,
        0.29768741655349734,
        0.29678516125679016,
        0.2959624055147171,
        0.2965306724786758,
        0.29557854192256927,
        0.2951721446990967,
        0.29338894243240354,
        0.293762508225441,
        0.29425146958827975,
        0.2929593363761902,
        0.2930736739635468,
        0.2918136702299118,
        0.29087579245567324,
        0.29137913081645966,
        0.29004052336215974,
        0.2900726011514664,
        0.28930523900985716,
        0.28885994801521303,
        0.28809863536357877,
        0.2872589578390121,
        0.28623945043087007,
