{
    "train_mse": 0.20103777758777142,
    "train_sdr_db": 3.9628865122795105,
    "train_symbol_accuracy": 0.7228027343749998,
    "final_mse": 0.20097049325704575,
    "final_sdr_db": 3.9643954634666443,
    "final_symbol_accuracy": 0.721630859375,
    "val_symbol_accuracy": 0.721630859375,
    "train_history": [],
    "val_history": []
}