{
    "primary_metric": "val_pit_mse",
    "val_pit_mse": 0.44916689954698086,
    "val_pit_sdr_db": 0.49437921587377787,
    "final_mse": 0.44916689954698086,
    "final_sdr_db": 0.49437921587377787,
    "train_history": [
        0.463483671505992,
        0.45594634234714815,
        0.45483609843558775,
        0.45396321164533354,
        0.45378018491946087,
        0.45360847726797526,
        0.45367606722127896,
        0.45332405418633653,
        0.45325374631836013,
        0.4531134106099796,
        0.4529115471024864,
        0.4530448185178799,
        0.45291540140922837,
        0.4527009198079094,
        0.45227664509139504,
        0.45142565767605086,
        0.45123803101408594,
        0.4512665533600524,
        0.450790869351774,
        0.45074969901444434,
        0.45027707321956134,
        0.4499334724375996,
        0.45002019005461624,
        0.44984509588811344,
        0.4497300852982762,
        0.4492222892400175,
        0.4491121388091066,
        0.4489439509737606,
        0.4488239752027554,
        0.4488327217559083,
        0.44810409248827365,
        0.44777363157881717,
        0.4475803897974971,
        0.44760817613083714,
        0.4472476662919163,
        0.44701733623449796,
        0.44644485009364043,
        0.446835052376738,
        0.4458415009343205,
        0.44553548792680614,
        0.444621421849004,
        0.4447616000716298,
        0.44498702902763415,
        0.4443001711901765,
        0.4441456821398994,
        0.4435689223650545,
        0.4431379472676177,
        0.4422097424158273,
        0.4422473506615185,
        0.4415052548384133,
        0.4412090532695904,
        0.44060727135061073,
        0.44021646330912656,
        0.4393624719529868,
        0.43840655179831167,
        0.4378905429626806,
        0.43699651975601245,
        0.43681352530805445,
        0.4354086583033918,
        0.43583682588875866,
        0.4337723068535899,
        0.4331845200290314,
        0.43197864046492895,
        0.4312903478313178,
        0.43061124326322026,
        0.42990226001023485,
        0.4289387864426683,
        0.4274222442326835,
        0.4256594227716184,
        0.42504655000881647,
        0.4232686316243376,
        0.42217188616530205,
        0.4203153745815777,
        0.4189411738810067,
        0.41748902353996664,
        0.4172773648755619,
        0.4153935912127693,
        0.41410942780324067,
        0.412141461722767,
        0.411375671244277,
        0.4099941919215571,
        0.40837964082297423,
        0.40710902661561205,
        0.4062856505282771,
        0.40465534771212375,
        0.4035815256662643,
        0.40304329620001794,
        0.40150965364596336,
        0.3996391187841519,
        0.39893151319826753,
        0.397450576003748,
        0.39618240149257283,
        0.39534882901194757,
        0.39311801958769654,
        0.3898998896915692,
        0.39038526431059306,
        0.3895839753623207,
        0.38813491694081703,
        0.38527403348170147,
        0.38438187934720097,
        0.38202222753256654,
        0.38290239332583004,
        0.3794866637490428,
        0.3768086660974704,
        0.3771404033651748,
        0.3771243638123948,
        0.37541752787062915,
        0.3733355905682134,
        0.371212798471268,
        0.3696965795165053,
        0.36875237148409834,
        0.3669004190844088,
        0.367838817663467,
        0.36700552178267093,
        0.36607130895407436,
        0.3641366075974303,
        0.3650797850217301,
        0.3620912744023929,
        0.36209705843331336,
        0.36068900010456295,
        0.3604522890176255,
        0.35665614403093965,
        0.3599476833313037,
        0.35870449887677885,
        0.3583401650095138,
        0.3539535317558069,
        0.35706074540607463,
        0.35373056925142915,
        0.35431238094838663,
        0.35329990684033963,
        0.35425242933983236,
        0.3529202581023256,
        0.3503458358990118,
        0.3477268117113997,
        0.34703111439086376,
        0.3470030515529096,
        0.34694767855226805,
        0.34922255285250875,
        0.3482558792962815,
        0.34849309635619385,
        0.3472298517966042,
        0.3460205544869359,
        0.34190211385583724,
        0.34388680541858124,
        0.34455816090678254,
        0.34276208795678503,
        0.34644527500048994,
        0.34226710927753023,
        0.3394609196498371,
        0.3405835807513886,
        0.33865539182108434,
        0.34017771320602,
        0.3395243763161924,
        0.34085815697432326,
        0.3375089931221435,
        0.3348731537596486,
        0.33603006153822707,
        0.3376298033581755,
        0.3359520053520751,
        0.3334790522488542,
        0.3369469125621235,
        0.333325866693125,
        0.3309263738389975,
        0.3300451705821406,
        0.3338136214036911,
        0.3341276137211833,
        0.3312249415027448,
        0.32964794047343465,
        0.330137594248921,
        0.33046028294121493,
        0.32590636677635365,
        0.3269796673291788,
        0.3289558421879912,
        0.3283467867884773,
        0.3259298496733839,
        0.324657614429157,
        0.32813430632265234,
        0.32486131530219375,
        0.32331807135393065,
        0.32302274071751313,
        0.32347229932443783,
        0.3245612830399705,
        0.32145279379317554,
        0.32254804961216715,
        0.32028639859284835,
        0.321318989173292,
        0.3214138386348566,
        0.31930935173369823,
        0.3198029457951506,
        0.3166704696778672,
        0.3162493123985327,
        0.3157821637563431,
        0.3166408161766613,
        0.3185644366870673,
        0.31827586165632304,
        0.31512184369678314,
        0.31388332525762125,
        0.31452453260223706,
        0.31449832522069304,
        0.3151757003971563
    ],