{
    "final_mse": 0.00011336370004573837,
    "final_sdr_db": 39.14470654296875,
    "final_symbol_accuracy": 0.9999237499999989,
    "train_history": [
        0.03930395044442266,
        0.0015141175033524632,
        0.0010178968708962203,
        0.0007278342169011011,
        0.0005449020437430591,
        0.0004476252211956307,
        0.0003805110084824264,
        0.0003268133495817892,
        0.0002965094792889431,
        0.0002717416593979578,
        0.00023152355785714462,
        0.00022042030972079375,
        0.00020058938915026373,
        0.0001882125790696591,
        0.00018092861325712874,
        0.0001629078194964677,
        0.00015987344928144011,
        0.00015630365414835977,
        0.00015204328834079206,
        0.00014006124751176686
    ],
    "val_history": [
        0.0018806520756334067,
        0.0012491895882412792,
        0.0007938999459147453,
        0.0005167190586216748,
        0.0005341698843985796,
        0.0004929737122729421,
        0.0003030306851724163,
        0.0004253718232503161,
        0.0002623144825920463,
        0.00027010340557899324,
        0.00020638635207433252,
        0.00021552121482091023,
        0.00025388193083927037,
        0.00013248888467205688,
        0.0001384597110154573,
        0.00020361549593508242,
        0.00015105389838572592,
        0.0001919354125566315,
        0.00013132768752984703,
        0.00011336370004573837
    ]
}