{
    "final_mse": 0.2505158041677778,
    "final_sdr_db": 3.0038861433664956,
    "final_symbol_accuracy": 0.6242437500000001,
    "train_history": [
        0.7176967757701874,
        0.33497277150154114,
        0.26257526116371155,
        0.25115804550647736,
        0.2500855901479721,
        0.2500446875572205,
        0.2500439100265503,
        0.2500440915584564,
        0.2500438059806824,
        0.2500444921731949,
        0.2500456842660904,
        0.25004521629810333,
        0.2500453413724899,
        0.2500462805986404,
        0.2500456548452377,
        0.2500455291748047,
        0.2500460453510284,
        0.25004649562835696,
        0.250046379160881,
        0.25004657220840454
    ],
    "val_history": [
        0.43082276696250554,
        0.2800799272363148,
        0.2537915046725954,
        0.25068191024992204,
        0.25051675121935585,
        0.25051424664164346,
        0.250513797241544,
        0.25051402761822655,
        0.2505149488884305,
        0.2505138646515589,
        0.25051447347043054,
        0.25051432847976685,
        0.25051387600482455,
        0.2505198355231966,
        0.25051755517248125,
        0.2505156170754206,
        0.25051558821920367,
        0.25051457564982155,
        0.25051460568867034,
        0.2505158041677778
    ]
}