{
    "primary_metric": "val_pit_mse",
    "val_pit_mse": 0.456454748287797,
    "val_pit_sdr_db": 0.43080937722697854,
    "final_mse": 0.456454748287797,
    "final_sdr_db": 0.43080937722697854,
    "train_history": [
        0.48630192580695353,
        0.46280765552490283,
        0.4602553714007234,
        0.4598598515454192,
        0.45953887415389283,
        0.4589271554931665,
        0.4585625083682636,
        0.4583168609645039,
        0.45800294443822137,
        0.4579176317198208,
        0.4576510727024688,
        0.4575535264639809,
        0.4574746276243045,
        0.45739119054791266,
        0.45740745071405037,
        0.4573594439334382,
        0.45737681468835656,
        0.4572965950249864,
        0.4572912572671811,
        0.45726160167124325,
        0.4572753936718828,
        0.457299996203127,
        0.4572314094430722,
        0.45724552050947,
        0.45721554937073217,
        0.45728872625972516,
        0.4572233831920563,
        0.4571901817862599,
        0.45719995152074305,
        0.45728075742340696,
        0.4572412280228953,
        0.4572159742204526,
        0.45723696210133,
        0.45725625572494044,
        0.45723817190423177,
        0.457163714467527,
        0.45726232768628544,
        0.45722393801037114,
        0.45716600391430595,
        0.4572691454674108,
        0.4572727091777058,
        0.45718346645656865,
        0.4572282226893087,
        0.457228793218113,
        0.4572341305950579,
        0.457197846886449,
        0.4571998183148357,
        0.4572074579925964,
        0.4572335706351283,
        0.4572193928229542,
        0.4572117920881643,
        0.45719061177759507,
        0.4571951204976335,
        0.4572707695511583,
        0.4572022262091835,
        0.4571449257695256,
        0.457267561278785,
        0.45724815492051096,
        0.4571776280578333,
        0.45716524314575685,
        0.45725284759609847,
        0.4572658402660784,
        0.45718631224510387,
        0.45721536560561327,
        0.4572132031757611,
        0.4572107098734798,
        0.45726630529656576,
        0.45719545651167726,
        0.4572220853151986,
        0.4572507720976211,
        0.45721666491069735,
        0.45720589675080664,
        0.4572337270735171,
        0.4572180242965016,
        0.45719615443826866,
        0.45727847169001645,
        0.45724973787134066,
        0.45717458993482135,
        0.4572314042062424,
        0.45720545942790974,
        0.45726286060513016,
        0.45720244177614155,
        0.45725280874834273,
        0.45724299188239126,
        0.4572301400355257,
        0.4571910799501803,
        0.45724101159900143,
        0.4572228579856336,
        0.45720523014997905,
        0.45724427166838233,
        0.4572321605948975,
        0.45722745735043535,
        0.45716912934955317,
        0.4572059190311371,
        0.4572999262200377,
        0.4572101621010814,
        0.4572478217629198,
        0.45718867072282127,
        0.4571646660471115,
        0.457185598512808,
        0.4572857824948649,
        0.45727251246333506,
        0.4572390050362474,
        0.45721548100629933,
        0.4572017689863333,
        0.45721800620563496,
        0.457228336185693,
        0.45718056506242233,
        0.4572399967965988,
        0.457189942510745,
        0.4572536805376839,
        0.457178635338244,
        0.45721468929284675,
        0.457234267799999,
        0.4572592732814935,
        0.45726807058428803,
        0.45715830006157626,
        0.4571603315706832,
        0.45722722807250465,
        0.4572528225545304,
        0.45726978512236865,
        0.457200255066442,
        0.45722726035041933,
        0.45723764831646563,
        0.4572131147209448,
        0.45727379358233733,
        0.45725175490775427,
        0.4572167887855262,
        0.45715111341720194,
        0.45717288349002316,
        0.45721121641774526,
        0.4572416951481146,
        0.45714793285241906,
        0.4572217086443124,
        0.45722969614278774,
        0.4572302891423527,
        0.4572367034019373,
        0.4572124694482968,
        0.45726283546834706,
        0.4571991825636964,
        0.45721415942088484,
        0.4572133300974727,
        0.4572230146144526,
        0.45720463505568215,
        0.45724594821564307,
        0.45723185647790804,
        0.4572168174452675,
        0.457223970478716,
        0.457171671116314,
        0.4572081318297706,
        0.4572124683057157,
        0.4572359292080608,
        0.4572918672150316,
        0.4572737988191672,
        0.4572054620939322,
        0.4572313494575671,
        0.4571989984177172,
        0.45723188056732517,
        0.4571792038675314,
        0.4572439500318168,
        0.4572163799319404,
        0.4572417865545986,
        0.45721635298607066,
        0.4572050072514592,
        0.4571799232175175,
        0.45712595844802,
        0.45721951155616836,
        0.45717386849010333,
        0.4572809473775065,
        0.45723685669822817,
        0.45726586911624995,
        0.45721096676378586,
        0.4572390729246048,
        0.45717387601209525,
        0.4572299668392815,
        0.4571858238869201,
        0.457204504325367,
        0.4571900109703929,
        0.45724479201883556,
        0.4571628599121167,
        0.457223744152453,
        0.4572244661684615,
        0.45721893331494196,
        0.4573069699465657,
        0.45716375626695044,
        0.4571894688156847,
        0.4571857308617796,
        0.4572238820238997,
        0.4571809407811576,
        0.4572255286736229,
        0.4571882553946096,
        0.45730654462076986,
        0.4571984162726722,
        0.4572530414540166,
        0.45723183895833197,
        0.4572143756543485,
        0.4572654580727172,
        0.457191493088445,
        0.45724359592690633,
        0.4571989616646934
    ],