{
    "final_mse": 0.5599671602249146,
    "final_sdr_db": -0.49192574620246887,
    "final_symbol_accuracy": 0.26875,
    "train_history": [
        0.5817549824714661,
        0.5806118845939636,
        0.5794720649719238,
        0.578335702419281,
        0.5772027373313904,
        0.576073169708252,
        0.5749471187591553,
        0.5738247036933899,
        0.5727058053016663,
        0.5715906023979187,
        0.5704790949821472,
        0.569371223449707,
        0.5682671070098877,
        0.5671667456626892,
        0.5660701990127563,
        0.5649773478507996,
        0.5638883709907532,
        0.5628032088279724,
        0.5617217421531677,
        0.5606442093849182
    ],
    "val_history": [
        0.5829509496688843,
        0.5817102789878845,
        0.5804824829101562,
        0.579192578792572,
        0.5779901742935181,
        0.5767697691917419,
        0.5755274891853333,
        0.5743353962898254,
        0.5730807185173035,
        0.5718820691108704,
        0.5706836581230164,
        0.5695051550865173,
        0.5683271288871765,
        0.5671018958091736,
        0.5659249424934387,
        0.5647135972976685,
        0.5635392069816589,
        0.5623721480369568,
        0.5611628890037537,
        0.5599671602249146
    ]
}