{
    "final_mse": 0.500305843539536,
    "final_sdr_db": -0.0024849346809787676,
    "train_history": [
        0.528431122485822,
        0.5030156201638353,
        0.500326574610445,
        0.5001421157544413,
        0.5001122142179325,
        0.5001069512039709,
        0.5001330892689312,
        0.5001340111414083,
        0.5001194932209417,
        0.5001392492090171,
        0.5001289716924722,
        0.5001066871725333,
        0.500122784140011,
        0.5001370839227122,
        0.5001154237281019,
        0.5001533699873537,
        0.5001460724174024,
        0.500098503911838,
        0.5001106409790417,
        0.5000995236654251,
        0.5001550723379031,
        0.5001408227335531,
        0.5001248202194422,
        0.5001533486591742,
        0.5001591532565535,
        0.500085886674948,
        0.5001315286936471,
        0.5001288251564525,
        0.5001077884302353,
        0.5001326372829108,
        0.500108212518235,
        0.5001242336945031,
        0.5001247570918391,
        0.5001567954453416,
        0.5001250882499134,
        0.5001328116217361,
        0.5001280431549389,
        0.5001280714338199,
        0.5001527356644409,
        0.5001364038965572,
        0.500122870119235,
        0.5001093656681597,
        0.5001209275410198,
        0.5000918545662024,
        0.5001399546576003,
        0.5001103652361483,
        0.5001243494760496,
        0.500112665251802,
        0.5001099068707171,
        0.5001211349194804,
        0.5001165385063464,
        0.5001094097527452,
        0.5001260990532823,
        0.5001414013556398,
        0.5001166278180985,
        0.5001258907226709,
        0.5001263547057923,
        0.5001181721116026,
        0.5001309435017193,
        0.5001402283057618,
        0.5001231373879856,
        0.5001233448616613,
        0.5001076730295492,
        0.5001464866982481,
        0.5001156407232863,
        0.5001347597224263,
        0.5001070931696663,
        0.5001278606276162,
        0.5001610838376676,
        0.500140940133756,
        0.5001170481927097,
        0.5001249288598569,
        0.5001405108089264,
        0.5001143119015252,
        0.5001025053258902,
        0.5001477385862186,
        0.5001496864012636,
        0.5001291717393711,
        0.500112664109221,
        0.5001362163228349,
        0.5001024282968844,
        0.5001429632639351,
        0.500106871889803,
        0.5001248395481048,
        0.5001386225985262,
        0.5001223794758891,
        0.5001394177397219,
        0.5001128093122293,
        0.5001566948982092,
        0.5001075217327752,
        0.5001024426743627,
        0.500113987408507,
        0.5001228351752979,
        0.5001602394702717,
        0.5001104150336391,
        0.5001294446258119,
        0.5001764133715401,
        0.5001035658315348,
        0.500131369874881,
        0.5001513740886896,
        0.5001008541058427,
        0.5001327813433382,
        0.5001352298945284,
        0.5001034684265002,
        0.5001026040639359,
        0.5001326905081447,
        0.5001125460425124,
        0.5001468555614971,
        0.5001472100472679,
        0.5001355064943576,
        0.5001390064105439,
        0.5001626246082135,
        0.5001027306047873,
        0.5001257397115421,
        0.5001165461235534,
        0.5001043160312092,
        0.500119582723124,
        0.5001008854316066,
        0.500116583828728,
        0.5001371596187068,
        0.5001327873418887,
        0.5000769105582191,
        0.5001408499650681,
        0.500136192519063,
        0.5001029225584036,
        0.5001462407576771,
        0.5001554433910992,
        0.5001263878406427,
        0.5001161261298024,
        0.50014194560508,
        0.5001336411355783,
        0.5001159078016068,
        0.5001105019650139,
        0.5001248759202683,
        0.5001462441854203,
        0.500108030752633,
        0.5001092209412267,
        0.5001393294753358,
        0.5001357257747041,
        0.5001319713485889,
        0.5001350018543939,
        0.5000919607310249,
        0.5001280111626695,
        0.500113696907275,
        0.5001343673410507,
        0.5001247894649689,
        0.5001247640425405,
        0.5001334409934645,
        0.5001126120265681,
        0.500118123647123,
        0.5001004406819328,
        0.500110213748944,
        0.5001331285927624,
        0.5001179806340617,
        0.5001266115960984,
        0.5001467771994801,
        0.5001209749581333,
        0.5001410084981888,
        0.5001596107650489,
        0.5000956677400266,
        0.500140464629609,
        0.5001239286253627,
        0.500117399822028,
        0.5001324388546685,
        0.5001178778017672,
        0.5001305668308331,
        0.5001392567310089,
        0.5001381638522346,
        0.5001511399547893,
        0.5001127585625877,
        0.5001299175591515,
        0.5001317331204399,
        0.5001151518890271,
        0.5001390716328789,
        0.5001333510152067,
        0.5001490659797534,
        0.5001418605780068,
        0.5001128012189469,
        0.5001105047262515,
        0.5000843582823634,
        0.5001108335039486,
        0.5001556450566544,
        0.5001316321924472,
        0.5001022117777755,
        0.5001266361615909,
        0.5001360752140752,
        0.500122780902698,
        0.5001154734303777,
        0.500121529490803,
        0.5001451425468579,
        0.5001376037970899,
        0.5001376773031375,
        0.5001406574401611,
        0.5000956654548645,
        0.5001071088801557,
        0.5001106585938329,
        0.5001367699985687,
        0.5001021980668028,
        0.5001320975085798,
        0.500134277267578,
        0.5001293489346489,
        0.5001127128593457,
        0.5001131229507275,
        0.5001466914106862,
        0.5001389783220931,
        0.50012763087361,
        0.5001395857943514,
        0.5001185232648453,
        0.5001194297124784,
        0.5001411016185444,
        0.5000920168127114,
        0.5001322680388015,
        0.5001424929966181,
        0.5001392438769722,
        0.5001278598658955,
        0.5001132489202883,
        0.500122813466258,
        0.5001395267609972,
        0.5001354874513401,
        0.5001236248892337,
        0.500123809225643,
        0.5001433945882815,
        0.5001168660462474,
        0.5001393968876178,
        0.5001162110616605,
        0.500122458790057,
        0.500158531502032,
        0.5001143906444026,
        0.5001230570264518,
        0.5001417221352696,
        0.5001332923627129,
        0.5001274888126995,
        0.5001424539584322,
        0.5001346062357053,
        0.5001530207384127,
        0.5001171858737263,
        0.5001166135358354,
        0.5001112211245698,
        0.5001029364598064,
        0.5001607130701169,
        0.5001172810888138,
        0.500115017826184,
        0.5001254846303227,
        0.5001490732161001,
        0.5001601655833637,
        0.500109602087222,
        0.5000836680681942,
        0.500137207797541,
        0.5001211550098639,
        0.5001014813828392,
        0.5001572809470728,
        0.5001399768427157,
        0.5001031044192208,
        0.500123454359012,
        0.5001340938833194,
        0.5001066567989203,
        0.5001274928117332,
        0.5001350499380129,
        0.5001361208221021,
        0.5001081268246562,
        0.5001324097188516,
        0.5000990301656266,
        0.5001126053615119,
        0.5001259929836749,
        0.5001263481359512,
        0.5001132570135708,
        0.5001377829918846,
        0.5001330485168737,
        0.5001131358999795,
        0.5001075320160047,
        0.500118644759297,
        0.5001564648585578,
        0.5001245645669322,
        0.5001037164618032,
        0.5001166659041335,
        0.5001396214047941,
        0.5001056636103426,
        0.5001330437561193,
        0.5001064849356873,
        0.500119998432196,
        0.5001080800740483,
        0.5001234426475561,
        0.5001272309702426,
