{
    "final_mse": 0.25060333240032195,
    "final_sdr_db": 3.0024647998809812,
    "final_symbol_accuracy": 0.6251956249999995,
    "train_history": [
        0.47775203533172605,
        0.25438183270692827,
        0.250763894879818,
        0.2507611954331398,
        0.25076197193861005,
        0.25076274942159654,
        0.2507631844162941,
        0.25076313171386716,
        0.2507634917140007,
        0.2507634042263031,
        0.2507634243607521,
        0.25076341022253035,
        0.2507630492925644,
        0.2507634890079498,
        0.25076425395011903,
        0.2507638351678848,
        0.2507641167998314,
        0.2507635582566261,
        0.25076384238004684,
        0.2507636800289154
    ],
    "val_history": [
        0.26966992020606995,
        0.25062852263450625,
        0.2506006088256836,
        0.25060326206684114,
        0.2506026419401169,
        0.25060122382640837,
        0.250606348156929,
        0.2506013458967209,
        0.2506022837162018,
        0.2506011499166489,
        0.25060068356990817,
        0.2506070206165314,
        0.25060581493377687,
        0.25060212194919584,
        0.25060078942775726,
        0.250604728102684,
        0.2506029117107391,
        0.2506065038442612,
        0.2506013613939285,
        0.25060333240032195
    ]
}