{
    "final_mse": 0.500400244474411,
    "final_sdr_db": -0.003192632053978741,
    "final_symbol_accuracy": 0.2455406249999999,
    "train_history": [
        0.5112065723180771,
        0.5001652370929718,
        0.500210947227478,
        0.5001661878108978,
        0.5001670261859894,
        0.5002182543754577,
        0.5002007328987121,
        0.5001882581710816,
        0.5001851208925248,
        0.5001945941448211,
        0.5001673399448395,
        0.500174433016777,
        0.5001936789512634,
        0.5001919610500336,
        0.5001590086698532,
        0.5001912869691849,
        0.5002172197341919,
        0.5001870697975158,
        0.5001809040307998,
        0.5002062967538834,
        0.500211248087883,
        0.5002371662139893,
        0.5001894306659699,
        0.5001771633625031,
        0.5001611812114716,
        0.5002269567966461,
        0.5001750311374664,
        0.5001633772611618,
        0.5001682761907578,
        0.500190911102295,
        0.5001739367485046,
        0.5002000706672668,
        0.5002000032424927,
        0.5001668689489365,
        0.5001969732522964,
        0.5002195173740387,
        0.5002029200315475,
        0.5001486322164536,
        0.5001944450139999,
        0.5001910434484482,
        0.5002227738857269,
        0.5001970590114594,
        0.5001785618543625,
        0.5002102335214614,
        0.5001932319641114,
        0.500215863776207,
        0.5001886546134948,
        0.5002031341075898,
        0.5001711831331253,
        0.5002056701421738,
        0.5001971541166306,
        0.5001703322887421,
        0.5001914067745209,
        0.5001626621246338,
        0.5001417566537857,
        0.5001772293329239,
        0.5002069771289825,
        0.5001695324659348,
        0.5002079164743424,
        0.5002109234809875,
        0.500173492026329,
        0.5001885999917984,
        0.500216748213768,
        0.5001982383728028,
        0.5001993049144745,
        0.5001991899251937,
        0.5002003185272217,
        0.5001787424087525,
        0.5002017067193985,
        0.5001915526628494,
        0.5002142293691635,
        0.5002020822525024,
        0.500165121459961,
        0.5002055972337722,
        0.5001835136413574,
        0.5001787029027939,
        0.5001792253732681,
        0.5001780124425889,
        0.500158588218689,
        0.5001575580120087,
        0.5002015727043152,
        0.5001932723760605,
        0.5002101459026337,
        0.5001922696113587,
        0.5002264726400375,
        0.500165680885315,
        0.5001973103523254,
        0.5001951835155487,
        0.5002003895282745,
        0.5002253999948502,
        0.5002254536867142,
        0.5002077211856842,
        0.500188426399231,
        0.5001962744235993,
        0.5002155032634735,
        0.5002022745132446,
        0.5002208805084228,
        0.500193281674385,
        0.5001842485904694,
        0.5001799396514892,
        0.5001566512107849,
        0.5002291685581207,
        0.5001956346750259,
        0.5002074447631836,
        0.500194189286232,
        0.5002063585042954,
        0.5001992489814758,
        0.5001803082227707,
        0.5001843858718872,
        0.5002220347166061,
        0.5002174933671951,
        0.5001910885572434,
        0.500203314781189,
        0.5001718293666839,
        0.5001827610731124,
        0.5002187331914901,
        0.5001786493778229,
        0.500171404504776,
        0.5001821879386902,
        0.5001957883119583,
        0.5002132293939591,
        0.5001896978378296,
        0.5002137470245361,
        0.5001874937295914,
        0.500225412273407,
        0.5002024215221405,
        0.5001784259557724,
        0.5002044677972793,
        0.5002113663434983,
        0.500182004237175,
        0.5001944566488266,
        0.5001703670024872,
        0.5002050153493881,
        0.5002039795637131,
        0.500192648100853,
        0.500205621957779,
        0.5002090496301651,
        0.500204357457161,
        0.5002142664909363,
        0.5001767887353897,
        0.5002001941204071,
        0.500207316160202,
        0.5001499701499938,
        0.5001571151256561,
        0.5001834660768509,
        0.500226191329956,
        0.5001911888360977,
        0.5001761348485947,
        0.5001962040424347,
        0.5001861305952072,
        0.5002069144248963,
        0.5002005441665649,
        0.5001958301782609,
        0.5002012496948243,
        0.5002075704574585,
        0.5002144060850143,
        0.500199606180191,
        0.5001919677734376,
        0.5002102642059326,
        0.5001611594676971,
        0.500207768034935,
        0.5001899390220642,
        0.5001712240457534,
        0.5001821255207062,
        0.5002087450265884,
        0.5002261874914169,
        0.5001823876380921,
        0.5002032567501068,
        0.5001996454715729,
        0.5001696029663086,
        0.5001711483955383,
        0.5001939569711685,
        0.5002203646659851,
        0.5001903146743775,
        0.5001940780162811,
        0.5001785116195678,
        0.5002217755556106,
        0.5001781406879425,
        0.5001652331113815,
        0.5001953944921493,
        0.5002203050136567,
        0.500179336810112,
        0.5002196776390075,
        0.5002168936729431,
        0.5001922765493393,
        0.5001633329391479,
        0.5001893382310867,
        0.5002096030473709,
        0.5001664693117142,
        0.5001968732595444,
        0.500199442601204,
        0.5001983412265778,
        0.5001949631929398,
        0.5002115052938462,
        0.5002048127651214,
        0.5001724554538727,
        0.5001617673158646,
        0.5002000956773758,
        0.5002242174863816,
        0.5002259174823761,
        0.5001985568761825,
        0.5001815075397491,
        0.5002291394710541,
        0.5002024441719055,
        0.5001961392879486,
        0.5001488068342209,
        0.5001984676361084,
        0.5001901203393936,
        0.5001712514162063,
        0.5001942572116852,
        0.5001917664766312,
        0.5001768902540207,
        0.5002022220611573,
        0.5002093369722367,
        0.5001849279642105,
        0.5002112069845199,
        0.5002017271280289,
        0.5001722215414047,
        0.5001747679710388,
        0.500210597229004,
        0.5001973534584045,
        0.5002054989337921,
        0.5001730094432831,
        0.5002038422822952,
        0.5001964995384216,
        0.5002014724254609,
        0.5002273204326629,
        0.5002210697412491,
        0.5001739686250687,
        0.5001900023937226,
        0.5002258903264999,
        0.5001896222114564,
        0.5002065759897232,
        0.5002037362098694,
        0.5001773645877838,
        0.5001849763154983,
        0.5001827073097229,
        0.5001736208200455,
        0.50020488114357,
        0.5001828356981277,
        0.5001793898820877,
        0.5001787359714508,
        0.5002114981412887,
        0.500190745973587,
        0.500201857304573,
        0.5002051529884338,
        0.500187526011467,
        0.5002084311962127,
        0.5001837063789367,
        0.5001618948221207,
        0.5001677047967911,
        0.5001772494792939,
        0.5001757650375366,
        0.5001867914915085,
        0.5001920625448227,
        0.5002263524770737,
        0.5001991707801818,
        0.500247165441513,
        0.5001905462980271,
        0.5001623129844666,
        0.5001998329162598,
        0.5001758516311645,
        0.5001988876342773,
        0.5001925738096237,
        0.5002083569288254,
        0.5002491600513458,
        0.5001482834577561,
        0.5002352087020874,
        0.5001543265581131,
        0.5001934491157531,
        0.5001957055330276,
        0.5001983847379684,
        0.5001896635532379,
        0.5002012804508209,
        0.5001859978199005,
        0.5001807669639587,
        0.5002025406599044,
        0.500181552696228,
        0.5001809172153473,
        0.5001724342346191,
        0.5001957497835159,
