{
    "final_mse": 0.5003107411861419,
    "final_sdr_db": -0.0022410978469997647,
    "final_symbol_accuracy": 0.24174937499999996,
    "train_history": [
        0.5091338616132737,
        0.5001670738220215,
        0.5001977599143982,
        0.50023533847332,
        0.5001911695957184,
        0.5002140782356262,
        0.5002195541143417,
        0.5002082406997681,
        0.50021554210186,
        0.5001935840606689,
        0.5001760160923004,
        0.5002183169603348,
        0.5002044006824493,
        0.5001782551050186,
        0.5001646128177643,
        0.5002083593845368,
        0.5001929322481156,
        0.5001658531665802,
        0.5001871574163437,
        0.5001664957046509,
        0.5001708615779876,
        0.500215880203247,
        0.5001872770547867,
        0.5001709959030152,
        0.50023065969944,
        0.5002241041898727,
        0.5001663445949555,
        0.5001672709941865,
        0.5002070549964904,
        0.5001972217559815,
        0.500192950797081,
        0.5002114041090011,
        0.5001967901468277,
        0.5002178160190582,
        0.5002321044206619,
        0.5001872103214264,
        0.5002051660776138,
        0.5001744296550751,
        0.5001858731508255,
        0.5002089482545853,
        0.500196956396103,
        0.5001831052780151,
        0.5001789021015167,
        0.5001896187543869,
        0.5001751062870026,
        0.5002076879024505,
        0.5001863692045212,
        0.5002365883588791,
        0.500171843791008,
        0.5002177957773208,
        0.5001569724082947,
        0.5002253413677216,
        0.5001922338962554,
        0.5001610736846924,
        0.5002207887887955,
        0.5001825167655944,
        0.500169756412506,
        0.5001979708433151,
        0.5001972760915756,
        0.5002049643754959,
        0.5002183007717133,
        0.5001763794183731,
        0.5002007682800294,
        0.5001789174556732,
        0.5001692717790603,
        0.5002139074802399,
        0.5001844760894776,
        0.5001932325839996,
        0.500191102194786,
        0.5001943023920059,
        0.5002015366315842,
        0.5001917713165284,
        0.5001684143066406,
        0.5002120550632477,
        0.5001727474689484,
        0.5002269469499588,
        0.5002237855672836,
        0.5001739206314086,
        0.5001885716438293,
        0.500182061123848,
        0.5002169947147369,
        0.5002071689605713,
        0.5002123582601548,
        0.5001970152139664,
        0.5002180041313171,
        0.5001886978626251,
        0.5001590461015701,
        0.5001959429502487,
        0.5002301337003708,
        0.5001945417642594,
        0.5002327505350113,
        0.5001881703853607,
        0.5001814119577408,
        0.5002054167747497,
        0.5001809144973755,
        0.5001918536424637,
        0.5002015699148178,
        0.5002307632684707,
        0.5002062064886094,
        0.5001581351041794
    ],
    "val_history": [
        0.500184937953949,
        0.5002475135326385,
        0.49999256944656373,
        0.5002449586391449,
        0.5000224177837371,
        0.5003496851921082,
        0.5003963713645935,
        0.5002621610164643,
        0.5004413466453552,
        0.5000232207775116,
        0.5002424867153168,
        0.5001110725402832,
        0.5002863533496856,
        0.4999814414978027,
        0.5001740186214447,
        0.500276513338089,
        0.5001062984466553,
        0.5002400903701782,
        0.5002181022167206,
        0.5004681227207184,
        0.5000829608440399,
        0.500252067565918,
        0.5003257882595062,
        0.5000048661231995,
        0.5003654236793518,
        0.5001352574825287,
        0.5003422591686248,
        0.5001905393600464,
        0.5001265029907227,
        0.5005053200721741,
        0.500153959274292,
        0.50032590842247,
        0.5002128286361694,
        0.5002180681228637,
        0.5002380695343017,
        0.5002632486820221,
        0.5001088914871216,
        0.5002187290191651,
        0.5000488858222961,
        0.5003465964794159,
        0.5004029672145843,
        0.5002427268028259,
        0.5004364473819732,
        0.5003036863803864,
        0.500407518863678,
        0.5005071532726287,
        0.500174749135971,
        0.5003213782310486,
        0.5003627655506134,
        0.4999039361476898,
        0.500274908542633,
        0.5000244917869567,
        0.5000486361980438,
        0.5004180946350097,
        0.5001300764083862,
        0.4999543116092682,
        0.5003761923313141,
        0.5002931766510009,
        0.5002873764038086,
        0.5002705934047699,
        0.500221263885498,
        0.5001567573547363,
        0.5002125599384308,
        0.4999731032848358,
        0.500285211801529,
        0.5003473975658417,
        0.5002640166282654,
        0.5001528041362763,
        0.5001366214752198,
        0.500210211277008,
        0.5003380091190338,
        0.5003312187194824,
        0.500268678188324,
        0.5002164640426636,
        0.5004430091381074,
        0.5003355696201325,
        0.5003835084438324,
        0.5002406520843505,
        0.5003071014881134,
        0.5003745417594909,
        0.50010209274292,
        0.500065479516983,
        0.5001463930606842,
        0.5003257217407227,
        0.5000193781852722,
        0.5000197169780731,
        0.5003147866725922,
        0.5001429665088654,
        0.500413149356842,
        0.5002022602558136,
        0.5002350718975067,
        0.5002116346359253,
        0.5001052074432373,
        0.5000960011482238,
        0.5003499102592468,
        0.5001218810081481,
        0.5002144320011139,
        0.5003857853412628,
        0.5002218611240387,
        0.5003107411861419
    ]
}