{
    "final_mse": 0.49976986220904757,
    "final_sdr_db": 0.0045482659978525975,
    "final_symbol_accuracy": 0.258175,
    "train_history": [
        0.5589804725041465,
        0.5377051338316903,
        0.5235588711405558,
        0.5146740007968176,
        0.5086060393424261,
        0.5049776614658417,
        0.5027415416543446,
        0.5012446462161957,
        0.5004999845746964,
        0.49998320095122806,
        0.4997134218140254,
        0.49956410177170285,
        0.49938672307937865,
        0.499290293644345,
        0.49935809723914615,
        0.4993475689774468,
        0.49930045529017375,
        0.4993485534001911,
        0.4993252025710212,
        0.4993765453497569,
        0.49936534582622466,
        0.49939950543736655,
        0.49939151321138653,
        0.4993284022997296,
        0.49931746910488795,
        0.4993056030500503,
        0.49930717547734577,
        0.4992435754291595,
        0.49923130633339047,
        0.4992878276204306,
        0.49934585699959405,
        0.49927990540625555,
        0.4993613717101869,
        0.49944426947169834,
        0.4994607577248225,
        0.49939516470545814,
        0.4993441303571065,
        0.4993133611149258,
        0.4993566880150447,
        0.4993663950571938,
        0.49940201119771077,
        0.49945569984496585,
        0.4993173621949695,
        0.4993313229273236,
        0.4993506348322308,
        0.4992972593458872,
        0.49923715373826405,
        0.4993461072444916,
        0.4993358613952758,
        0.4993930600938343,
        0.4993704623646206,
        0.4994025466934083,
        0.4993566932186248,
        0.49932803426470074,
        0.49940565938041326,
        0.4992990526888106,
        0.49935388659674024,
        0.4993485042027065,
        0.4993138587664044,
        0.4993037567252204,
        0.49935918857180883,
        0.4993092351489597,
        0.4993005257750314,
        0.49929962839399067,
        0.49936978873752413,
        0.49927752737015013,
        0.4993855390283797,
        0.49925406963106184,
        0.4993666604397789,
        0.4993525951627701,
        0.4993816051218245,
        0.4993990271810501,
        0.4993653330538008,
        0.4993416965007782,
        0.49937251541349625,
        0.4994043291561187,
        0.4993762837515937,
        0.4994185618937962,
        0.4993160783298432,
        0.49932660564543707,
        0.49939365519417656,
        0.49924585601640126,
        0.4993187118144262,
        0.49936684871476794,
        0.49936905077525545,
        0.49930536888894583,
        0.49940114219983417,
        0.4994416336218516,
        0.49926159164262196,
        0.4993192709627606,
        0.4993432817004976,
        0.4993110020009298,
        0.499401917533269,
        0.4993375407324897,
        0.4992894525565798,
        0.49935946199629044,
        0.49931162264611983,
        0.49936296684401377,
        0.4993652814910525,
        0.49935033538984874
    ],
    "val_history": [
        0.5384150232587542,
        0.5235478963170733,
        0.5140958428382874,
        0.508116717849459,
        0.5044539315359933,
        0.502339665378843,
        0.5008777635438102,
        0.5001599022320339,
        0.4999275633266994,
        0.49971390622002737,
        0.4996439090796879,
        0.4996881442410605,
        0.49960088304110933,
        0.499772663627352,
        0.5000072036470685,
        0.4999531294618334,
        0.5000684857368469,
        0.5000740970884051,
        0.49991671102387564,
        0.500144362449646,
        0.500035149710519,
        0.5001746118068695,
        0.4999582810061319,
        0.4999807562146868,
        0.49995114122118267,
        0.4999738037586212,
        0.5000820713383811,
        0.4998021849564144,
        0.5000612906047276,
        0.49986075503485544,
        0.4999586726937975,
        0.5000609542642321,
        0.5000596259321485,
        0.49994697315352304,
        0.4999420089381082,
        0.500111814056124,
        0.49988126329013277,
        0.4998538962432316,
        0.4999504046780722,
        0.499910695212228,
        0.4999652164322989,
        0.4997805655002594,
        0.5000179197107043,
        0.4999393139566694,
        0.5000203422137669,
        0.5000006513936179,
        0.49996504187583923,
        0.4999780697481973,
        0.5000975600310734,
        0.49982546482767376,
        0.49971182005746023,
        0.4999739570277078,
        0.499994409935815,
        0.5001363200800759,
        0.4999768819127764,
        0.5001523537295205,
        0.500139342887061,
        0.49998701895986286,
        0.5001048105103629,
        0.5000197163649968,
        0.5002875030040741,
        0.5000647689614978,
        0.5001374397959027,
        0.49997830390930176,
        0.5001947368894305,
        0.5002771956580025,
        0.5002140700817108,
        0.4998974459511893,
        0.5000480456011636,
        0.499713876417705,
        0.5000367845807757,
        0.4998475568635123,
        0.5000048918383462,
        0.49985780460493906,
        0.5003063934189933,
        0.4999422643865858,
        0.49995418957301546,
        0.49984289492879597,
        0.49986591935157776,
        0.5000939198902675,
        0.4999367339270456,
        0.4997592568397522,
        0.4998856910637447,
        0.4999796875885555,
        0.4998197683266231,
        0.4998558759689331,
        0.5001364520617894,
        0.5000798744814736,
        0.5001284522669656,
        0.5001816238675799,
        0.5000634448868888,
        0.5001736453601292,
        0.49988381777490887,
        0.49999156168528963,
        0.5000485948153904,
        0.4999663404056004,
        0.5000143264021192,
        0.5000726580619812,
        0.49988148893628803,
        0.49976986220904757
    ]
}