{
    "final_mse": 0.5436770683154464,
    "final_sdr_db": -0.2773692379705608,
    "train_history": [
        0.4885751780229636,
        0.4614339998354927,
        0.4580920948007236,
        0.4576029728967161,
        0.45730799350875634,
        0.4572101289662309,
        0.4569440763027142,
        0.4568856848885838,
        0.45690314019449985,
        0.45683913337536897,
        0.4567902076739473,
        0.45676125362277414,
        0.45675641231643505,
        0.45672953281158835,
        0.45674173491069686,
        0.4567305540886169,
        0.4567062181596177,
        0.45669930640120093,
        0.45674083198602206,
        0.45669704913712156,
        0.4567177476593481,
        0.45670596964823934,
        0.45667785529892285,
        0.4566618937272995,
        0.45664513425324293,
        0.4567482406719805,
        0.45666230172394945,
        0.4566663347494107,
        0.45673865451218604,
        0.4566831751562917,
        0.4567333451284768,
        0.45663744030288234,
        0.4567379326866077,
        0.4566518025466809,
        0.456602439141502,
        0.45671676875303346,
        0.45667992060938584,
        0.4567306363544525,
        0.4566498780593324,
        0.45668965939896555,
        0.45667497894634457,
        0.45675155787041394,
        0.45662418560098156,
        0.45666189801197843,
        0.45667030169560124,
        0.4567300012698189,
        0.45671013959299644,
        0.4567435960800122,
        0.4566888716845467,
        0.45665282391892453
    ],
    "val_history": [
        0.4643496796488762,
        0.4567171325907111,
        0.4566258657723665,
        0.4572078064084053,
        0.4574800869449973,
        0.45794651936739683,
        0.45841994043439627,
        0.45880720019340515,
        0.4589964561164379,
        0.45917883701622486,
        0.45945278741419315,
        0.4595233304426074,
        0.459562374278903,
        0.45963861607015133,
        0.45964839681982994,
        0.4597459230571985,
        0.4595212424173951,
        0.45931403152644634,
        0.45913140662014484,
        0.4591653998941183,
        0.4593815188854933,
        0.45934859849512577,
        0.4593358561396599,
        0.45939990878105164,
        0.45938265416771173,
        0.4593709111213684,
        0.4592550341039896,
        0.45929385907948017,
        0.45925150625407696,
        0.4593951525166631,
        0.45927307195961475,
        0.45930527802556753,
        0.4594952203333378,
        0.45946232322603464,
        0.4593856045976281,
        0.4593610502779484,
        0.4594041919335723,
        0.45933567453175783,
        0.4593461863696575,
        0.45952282939106226,
        0.4594970429316163,
        0.4594250814989209,
        0.45947355683892965,
        0.4593785712495446,
        0.4593826197087765,
        0.4594516335055232,
        0.459491235204041,
        0.45937253814190626,
        0.45955359004437923,
        0.45952958706766367
    ]
}