{
    "final_mse": 0.5002478001117706,
    "final_sdr_db": -0.0016469231694936752,
    "final_symbol_accuracy": 0.2486737500000001,
    "train_history": [
        0.5155811459064483,
        0.5001800159215927,
        0.500214727306366,
        0.5001381152868271,
        0.5002326678991318,
        0.5001140095710754,
        0.5002255699872971,
        0.500168479847908,
        0.5001587499856949,
        0.5002037861347198,
        0.5001575695991516,
        0.5001694434404373,
        0.5002203248023986,
        0.5000709716081619,
        0.5002345958471298,
        0.5000575958251953,
        0.5002280516147614,
        0.5002248804569245,
        0.5000556216955185,
        0.5002208242654801,
        0.5001872755527497,
        0.5002502442598343,
        0.5001782305240631,
        0.5002497201919556,
        0.500159037733078,
        0.5001495227336884,
        0.5001386846780776,
        0.500138777923584,
        0.5002171918392181,
        0.5001981292247772,
        0.5002044018745422,
        0.500189794754982,
        0.5002516871213913,
        0.5001285229921341,
        0.500224175620079,
        0.5000740632772446,
        0.5002872708797454,
        0.5001793763399124,
        0.5001439999103546,
        0.5001815293550491,
        0.5002476893663407,
        0.5001679761886597,
        0.5002093280553818,
        0.5001096564769745,
        0.5001073851585388,
        0.5001368064641952,
        0.5001585794210434,
        0.5002547408103943,
        0.5001235702991486,
        0.5001401928424836,
        0.5001442859888077,
        0.5001535462617874,
        0.5002334885597229,
        0.5001580151319504,
        0.5001158148050309,
        0.5001761613368988,
        0.5000735713720321,
        0.5002681966543198,
        0.5001594045877457,
        0.5001428492546082,
        0.5002056226015091,
        0.5001570531368256,
        0.5001129210948944,
        0.5001523992538452,
        0.500206335234642,
        0.5001503749847412,
        0.5001392906904221,
        0.5002625358343125,
        0.5001120423793792,
        0.5001766925096511,
        0.5001143919467926,
        0.5001462369203568,
        0.5002235068798065,
        0.5001524882793427,
        0.500132911324501,
        0.5001674919605256,
        0.5001533521652222,
        0.5001947076320649,
        0.5001922924518585,
        0.5002057467222214,
        0.5001366473913192,
        0.5001856876373291,
        0.5001925896644592,
        0.5002116591215133,
        0.5002455263376236,
        0.5001788712501526,
        0.5002369293451309,
        0.5002308775663376,
        0.5001662705183029,
        0.5001643337726593,
        0.5001894772052765,
        0.500118129825592,
        0.5001957008600235,
        0.5002290731668473,
        0.5000877809524537,
        0.5001165439844132,
        0.5002329291343689,
        0.5000468920946122,
        0.5002163165092468,
        0.5001854046583175,
        0.5002014150619507,
        0.5002081519603729,
        0.5002097118616105,
        0.500223838019371,
        0.5001272105932236,
        0.5002791129350662,
        0.5002386768579483,
        0.5002081508636474,
        0.5001899088859558,
        0.5001637193441391,
        0.5002375661611557,
        0.500129161787033,
        0.5001692796945572,
        0.5001126937627792,
        0.5002051318883896,
        0.5001452873945236,
        0.5002062510728836,
        0.5001713921070099,
        0.5001250456094741,
        0.5002239778280259,
        0.5002484924554825,
        0.5001506332159043,
        0.5001515191078186,
        0.5001743782043457,
        0.5001097623586654,
        0.5001540616035461,
        0.5001075239896774,
        0.5001353314399719,
        0.5001895018577576,
        0.5002334538698197,
        0.5002536064386368,
        0.5002289740324021,
        0.500206632566452,
        0.5001398091316223,
        0.5001603399515152,
        0.5002388813495636,
        0.5001727818727494,
        0.500206227684021,
        0.5002070920228958,
        0.5001427226543427,
        0.500095318031311,
        0.5001724959373474,
        0.5001648583650589,
        0.5001550957918167,
        0.50023728556633,
        0.500206684923172,
        0.5001540503025055,
        0.5001739269256592,
        0.5001939935207367,
        0.5001788927555084,
        0.5002152134895325,
        0.50024862575531,
        0.5001910501718521,
        0.5001608091115951,
        0.5002593863964081,
        0.5000904379844665,
        0.5002516744375229,
        0.500186172413826,
        0.5000831889152527,
        0.5001872235059738,
        0.5001188006639481,
        0.5002127715826035,
        0.5001916146516799,
        0.5001633270025253,
        0.5002197105407715,
        0.500138972043991,
        0.5000974215984344,
        0.5001661233425141,
        0.5002757406949997,
        0.500227516913414,
        0.5001607096195221,
        0.50019777135849,
        0.5002427268981934,
        0.5001035141944885,
        0.500182168674469,
        0.500118846464157,
        0.50014668841362,
        0.5002089416503906,
        0.5002282731533051,
        0.5001065539598465,
        0.5001156669139862,
        0.500240570139885,
        0.5001783145427704,
        0.5001306777000427,
        0.5002745970487594,
        0.5001184846401214,
        0.5001477374792099,
        0.5002029574394226,
        0.5000807417154313,
        0.500243507027626,
        0.5000699464321137,
        0.5001814345598221,
        0.5000756970405579,
        0.5002001071214676,
        0.5002249664545059,
        0.5000809191942215,
        0.5002234659671784,
        0.5001766174077987,
        0.5001627542495728,
        0.5002106950521469,
        0.5002144729852677,
        0.5001875238418579,
        0.5001818759202957,
        0.5002215704917907,
        0.5001731902837754,
        0.5001242590665818,
        0.5002206444978714,
        0.5002170989274979,
        0.5002011203765869,
        0.5001826673269272,
        0.5001246077060699,
        0.5001099750518799,
        0.5002095816850662,
        0.5001919770717621,
        0.500192779493332,
        0.500173432302475,
        0.5001513740301132,
        0.5002610264539719,
        0.5001808829545975,
        0.5002232898950577,
        0.5002608283519745,
        0.5001277087450028,
        0.5002505386829377,
        0.5001174483060837,
        0.5001443886756897,
        0.5000462113142013,
        0.5001601500034333,
        0.500204166674614,
        0.5001955560684204,
        0.5002087776184082,
        0.5001928456306457,
        0.500211244893074,
        0.5002497608423233,
        0.5001551892518997,
        0.5002152866601944,
        0.5002187749624253,
        0.500165886592865,
        0.5001090116739273,
        0.5001410252809525,
        0.5001389908790589,
        0.5001706601619721,
        0.5001941368818283,
        0.5001774197340012,
        0.5002046742677688,
        0.500160169172287,
        0.5002053385257721,
        0.5002015585184098,
        0.5002042397975922,
        0.5001908088684082,
        0.5002545074462891,
        0.5002221914291382,
        0.5000699931383132,
        0.5002436927556991,
        0.5002475227117539,
        0.5002397932291031,
        0.5001505170106888,
        0.5002021434783935,
        0.500187380194664,
        0.5001340203285217,
        0.5001127214431763,
        0.500170621395111,
        0.5000336678266525,
        0.5002508635997772,
        0.5001583337783814,
        0.5000843347787857,
        0.5002066889762878,
        0.5001969966888428,
        0.5000647767543793,
        0.5002466626882554,
        0.5002085840702057,
        0.500176428937912,
        0.500193292427063,
        0.5001580810785293,
        0.5000930071115494,
        0.5001535530090332,
        0.5001589778900146,
        0.5002370913743973,
        0.5001555682659149,
        0.5001961396455765,
        0.5001693440675735,
        0.5002205124139786,
