{
    "final_mse": 0.500008054971695,
    "final_sdr_db": -7.001945478259585e-05,
    "final_symbol_accuracy": 0.24956250000000005,
    "train_history": [
        0.5000697118282318,
        0.5000187926530838,
        0.5000112144231796,
        0.5000078925848007,
        0.5000061824083328,
        0.5000042120695114,
        0.5000053572416305,
        0.5000041648387908,
        0.5000048513889312,
        0.5000049653053283,
        0.5000055198669433,
        0.500004260969162,
        0.5000044543981552,
        0.5000039381980896,
        0.5000038187980652,
        0.5000042023658753,
        0.500004275393486,
        0.5000042333841324,
        0.5000039509534836,
        0.5000041714429856,
        0.5000049159049987,
        0.500004204416275,
        0.5000042071104049,
        0.5000042449951172,
        0.5000043925285339,
        0.5000048047065735,
        0.5000036329984665,
        0.5000049161434174,
        0.5000038510560989,
        0.5000039014816284,
        0.5000053368806839,
        0.5000040050029755,
        0.5000051622867584,
        0.5000043159484864,
        0.5000039298295975,
        0.5000050602674484,
        0.5000040461778641,
        0.5000038301467895,
        0.5000044439792634,
        0.500003566288948,
        0.5000042806863785,
        0.500004402089119,
        0.5000044678926467,
        0.5000043651819229,
        0.500004085278511,
        0.500004620051384,
        0.5000042741060257,
        0.5000051252603531,
        0.5000045516967774,
        0.5000048929691314,
        0.5000044917583466,
        0.5000049132347107,
        0.5000044507265091,
        0.5000042988538742,
        0.5000045367479324,
        0.5000039687633514,
        0.5000045867443085,
        0.5000044173002243,
        0.5000042505979538,
        0.5000047151088715,
        0.5000043453931808,
        0.5000043230056763,
        0.5000044285297394,
        0.5000045500278473,
        0.5000042932987213,
        0.5000037018299103,
        0.5000044944763183,
        0.500003937458992,
        0.5000043588161468,
        0.5000039410352707,
        0.500005295753479,
        0.5000043148756027,
        0.5000047006607056,
        0.5000043345928192,
        0.5000045374393464,
        0.5000045434713364,
        0.5000034970283508,
        0.5000046586275101,
        0.5000039108514786,
        0.5000044018983841,
        0.5000041640043259,
        0.5000047223329545,
        0.5000048053503037,
        0.5000034465789794,
        0.5000043320178985,
        0.5000039232492447,
        0.5000047268152237,
        0.5000042109489441,
        0.5000040977716446,
        0.5000042527198791,
        0.500004138302803,
        0.5000047795772552,
        0.5000043183326721,
        0.5000041596412659,
        0.5000041563987732,
        0.5000044918775558,
        0.5000046831607818,
        0.500004242515564,
        0.5000041577339173,
        0.5000037046194077
    ],
    "val_history": [
        0.5000125107765198,
        0.5000034055709839,
        0.5000017259120941,
        0.500003042936325,
        0.5000003852844238,
        0.5000068957805633,
        0.500002248287201,
        0.5000104837417603,
        0.5000013267993927,
        0.5000016510486602,
        0.5000003809928895,
        0.5000107815265655,
        0.4999998607635498,
        0.5000033059120178,
        0.5000090730190277,
        0.5000026385784149,
        0.5000068974494934,
        0.5000002129077912,
        0.49999878644943235,
        0.5000029883384705,
        0.5000007236003876,
        0.5000064659118653,
        0.5000009388923645,
        0.5000063533782959,
        0.5000021107196808,
        0.5000044226646423,
        0.5000046656131745,
        0.5000026865005494,
        0.5000093486309052,
        0.5000022220611572,
        0.5000012471675873,
        0.5000055630207062,
        0.5000081734657288,
        0.5000064327716828,
        0.5000029323101044,
        0.5000021803379059,
        0.5000004515647888,
        0.5000081205368042,
        0.500001327753067,
        0.5000030224323273,
        0.5000015034675598,
        0.49999913811683655,
        0.5000016045570373,
        0.49999927949905393,
        0.50000164270401,
        0.5000044825077057,
        0.5000055260658264,
        0.5000062108039856,
        0.5000083849430085,
        0.5000025057792663,
        0.5000087869167328,
        0.5000023593902588,
        0.5000089778900146,
        0.5000157420635223,
        0.5000079309940338,
        0.5000039958953857,
        0.5000033960342407,
        0.5000078332424164,
        0.5000079350471497,
        0.5000012354850769,
        0.49999913811683655,
        0.49999952244758605,
        0.5000048286914826,
        0.5000011780261994,
        0.500009242773056,
        0.500003045797348,
        0.500003741979599,
        0.5000005359649659,
        0.5000029475688934,
        0.4999996259212494,
        0.5000040423870087,
        0.5000029094219208,
        0.5000001268386841,
        0.5000083608627319,
        0.500001501083374,
        0.49999968814849854,
        0.5000139186382294,
        0.5000105004310608,
        0.5000045006275177,
        0.49999926900863645,
        0.5000027480125427,
        0.5000011367797852,
        0.5000022468566895,
        0.5000037245750427,
        0.500001492023468,
        0.4999995241165161,
        0.5000086274147034,
        0.5000035765171051,
        0.5000033752918244,
        0.5000033128261566,
        0.5000016493797302,
        0.5000094602108002,
        0.5000087053775787,
        0.5000006041526794,
        0.5000080604553223,
        0.5000035073757172,
        0.5000002472400665,
        0.5000001668930054,
        0.4999991910457611,
        0.500008054971695
    ]
}