{
    "train_mse": 0.10830688856840133,
    "train_sdr_db": 7.185628391265869,
    "train_symbol_accuracy": 0.9251427500000012,
    "final_mse": 0.77268010567105,
    "final_sdr_db": -1.6152485930730427,
    "final_symbol_accuracy": 0.2516662500000003,
    "val_symbol_accuracy": 0.2516662500000003,
    "train_history": [
        0.5001196970462799,
        0.5000331457614898,
        0.5000198886394501,
        0.5000240843772888,
        0.500016440486908,
        0.5000034901142121,
        0.49999763197898867,
        0.5000007256507873,
        0.49999132075309755,
        0.4999979221820831,
        0.49998804669380187,
        0.49998626575469973,
        0.49998457098007204,
        0.4999835421562195,
        0.49998329920768736,
        0.4999894627571106,
        0.49998151955604553,
        0.49997451200485227,
        0.4999699168205261,
        0.49998110432624815,
        0.49998522753715513,
        0.4999694260120392,
        0.4999714344501495,
        0.4999758172988892,
        0.4999702796459198,
        0.4999719195365906,
        0.4999717014312744,
        0.49997470526695253,
        0.4999788010597229,
        0.4999734623908997,
        0.4999641875743866,
        0.4999688397407532,
        0.49995990872383117,
        0.4999653448104858,
        0.49995877528190613,
        0.49995381779670717,
        0.49995683393478396,
        0.4999488334178925,
        0.4999385177612305,
        0.49993728952407834,
        0.4999323043823242,
        0.4999257262229919,
        0.49991210980415346,
        0.49991859912872316,
        0.49991779103279116,
        0.49991791987419126,
        0.4999141864776611,
        0.49990967936515807,
        0.49990263872146606,
        0.4998906206607819,
        0.49989266452789305,
        0.49988984956741334,
        0.4998952189445496,
        0.4998778423786163,
        0.49985743584632875,
        0.49983802523612975,
        0.49984834780693055,
        0.499853857421875,
        0.4998393632888794,
        0.4998376994132996,
        0.4998341465473175,
        0.4998064854621887,
        0.4997905651092529,
        0.4998032120227814,
        0.4997699511051178,
        0.4997575755596161,
        0.499774973487854,
        0.49972182817459104,
        0.49971380314826963,
        0.4996633473873138,
        0.49967452917099,
        0.4996636037349701,
        0.4996146176338196,
        0.49958765029907226,
        0.499593176651001,
        0.4995139245510101,
        0.49946536870002745,
        0.4994545599937439,
        0.499375462770462,
        0.49937648334503176,
        0.49936866488456727,
        0.49925018534660337,
        0.49921468291282656,
        0.49913403148651125,
        0.49902819271087645,
        0.4990322361946106,
        0.4989105016708374,
        0.49894424982070923,
        0.4989182861804962,
        0.49916452078819273,
        0.4991245321273804,
        0.4989629409790039,
        0.4989270577430725,
        0.49868763489723206,
        0.49857014751434325,
        0.49851940741539,
        0.49838470711708066,
        0.4982935615539551,
        0.4980070686817169,
        0.49771301398277285,
        0.4977535670757294,
        0.497259979057312,
        0.4970375566482544,
        0.4967842309474945,
        0.49681925048828124,
        0.4962159740924835,
        0.49578607840538025,
        0.49528719782829284,
        0.4948388197898865,
        0.4942027624130249,
        0.4934330247402191,
        0.4930277681350708,
        0.49252712078094485,
        0.49238960313797,
        0.4915177125453949,
        0.49092150564193726,
        0.4905475999355316,
        0.48937984375953675,
        0.4888253830432892,
        0.48701430006027224,
        0.48612459869384766,
        0.4852696030139923,
        0.4846712832450867,
        0.4839295873165131,
        0.48277496795654296,
        0.4811763477325439,
        0.4796606570720673,
        0.47825979089736936,
        0.4758068379878998,
        0.474570924282074,
        0.4740038956165314,
        0.4714170786380768,
        0.47528272113800046,
        0.4705431703567505,
        0.4683601490974426,
        0.4646685311794281,
        0.4630706864356995,
        0.4615931351184845,
        0.45832127466201783,
        0.4578398353099823,
        0.4544158697605133,
        0.45235167808532717,
        0.4511987442970276,
        0.4488328212738037,
        0.4453026827812195,
        0.44168318672180173,
        0.44061477546691896,
        0.43672969217300417,
        0.43489339652061465,
        0.43748578634262086,
        0.4305308744430542,
        0.4280718883037567,
        0.4256117841243744,
        0.42064269223213197,
        0.4160535979747772,
        0.414443191576004,
        0.4123976987838745,
        0.40771077184677124,
        0.4059715067386627,
        0.4018742678642273,
        0.3982872220993042,
        0.3938303735256195,
        0.3926079161643982,
        0.3901875314235687,
        0.3933866738796234,
        0.38242039918899534,
        0.3799516504764557,
        0.3749923709869385,
        0.37425945587158205,
        0.3692282185077667,
        0.3652808521747589,
        0.36303082766532896,
        0.35991965532302855,
        0.3574334258079529,
        0.3516256730079651,
        0.3480864369392395,
        0.3471609154701233,
        0.3419354420185089,
        0.33874390597343446,
        0.3371938205718994,
        0.3333748133659363,
        0.33237047305107115,
        0.32555737071037294,
        0.3218802377223969,
        0.32238533277511594,
        0.31756124863624574,
        0.31986954984664917,
        0.31071811764240265,
        0.3082103456735611,
        0.3054680444478989,
        0.3095835482120514,
        0.30049425106048583,
        0.2974054076194763,
        0.294704793047905,
        0.2937394210577011,
        0.2904981922149658,
        0.28689684083461764,
        0.2828916156291962,
        0.281515278172493,
        0.28120940716266635,
        0.27624212093353273,
        0.2746181384563446,
        0.27355788764953615,
        0.26962548339366915,
        0.2673378841638565,
        0.26402608592510224,
        0.26259557287693025,
        0.25934637200832367,
        0.25860923602581026,
        0.25723352901935576,
        0.25215194082260134,
        0.25121114752292634,
        0.2503325162649155,
        0.2505008328199387,
        0.2526268671274185,
        0.24712019729614257,
        0.2465731369495392,
        0.2388570681333542,
        0.23734725506305696,
        0.23555598878860473,
        0.23407546248435973,
        0.23103990190029144,
        0.2318835988998413,
        0.2283553143978119,
        0.22821615200042725,
        0.22460250945091248,
        0.22591613235473632,
        0.22736524748802184,
        0.21954083571434022,
        0.21881547000408172,
        0.2178346788406372,
        0.21535817108154298,
        0.2160165157556534,
        0.21271286716461182,
        0.2183119935274124,
        0.20970630407333374,
        0.20647068860530854,
        0.20424587516784667,
        0.20722578001022338,
        0.2045542912721634,
        0.20436234912872314,
        0.1998511693239212,
        0.19607444957494735,
        0.19798086919784547,
        0.1976140527009964,
        0.1938470951318741,
        0.19448818316459657,
        0.2053710744380951,
        0.19558338646888732,
        0.1900811202287674,
        0.18913831245899201,
        0.18615384979248048,
        0.18892876262664796,
        0.18525469305515288,
        0.18612002074718476,
        0.1832872329592705,
        0.1809894087076187,
        0.18169612538814545,
        0.18115848100185394,
        0.17720015053749086,
        0.1775689935684204,
        0.17805022515058516,
        0.17572376784086227,
        0.17388937608003616,
        0.17497060948610305,
        0.17371452368497847,
        0.17071206521987914,
        0.1688138139486313,
        0.18219138162136078,
        0.17074329901933671,
