{
    "final_mse": 0.5000110075473786,
    "final_sdr_db": -9.561864651914221e-05,
    "final_symbol_accuracy": 0.24962312499999992,
    "train_history": [
        0.5000584639549256,
        0.5000098495960236,
        0.500004847741127,
        0.5000065142869949,
        0.5000044635772705,
        0.5000045678377152,
        0.5000048631191254,
        0.5000056009531021,
        0.5000046471357346,
        0.5000074791669845,
        0.5000049412727356,
        0.5000045965433121,
        0.5000041026353836,
        0.5000045110702515,
        0.5000041861772537,
        0.5000042377471924,
        0.5000047565460205,
        0.5000050970554352,
        0.5000039449691772,
        0.5000043120622635,
        0.5000066026449204,
        0.5000029866218567,
        0.500004577922821,
        0.5000042168855667,
        0.500003888964653,
        0.5000043423891067,
        0.5000044623374938,
        0.5000043234109879,
        0.5000044274091721,
        0.5000042296171189,
        0.500004046368599,
        0.5000043767929078,
        0.5000047596931457,
        0.5000041272163391,
        0.500004292178154,
        0.5000047899007797,
        0.5000037254095078,
        0.5000050206184388,
        0.5000043113946915,
        0.50000450527668,
        0.5000043937444687,
        0.5000041732311249,
        0.5000043859243393,
        0.5000039328813553,
        0.5000047543525695,
        0.5000040923595428,
        0.5000044670581818,
        0.5000042412519455,
        0.5000047107458114,
        0.5000046177864075,
        0.5000047413110733,
        0.5000047801733017,
        0.5000042202711106,
        0.5000042824745178,
        0.5000052791595458,
        0.5000046637773514,
        0.5000046068429946,
        0.500004342007637,
        0.5000036605358124,
        0.5000043974637985,
        0.500005274105072,
        0.5000044473409653,
        0.500004423713684,
        0.5000049637317657,
        0.5000039322137833,
        0.5000041846990585,
        0.5000042006492614,
        0.5000041872501373,
        0.5000049634933472,
        0.5000044538497925,
        0.5000049104690552,
        0.5000045683145523,
        0.5000042102098465,
        0.5000044856786728,
        0.5000042017936707,
        0.5000045020580292,
        0.5000049180030822,
        0.5000043723344803,
        0.5000043554544449,
        0.5000045726776123,
        0.5000045722723008,
        0.5000037427663803,
        0.5000038883686065,
        0.500004733633995,
        0.5000044505596161,
        0.5000044338464736,
        0.5000043078184128,
        0.5000048062801361,
        0.5000038930416107,
        0.5000042463541031,
        0.5000041377782821,
        0.5000043183088303,
        0.5000042036056519,
        0.5000045055150986,
        0.5000041427135468,
        0.5000048968791961,
        0.5000043336629868,
        0.500004220032692,
        0.5000037845849991,
        0.5000045266151428,
        0.5000038654088974,
        0.5000040300369263,
        0.5000050403356552,
        0.5000045285224914,
        0.5000046280860901,
        0.5000037908315659,
        0.500004568862915,
        0.5000045496702195,
        0.5000041009187698,
        0.5000054647445679,
        0.5000036940336228,
        0.5000041382551194,
        0.5000043303251267,
        0.5000037800312043,
        0.5000042548894882,
        0.5000041512012482,
        0.5000041646003723,
        0.5000048506021499,
        0.500003971862793,
        0.5000046170711517,
        0.500004552936554,
        0.5000045462369919,
        0.5000045079946518,
        0.5000047616720199,
        0.500004283952713,
        0.5000042513608932,
        0.5000045057296753,
        0.5000048865795136,
        0.5000043450117111,
        0.5000041942834854,
        0.5000047726869583,
        0.5000043961763382,
        0.5000045387268066,
        0.5000047296285629,
        0.5000046226978302,
        0.5000047712087631,
        0.5000039766073227,
        0.5000042984247207,
        0.5000044196367264,
        0.5000043396949768,
        0.5000045516490936,
        0.5000044337511063,
        0.5000045756578445,
        0.5000039741039276,
        0.5000052026510239,
        0.5000038192272186,
        0.5000040948867798,
        0.5000042616128921,
        0.5000047336816787,
        0.5000049124479293,
        0.5000043619632721,
        0.5000046336889267,
        0.5000042629241943,
        0.500004586648941,
        0.5000045586824418,
        0.5000043960809708,
        0.5000044450283051,
        0.5000048842906952,
        0.5000050934076309,
        0.5000047149181366,
        0.5000041469573975,
        0.5000045242786407,
        0.5000038399934769,
        0.5000041228294373,
        0.500004296040535,
        0.5000041735172271,
        0.5000044969320298,
        0.5000045733928681,
        0.5000047552585601,
        0.5000043930053711,
        0.5000045013666153,
        0.5000044338226318,
        0.5000044334173203,
        0.500004654622078,
        0.5000047505140305,
        0.5000035243988037,
        0.5000045449018479,
        0.5000044653892517,
        0.5000049130439759,
        0.5000045917749405,
        0.5000047107696534,
        0.5000042276859283,
        0.5000046613931656,
        0.5000041667699814,
        0.5000043943881989,
        0.5000042445182801,
        0.5000050899028778,
        0.5000041320562363,
        0.5000045587062836,
        0.5000037622451782,
        0.5000044592380524,
        0.5000044223308563,
        0.5000036730051041,
        0.5000040562152862,
        0.5000049632787704,
        0.5000041893959045,
        0.5000043483018876,
        0.5000043437004089,
        0.5000040045499802,
        0.5000037343263626,
        0.5000049562215805,
        0.5000035583019257,
        0.5000044417381286,
        0.5000042303562164,
        0.500004176235199,
        0.5000046894311905,
        0.5000035792350769,
        0.5000040497303009,
        0.5000039408683777,
        0.5000044418334961,
        0.5000046819925308,
        0.5000038255214692,
        0.5000042216539383,
        0.5000047439813614,
        0.5000048073530197,
        0.500003899025917,
        0.5000040890693664,
        0.5000041649341583,
        0.500004685664177,
        0.5000037692785263,
        0.5000038092851639,
        0.5000044239044189,
        0.5000043598651887,
        0.5000047935962677,
        0.5000043721199036,
        0.500004604625702,
        0.5000039928913117,
        0.5000043448925018,
        0.5000042926788331,
        0.5000041746854782,
        0.500004459476471,
        0.500004102396965,
        0.5000039402246476,
        0.5000049559354782,
        0.5000040298223496,
        0.5000042516946792,
        0.5000045480012894,
        0.5000050477743149,
        0.5000046079397201,
        0.5000042196512222,
        0.5000041416406632,
        0.5000044226169587,
        0.5000035842657089,
        0.5000037336826324,
        0.5000039932966233,
        0.5000048778057098,
        0.5000041517972946,
        0.5000038974285126,
        0.5000045721054077,
        0.5000041471242904,
        0.5000039957761765,
        0.5000045328617096,
        0.5000044217586518,
        0.5000041390895843,
        0.5000039074182511,
        0.5000048086881638,
        0.5000048349142074,
        0.5000040438890457,
        0.5000046627759933,
        0.5000048571109772,
        0.500004327082634,
        0.5000044249773026,
        0.5000043123245239,
        0.5000044302463531,
        0.5000041664361954,
        0.5000041873931885,
        0.5000048287630081,
        0.5000052567958831,
        0.5000040972948074,
        0.5000040341615677,
        0.5000045007705688,
        0.5000040107965469,
        0.5000043040990829,
        0.5000045234918594,
        0.5000039155006408,
        0.5000039859056473,
        0.5000040115356446,
        0.5000042648077011,
        0.5000046228170395,
        0.5000046639919281,
        0.5000041421413421,
