{
    "final_mse": 0.5000041472911835,
    "final_sdr_db": -3.608487694873475e-05,
    "final_symbol_accuracy": 0.25045937500000004,
    "train_history": [
        0.500077467918396,
        0.5000124925851822,
        0.5000052983522415,
        0.5000015755414963,
        0.500004319858551,
        0.5000041692733764,
        0.500004408454895,
        0.5000046006679535,
        0.5000044424772263,
        0.5000049825906754,
        0.5000046946763992,
        0.5000041260004043,
        0.5000040799856186,
        0.5000046351194382,
        0.5000042809963227,
        0.5000049444198609,
        0.5000049141168594,
        0.5000048024654389,
        0.5000041972637177,
        0.5000043169736862,
        0.5000042618751526,
        0.5000048795461655,
        0.5000041006803513,
        0.500004151558876,
        0.5000040416002274,
        0.5000039884567261,
        0.5000047842979432,
        0.5000043084144592,
        0.5000046830177307,
        0.5000041627407074,
        0.5000047064304352,
        0.5000047210693359,
        0.5000041226148605,
        0.5000044286727905,
        0.5000032534122467,
        0.5000041994571686,
        0.5000043916463852,
        0.5000043910264969,
        0.5000044319152832,
        0.5000036497831345,
        0.5000043932914734,
        0.5000047404289245,
        0.5000048480749131,
        0.5000038214683533,
        0.500003706908226,
        0.5000044830322266,
        0.5000035340309144,
        0.5000048496484757,
        0.5000042597293853,
        0.5000047471761704,
        0.5000045481443405,
        0.5000047281265259,
        0.5000038902044296,
        0.5000051871299743,
        0.5000045243740082,
        0.5000040696382523,
        0.5000045840978622,
        0.5000039808988571,
        0.5000039872169495,
        0.5000044245958328,
        0.5000036954641343,
        0.5000038520812988,
        0.5000044846534729,
        0.5000045122623443,
        0.5000041432857514,
        0.5000041838645936,
        0.5000045926332474,
        0.5000040108680726,
        0.5000044394254685,
        0.500004681634903,
        0.5000046965837479,
        0.5000040979862214,
        0.5000040909051895,
        0.5000040504455566,
        0.5000035029649734,
        0.5000040493726731,
        0.5000046631574631,
        0.5000041412115097,
        0.5000045508384705,
        0.5000046172142029,
        0.5000042625188827,
        0.50000465528965,
        0.5000043710231781,
        0.5000046447992325,
        0.5000043871879578,
        0.5000040912389755,
        0.500004190158844,
        0.5000041551589965,
        0.500004705119133,
        0.5000045026302338,
        0.5000039914131165,
        0.5000040671348572,
        0.5000047976016998,
        0.5000039377212524,
        0.5000040299654007,
        0.5000039377689361,
        0.5000043919324875,
        0.5000042323350906,
        0.5000041436433792,
        0.5000039667606354,
        0.5000044397830963,
        0.5000041354894638,
        0.5000045525789261,
        0.5000034890651703,
        0.5000042075634002,
        0.5000039931535721,
        0.5000049013614655,
        0.5000038240671157,
        0.5000048501253128,
        0.5000034868478775,
        0.5000046341657639,
        0.5000046635627746,
        0.5000037120103836,
        0.5000045130252838,
        0.5000045352220536,
        0.5000045822620391,
        0.500004094862938,
        0.5000043238162994,
        0.5000040719509125,
        0.5000043864250183,
        0.5000045489549637,
        0.5000040565013886,
        0.5000041959047318,
        0.5000042180299759,
        0.5000041202783585,
        0.5000043033599854,
        0.5000046636104584,
        0.5000038512468338,
        0.5000046311378479,
        0.5000043179750443,
        0.5000044969081878,
        0.5000040655612945,
        0.5000042625427246,
        0.5000044080972672,
        0.5000118760347366,
        0.5000030850887298,
        0.500004165172577,
        0.5000043803215027,
        0.500004862165451,
        0.5000038463115692,
        0.5000045134067536,
        0.500004037809372,
        0.500004392337799,
        0.5000046143293381,
        0.5000043558359146,
        0.5000048455953598,
        0.5000037882566452,
        0.5000047417402268,
        0.5000042621612549,
        0.500003895163536,
        0.500005030465126,
        0.5000039418458938,
        0.5000045779466629,
        0.5000039613962174,
        0.5000043938159943,
        0.5000044180631638,
        0.5000037442445755,
        0.5000044904470444,
        0.5000042495489121,
        0.5000047625303269,
        0.50000433177948,
        0.5000040939807892,
        0.5000041659593583,
        0.5000044926404953,
        0.5000044870376587,
        0.5000046325683594,
        0.5000049745082855,
        0.5000041917562484,
        0.5000042603731155,
        0.5000046709299087,
        0.5000043565511704,
        0.5000042878627777,
        0.5000043068647385,
        0.5000045033454895,
        0.5000047494411468,
        0.5000051658391953,
        0.5000040926218032,
        0.5000046169757844,
        0.5000041978359222,
        0.5000035746335983,
        0.5000041123151779,
        0.5000043068170548,
        0.5000041744470596,
        0.5000034506320954,
        0.5000045979261398,
        0.5000038675069809,
        0.5000042552709579,
        0.500004023861885,
        0.5000049059152604,
        0.5000040809869766,
        0.5000043919563294,
        0.5000043071746826,
        0.500004297709465,
        0.5000050571918487,
        0.5000042710065842,
        0.5000042296171189,
        0.5000047696828842,
        0.5000039391994476,
        0.5000046241283417,
        0.5000036978721618,
        0.5000046947479247,
        0.5000044711589813,
        0.5000043955087662,
        0.5000042698144913,
        0.5000041139125824,
        0.5000045516490936,
        0.5000038763999939,
        0.5000039589881897,
        0.5000042124271393,
        0.5000043671607971,
        0.5000042776346206,
        0.5000039399623871,
        0.5000037448644639,
        0.5000041603803634,
        0.5000050647974015,
        0.5000038317680359,
        0.5000047484636306,
        0.5000046177625657,
        0.5000043323516846,
        0.5000048851966858,
        0.5000042270660401,
        0.5000044188737869,
        0.5000040220975875,
        0.5000048496484757,
        0.5000044467926026,
        0.5000041695356369,
        0.500004188299179,
        0.5000048087835312,
        0.5000041425704956,
        0.5000037086486816,
        0.5000043901205062,
        0.5000043360948563,
        0.5000036909580231,
        0.5000043512105942,
        0.500004959821701,
        0.5000039447784423,
        0.5000038643121719,
        0.5000049390554429,
        0.5000043900489807,
        0.5000041790246964,
        0.5000042610406875,
        0.5000037025690078,
        0.5000042587518692,
        0.5000041084766388,
        0.5000038282155991,
        0.5000046653270721,
        0.5000045445919037,
        0.5000042278766632,
        0.5000045340061188,
        0.5000043386936188,
        0.5000048446178437,
        0.5000043772220611,
        0.5000043949127198,
        0.5000047375202179,
        0.5000039220094681,
        0.5000042413473129,
        0.5000045948505402,
        0.5000040239334106,
        0.5000044503927231,
        0.5000043163061142,
        0.50000458214283,
        0.5000042192459107,
        0.5000049479007721,
        0.5000043804883957,
        0.5000044202327728,
        0.5000041173934937,
        0.500005058312416,
        0.5000040930747985,
        0.5000047266721726,
        0.5000044167280198,
        0.5000054357528686,
        0.50000442340374,
        0.5000043634653092,
        0.5000045634031296,
        0.5000042765140533,
        0.5000045576334,
        0.5000040411949158,
        0.5000042133331298,
        0.5000047222137451,
        0.5000044004440307,
        0.5000044300556182,
