{
    "final_mse": 8.491152830030178e-06,
    "final_sdr_db": 47.70312245686849,
    "final_symbol_accuracy": 1.0,
    "train_history": [
        0.05417780786622316,
        0.0009025079459883273,
        0.0004675966331269592,
        0.00031735908773262056,
        0.0002314067205414176,
        0.00019535762118175627,
        0.00015791519494960085,
        0.00013691040703561156,
        0.00011789318027440458,
        0.00010462684208760039,
        9.293944975943305e-05,
        8.449223422212526e-05,
        7.092165979556739e-05,
        6.396101057180204e-05,
        5.7424849993549285e-05,
        5.347186898870859e-05,
        4.718704051920213e-05,
        4.584071513672825e-05,
        3.9307992978137915e-05,
        3.7915060942759735e-05
    ],
    "val_history": [
        0.000676153433723523,
        0.00030662653420770927,
        0.00013833352002418705,
        0.0001348286884696415,
        0.00010629704902096401,
        6.070654772985209e-05,
        6.403076478154473e-05,
        6.793264291777704e-05,
        3.777545279017576e-05,
        4.750968929285937e-05,
        0.00018676435126782588,
        1.929800612468546e-05,
        3.6455817266075414e-05,
        0.00013718522054010203,
        5.189666453155778e-05,
        1.2009353263743429e-05,
        1.874320072861987e-05,
        9.786340689017725e-06,
        1.2403054853844907e-05,
        8.491152830030178e-06
    ]
}