{
    "primary_metric": "val_pit_mse",
    "val_pit_mse": 0.45238172821700573,
    "val_pit_sdr_db": 0.4639668669551611,
    "final_mse": 0.45238172821700573,
    "final_sdr_db": 0.4639668669551611,
    "train_history": [
        0.45998976291558996,
        0.4568716290469368,
        0.4558942815937554,
        0.45637100154218585,
        0.4540340265336509,
        0.45541505063303744,
        0.45443863733507955,
        0.45400380945434204,
        0.45372390566161647,
        0.454117644518709,
        0.4536085253515944,
        0.45464401675489385,
        0.45362957616964467,
        0.45471087621804623,
        0.4552414300152288,
        0.4540872081590537,
        0.45367120496762064,
        0.45325587818416924,
        0.453385809168648,
        0.4534622857364984,
        0.45271825295286816,
        0.452587503213852,
        0.45194605754587214,
        0.45248648943230746,
        0.45166976307146844,
        0.4515637272653488,
        0.45160333617045856,
        0.4532463572467097,
        0.45270395117065015,
        0.45195720199578865,
        0.45215211499232455,
        0.4522723451780435,
        0.451874665082834,
        0.45139340775462383,
        0.45141505823729516,
        0.45116575038471163,
        0.4509973577417124,
        0.45078547322712004,
        0.4507425332221741,
        0.4509588963688372,
        0.4502322052043086,
        0.450268238021162,
        0.44950090743863164,
        0.44893516566806707,
        0.44979435291153175,
        0.44925871224829944,
        0.4489258659152558,
        0.44902793829814314,
        0.44809761462501063,
        0.4484110518385427,
        0.447661928094614,
        0.4473410088795062,
        0.4468467349823291,
        0.44628759104603777,
        0.44604693548367047,
        0.4473866322360481,
        0.44563194985587756,
        0.44571814721765607,
        0.4456293101127917,
        0.4452954128908273,
        0.4479277826155337,
        0.4463387503981971,
        0.444295475182061,
        0.4434437207139719,
        0.44207077970900854,
        0.4450277341440463,
        0.4435022219110982,
        0.4453811060887175,
        0.44353329011807424,
        0.44275723907132497,
        0.44043145240686193,
        0.4405201242183344,
        0.44005840531172463,
        0.43854112946949064,
        0.4374589997168166,
        0.43616766861071604,
        0.43568795700423635,
        0.43706437250295765,
        0.43608906103399236,
        0.4377807354012998,
        0.43502018407891735,
        0.43504807410148766,
        0.43512351349138984,
        0.4329184687937411,
        0.4363150330968558,
        0.43433999948608226,
        0.4322376380713222,
        0.4315149359428844,
        0.4320075494793657,
        0.4317476444731886,
        0.4277645967448481,
        0.42498700820599883,
        0.42370598651349733,
        0.4253989133400658,
        0.42497721857156234,
        0.43613586715235114,
        0.43685118297037606,
        0.43376320819504344,
        0.42957372434984764,
        0.4247210677058552,
        0.4250930496298086,
        0.4247940831100598,
        0.4267519508687833,
        0.43780289756985136,
        0.4335653570513375,
        0.42967241297895536,
        0.4281779759988998,
        0.4258412224606584,
        0.43853205651901783,
        0.44518252150319254,
        0.4416427768457431,
        0.43769017499856677,
        0.43482853381778486,
        0.4341490492462731,
        0.4288938106439365,
        0.42398298729342015,
        0.42482742257773304,
        0.4210437779038097,
        0.4199850049833901,
        0.41821054547739483,
        0.41769962436474933,
        0.42665504561826445,
        0.4176242262981951,
        0.4141423767938401,
        0.41039300659974925,
        0.40999946826563094,
        0.40970467302365043,
        0.40721665032374593,
        0.41069747017214475,
        0.4148180449542146,
        0.41478905119834997,
        0.4096914871622579,
        0.4050871240445219,
        0.40196877384718993,
        0.4029994086145212,
        0.40378554027301433,
        0.40022882171713126,
        0.3987456017408889,
        0.39507315000786947,
        0.39302586414181767,
        0.39340199334933734,
        0.389804205003257,
        0.3876170924486825,
        0.39444908642540344,
        0.39244715226724886,
        0.40444188157971295,
        0.389224892226271,
        0.3840157342985415,
        0.3822846206994102,
        0.37699239246380595,
        0.38560569762421876,
        0.38644929396839567,
        0.38037367950613127,
        0.3739778598467001,
        0.37075449359683565,
        0.36599898100280154,
        0.3760754503190708,
        0.375971967134232,
        0.36804132606274786,
        0.36718400208333046,
        0.3808480964872403,
        0.36145741870989817,
        0.3612495698867895,
        0.3579614006292325,
        0.35561494619701617,
        0.35523911444142986,
        0.35402720804793386,
        0.34613307748739713,
        0.3444762739320152,
        0.34072682156730383,
        0.35658227873686404,
        0.3452932098612618,
        0.3530154940419304,
        0.3728550603976265,
        0.3544277206015663,
        0.36644332553631964,
        0.3533898075929465,
        0.34722913996861005,
        0.33818623033194495,
        0.35150581560195826,
        0.3500368739850224,
        0.3368120684791297,
        0.3307646019771076,
        0.3218168498228152,
        0.32136836200476454,
        0.32474446439514526,
        0.3239857076455991,
        0.3359783705050191,
        0.34379947975801584,
        0.33601818945461187,
        0.3292429562384328,
        0.3200445226587046,
        0.309750842305418,
        0.304188656492736,
        0.2994304909683264,
        0.34769049534401575,
        0.3471132701578232,
        0.33300221004425146,
        0.31925882784703286,
        0.3330422190431589
    ],