{
    "train_mse": 0.1872551552951336,
    "train_sdr_db": 4.272955477237701,
    "train_symbol_accuracy": 0.7398828124999999,
    "final_mse": 0.1879509873688221,
    "final_sdr_db": 4.25786691904068,
    "final_symbol_accuracy": 0.7393652343749999,
    "val_symbol_accuracy": 0.7393652343749999,
    "train_history": [],
    "val_history": []
}