{
    "train_mse": 0.0911867582976818,
    "train_sdr_db": 8.02532433166504,
    "train_symbol_accuracy": 0.9435512499999997,
    "final_mse": 0.7941403776880295,
    "final_sdr_db": -1.742818984720442,
    "final_symbol_accuracy": 0.33416374999999965,
    "val_symbol_accuracy": 0.33416374999999965,
    "train_history": [
        0.5001300642967225,
        0.5000216022968292,
        0.5000185376644134,
        0.5000104214191436,
        0.5000235495567322,
        0.5000024252891541,
        0.5000208827018737,
        0.5000061041355133,
        0.5000094010829925,
        0.5000001190185547,
        0.5000004500389099,
        0.499983925819397,
        0.499992058134079,
        0.4999881307601929,
        0.49997676453590395,
        0.4999658410072327,
        0.500003393650055,
        0.49999352025985716,
        0.4999902651309967,
        0.4999822811603546,
        0.499980140542984,
        0.4999794593334198,
        0.4999742988586426,
        0.499973502779007,
        0.4999708567142487,
        0.4999752796649933,
        0.4999666480064392,
        0.4999658353805542,
        0.4999698958873749,
        0.49996270356178285,
        0.4999597504138947,
        0.4999633278369904,
        0.49995766916275025,
        0.49995431876182556,
        0.49995322437286377,
        0.49995156588554385,
        0.49994795689582827,
        0.499938782453537,
        0.49994976181983947,
        0.4999404628276825,
        0.4999379767894745,
        0.49993301157951353,
        0.49992235736846924,
        0.4999206741809845,
        0.4999201598167419,
        0.4999095229148865,
        0.49989786162376404,
        0.49989509797096254,
        0.4998808256149292,
        0.4998737669467926,
        0.49987672986984255,
        0.49986585540771483,
        0.49986341557502745,
        0.49985519371032716,
        0.49985284342765807,
        0.4998431911945343,
        0.4998218330860138,
        0.49981467027664184,
        0.4998059501171112,
        0.4998000904083252,
        0.49978147444725035,
        0.4997860993385315,
        0.4998030301094055,
        0.4997612766742706,
        0.49975231862068176,
        0.49975412378311157,
        0.4997247477054596,
        0.49969694666862485,
        0.4996855638027191,
        0.4996943560600281,
        0.49968578848838807,
        0.49964931197166446,
        0.4996484649181366,
        0.49958887362480164,
        0.4995874295711517,
        0.49950226044654844,
        0.4995564500808716,
        0.4995551223278046,
        0.4994837864398956,
        0.4994611063480377,
        0.4993999029159546,
        0.49940378828048704,
        0.4993614278793335,
        0.4993282603263855,
        0.4992820706367493,
        0.49925961194038393,
        0.49919313125610354,
        0.4990780560016632,
        0.49899063181877135,
        0.4990109419822693,
        0.4988697576522827,
        0.4987350067615509,
        0.49858198251724245,
        0.49844695711135867,
        0.4983285270690918,
        0.4981880293369293,
        0.49793055567741396,
        0.4976651276111603,
        0.4977058326244354,
        0.4974467213153839,
        0.49713709506988524,
        0.49695997557640076,
        0.49622011103630065,
        0.49583031096458435,
        0.49532228240966797,
        0.4949541848182678,
        0.4944662316322327,
        0.4939927605628967,
        0.49332015838623045,
        0.4922578712940216,
        0.49154314370155333,
        0.49028770442008973,
        0.48932282280921935,
        0.48825705404281616,
        0.4885584690093994,
        0.48707306971549985,
        0.4857312656402588,
        0.4844342147350311,
        0.48216620421409606,
        0.48121058678627016,
        0.4796194306850433,
        0.4792988513469696,
        0.47719463810920715,
        0.47522393631935117,
        0.47289856758117677,
        0.471746040391922,
        0.46914333953857423,
        0.467132706451416,
        0.4645851698875427,
        0.4630886688232422,
        0.46037987694740296,
        0.4577635654449463,
        0.4559896429538727,
        0.4548025524139404,
        0.4536918795585632,
        0.4538673367500305,
        0.44738687176704406,
        0.44340462489128113,
        0.44072353100776673,
        0.43754459919929506,
        0.43524281096458434,
        0.4330730455875397,
        0.4294043828487396,
        0.42765054292678834,
        0.4232675558567047,
        0.42081665077209474,
        0.41681188678741454,
        0.415499951171875,
        0.4112489489078522,
        0.4069198375225067,
        0.4034500864028931,
        0.40248588752746584,
        0.39711577472686765,
        0.39420247268676756,
        0.39214884214401247,
        0.3892549813747406,
        0.3827372725486755,
        0.3799465317726135,
        0.37762921590805054,
        0.373914999961853,
        0.3720997168540955,
        0.36780896110534667,
        0.3648090049266815,
        0.3623690846443176,
        0.3592568908214569,
        0.35465142064094546,
        0.35202535028457643,
        0.3498296669006348,
        0.3477500491142273,
        0.345164860868454,
        0.3398794141292572,
        0.33795465631484983,
        0.3337604982852936,
        0.33092795748710635,
        0.32856280722618103,
        0.32481344714164734,
        0.32306287779808046,
        0.3177161952495575,
        0.31571771938800813,
        0.31323087956905366,
        0.3095587643146515,
        0.3085331554412842,
        0.3062416211128235,
        0.3017100953102112,
        0.298545165848732,
        0.2959112659692764,
        0.29164135236740113,
        0.2896918393850327,
        0.287028519821167,
        0.282713361620903,
        0.2815852033615112,
        0.27826202521324156,
        0.2757819628238678,
        0.2728351541519165,
        0.26927885770797727,
        0.2661156105518341,
        0.26356579277515413,
        0.2606992733478546,
        0.2591781107187271,
        0.25538030259609223,
        0.2534823490858078,
        0.2511261194705963,
        0.2524001431941986,
        0.24635026557445527,
        0.2443870189666748,
        0.2414759577035904,
        0.23819549040794372,
        0.23616378145217895,
        0.23288605682849883,
        0.23170964527130128,
        0.22757860956192016,
        0.22680348384380342,
        0.22591054055690765,
        0.2233514328956604,
        0.22045001084804536,
        0.21787713630199432,
        0.21792213022708892,
        0.21454712295532227,
        0.21212029614448547,
        0.2104748711824417,
        0.21031887202262878,
        0.20677253136634827,
        0.20571376717090606,
        0.20345065128803252,
        0.20320148212909697,
        0.19830192878246308,
        0.19826728060245513,
        0.19582409846782683,
        0.19454184226989746,
        0.19286093723773956,
        0.19250102348327636,
        0.188680437374115,
        0.18710845670700074,
        0.18530316745042802,
        0.18545583972930907,
        0.18425411044359208,
        0.18066404415369033,
        0.1816767837882042,
        0.1781531635761261,
        0.1775457977771759,
        0.1756510721206665,
        0.1754225718975067,
        0.17124978799819945,
        0.17056768779754639,
        0.16945180810689925,
        0.16738260157108306,
        0.16798861112594604,
        0.16610885260105132,
        0.16515043236017227,
        0.1647322809934616,
        0.16365224236249923,
        0.1606750939846039,
        0.1604456667304039,
        0.16037788316011428,
        0.15665801293849946,
        0.15611965209245682,
        0.15466591708660127,
        0.153508477640152,
        0.1546814655780792,
        0.15502739263772963,
        0.15003677332401275,
        0.15201676812171935,
        0.14896506406068802,
        0.14986462965011596,
        0.1469260521531105,
        0.14523988646268846,
        0.14556583176851273,
        0.1468359736561775,
        0.14494688301086425,
        0.1430655651807785,
