{
    "train_mse": 0.4999885305404663,
    "train_sdr_db": 0.00010412963551934809,
    "train_symbol_accuracy": 0.25206350000000066,
    "final_mse": 0.5000172948080396,
    "final_sdr_db": -0.00014599570394715382,
    "final_symbol_accuracy": 0.2483899999999997,
    "val_symbol_accuracy": 0.2483899999999997,
    "train_history": [
        0.500114595079422,
        0.5000457359313965,
        0.5000131379127503,
        0.5000173503875732,
        0.5000037948131562,
        0.5000072371482849,
        0.5000100346565246,
        0.4999989905834198,
        0.5000022440433503,
        0.49999595580101014
    ],
    "val_history": [
        0.4999898061865852,
        0.49998958148653544,
        0.5000057863810706,
        0.5000001390775045,
        0.5000196884548853,
        0.500001354349984,
        0.49999527467621696,
        0.5000104696031601,
        0.4999932325075543,
        0.5000172948080396
    ]
}