{
    "final_mse": 0.7852133996784687,
    "final_sdr_db": -1.5506306812167168,
    "train_history": [
        0.5001646400259706,
        0.5000261770079311,
        0.5000261035970986,
        0.49999894396946454,
        0.5000132802195443,
        0.5000012435090427,
        0.500012325593077,
        0.49998120073312385,
        0.4999889252475275,
        0.4999968100089235,
        0.49996598174396795,
        0.4999653011465225,
        0.49997847101178033,
        0.49995157922418737,
        0.4999511559931234,
        0.4999155673546532,
        0.49996011163860843,
        0.49993392291922156,
        0.49991411218247095,
        0.49988161213100907,
        0.4998786198064542,
        0.4998517336365514,
        0.49983646123173137,
        0.4997390833335182,
        0.4998066360577227,
        0.4996877137464456,
        0.49960784675975956,
        0.49964349043255035,
        0.499509089766219,
        0.4994251724249258,
        0.4993131897700861,
        0.49919051598436154,
        0.49905712526446333,
        0.498898306212867,
        0.49878718992010856,
        0.4985117540953639,
        0.49832647600874735,
        0.49801178785939565,
        0.4977268807042521,
        0.49732084158129586,
        0.4969646381303525,
        0.49618557219307263,
        0.4958826760514476,
        0.49528656342920785,
        0.4938661281864483,
        0.4920508814886355,
        0.4913767381026722,
        0.4893233908441501,
        0.48767026868491126,
        0.48535098606786026,
        0.4834190535659607,
        0.4804589149479668,
        0.47546238078476905,
        0.4718662091908744,
        0.46846698191219244,
        0.46574924776729304,
        0.4599223027404505,
        0.4557371346143107,
        0.45133632535751633,
        0.44902515278075833,
        0.44077684799322303,
        0.4403354525566101,
        0.4393672656517821,
        0.4268566154824278,
        0.42503803578047705,
        0.42427932644804445,
        0.4231471729735597,
        0.42297379934368806,
        0.4303088938466276,
        0.4171066974489072,
        0.4159574182079242,
        0.4072267765435167,
        0.40098457385937625,
        0.4176360701029293,
        0.43736775624104585,
        0.422735399807604,
        0.41093442520013634,
        0.39444149283174507,
        0.3844376296852343,
        0.3762673602317469,
        0.36435518373315706,
        0.3601215555073735,
        0.3588608007271069,
        0.3728950852974535,
        0.36528186190623446,
        0.3689924882242855,
        0.37057341744724553,
        0.3586354817445286,
        0.36029965513811324,
        0.3656910314156225,
        0.35720112281866345,
        0.3553368804363397,
        0.3432457618439159,
        0.32431608181411087,
        0.3239032516654688,
        0.34634006699434106,
        0.332550978127379,
        0.34159478745140587,
        0.3276185175290885,
        0.34320379741275653,
        0.33388293960604803,
        0.3118465245722201,
        0.3193068353893658,
        0.32298091853769445,
        0.35679069418495835,
        0.35111810947759464,
        0.3245898247145997,
        0.31854456053755154,
        0.3167005685000374,
        0.3067571519853208,
        0.29197705944125263,
        0.28777259616806106,
        0.3012646024886031,
        0.30266102729514005,
        0.2892703615343228,
        0.28715369838495225,
        0.27864447231300343,
        0.32257071856302194,
        0.3626493455502934,
        0.3744673066245862,
        0.3393034938806162,
        0.3220763909169279,
        0.30323474209148665,
        0.286560609746284,
        0.28010944260385473,
        0.2730189564224249,
        0.2705425138766773,
        0.26363027286224855,
        0.257855474329985,
        0.25450750280873846,
        0.25207670889913847,
        0.25131844145992693,
        0.2620677758043947,
        0.2961004261201182,
        0.28245123673361333,
        0.28013246127972585,
        0.2565497293735084,
        0.2602384344171792,
        0.24842147986157634,
        0.24586588463272913,
        0.2291777177264515,
        0.23956635265875928,
        0.23605246299181504,
        0.27452303869084427,
        0.3185119148070058,
        0.2735073811615618,
        0.3025927575537191,
        0.302283485286152,
        0.2709932695276821,
        0.253691875039579,
        0.25475239558532214,
        0.25340885942736374,
        0.2341757022058621,
        0.21981567744248973,
        0.2106149925972326,
        0.20534821930594338,
        0.20685312589898278,
        0.19755903852823825,
        0.20151780774227726,
        0.21037936039245167,
        0.24122706207985314,
        0.21865392307313486,
        0.19699624375984692,
        0.20028064130975035,
        0.18761448500255426,
        0.179739783604305,
        0.18957204293138302,
        0.21896461037972484,
        0.22935379213228013,
        0.20620975436303562,
        0.21907495485898404,
        0.19262217994505604,
        0.17400198789259877,
        0.16733813166808778,
        0.166203699601344,
        0.18643777615155654,
        0.16532123760103037,
        0.16341531305267407,
        0.16115279086291218,
        0.1996747143923665,
        0.23240512280989759,
        0.18735024913812218,
        0.16549655418997755,
        0.15709069656868713,
        0.14910912375671034,
        0.14408424310981274,
        0.14107464044429244,
        0.142698041832866,
        0.1614804299066242,
        0.22284730849936366,
        0.206652093143128,
        0.20462687275470637,
        0.17282319126037743,
        0.15449658847940614,
        0.14140939581603668,
        0.13630456767809657,
        0.14170326773350994,
        0.13503926821029225,
        0.1338651958888712,
        0.13607818138199493,
        0.1317815759930367,
        0.15247621537207035,
        0.22951299432938854,
        0.1818414451405644,
        0.2035808527526764,
        0.17149266238791494,
        0.14226286475079508,
        0.13877434083543266,
        0.12690137179133992,
        0.12007806045464434,
        0.11642588972569273,
        0.11338623137043688,
        0.12168695494389763,
        0.13091698084205103,
        0.14116312937138562,
        0.13802144026603944,
        0.13927636150354014,
        0.1223164631393009,
        0.11190581897767587,
        0.10896301024352399,
        0.1033088757683294,
        0.10309052829163524,
        0.11294409518424696,
        0.21764291718173712,
        0.17427930545311765,
        0.13126461186443275,
        0.12727400993767637,
        0.10811686137328133,
        0.10358439357326435,
        0.09808696213716897,
        0.0951248748948018,
        0.09463587253333662,
        0.1277063113336746,
        0.15937992130605558,
        0.12214060634755479,
        0.10290230870151672,
        0.0946251992552806,
        0.09245666575888856,
        0.09585348921366774,
        0.09250469584339344,
        0.11435468692463427,
        0.18194072124676203,
        0.1398885590961566,
        0.10633355245803491,
        0.09312031494257168,
        0.08839178359070525,
        0.08634640662053142,
        0.08610025655252103,
        0.08301558583593978,
        0.08148252035672672,
        0.08200058714745524,
        0.10240282470616288,
        0.2629847413720414,
        0.15196527785862596,
        0.10882055152433749,
        0.09432278618740197,
        0.09746459954843735,
        0.0877458308213435,
        0.08254858168264548,
        0.07915597087659013,
        0.07837173166556861,
        0.07902234111921475,
        0.08063115774633024,
        0.07671955430183929,
        0.07760764848881255,
        0.14079718070384412,
        0.18432041833671137,
        0.10714136097377862,
        0.08821727613957164,
        0.08667402114635839,
        0.07750953762485577,
        0.07419741338196273,
        0.07111580191424098,
        0.06914096855269834,
        0.06843705433673752,
        0.07163218410013202,
