{
    "train_mse": 6.525851160404272e-06,
    "train_sdr_db": 48.859952954101566,
    "train_symbol_accuracy": 1.0,
    "final_mse": 6.535454802014144e-06,
    "final_sdr_db": 48.84659873114692,
    "final_symbol_accuracy": 1.0,
    "val_symbol_accuracy": 1.0,
    "train_history": [
        0.026562735815346242,
        0.0017007111681625246,
        0.0007006084581837058,
        0.00041771779200062156,
        0.0002713012060150504,
        0.00018836468472145497,
        0.0001493997294222936,
        0.00011380584441358224,
        8.751742427120917e-05,
        7.119620867888444e-05,
        5.480013539199717e-05,
        4.5109976173262115e-05,
        4.265291984775104e-05,
        0.0005951893232020665,
        4.526474528247491e-05,
        3.229772224731278e-05,
        2.9601948651543354e-05,
        2.778446487063775e-05,
        2.6365968478785364e-05,
        2.272991905338131e-05
    ],
    "val_history": [
        0.0031903596587538247,
        0.0005883590285001057,
        0.00033954792195886726,
        0.0002729820982841331,
        0.00015511022005710632,
        0.00010302047257215553,
        8.038077367162923e-05,
        5.1032778419395316e-05,
        3.660146750108753e-05,
        2.6240529122232045e-05,
        1.810457630083889e-05,
        2.161340209625898e-05,
        1.1694969558332575e-05,
        4.02901013518521e-05,
        1.8319586709526088e-05,
        1.2273395369115787e-05,
        1.3855979627156298e-05,
        8.78308005739532e-06,
        1.4582618296983474e-05,
        6.535454802014144e-06
    ]
}