{
    "final_mse": 0.00012853213133348618,
    "final_sdr_db": 41.57760018920899,
    "final_symbol_accuracy": 0.9998699999999978,
    "train_history": [
        0.02937825394673273,
        0.0010053177972324193,
        0.0006658102836459875,
        0.000499079777568113,
        0.0004045169499586336,
        0.00035671858500572855,
        0.000317482832679525,
        0.0002921090408810414,
        0.00027920699721435086,
        0.0002607323924341472,
        0.0002491691504896153,
        0.00022823215074604377,
        0.00023249541934928857,
        0.00021027230695763136,
        0.0002123886615940137,
        0.00018866856395616195,
        0.0001942113839671947,
        0.0001892044082705979,
        0.00023048253861197737,
        0.00017464012556592934
    ],
    "val_history": [
        0.0008759613884612918,
        0.0005483421767130494,
        0.0003371271467767656,
        0.0002832257989794016,
        0.00043861212476622313,
        0.0002423916719853878,
        0.0002053197411587462,
        0.0002182482822390739,
        0.0003655209038988687,
        0.00019280210690340028,
        0.00023973713285522534,
        0.0001461004609009251,
        0.000147677115368424,
        0.00015219739351596219,
        0.000142742934753187,
        0.00018951010052114725,
        0.00015303340123500674,
        0.00014304540664306843,
        0.0001640899448248092,
        0.00012853213133348618
    ]
}