{
    "final_mse": 0.24002675712108612,
    "final_sdr_db": 3.187103748321533,
    "final_symbol_accuracy": 0.64625,
    "train_history": [
        0.5005092620849609,
        0.47870442271232605,
        0.4584656357765198,
        0.43639087677001953,
        0.4112856388092041,
        0.3843922019004822,
        0.35837414860725403,
        0.33785805106163025,
        0.32618531584739685,
        0.31926456093788147,
        0.3084067702293396,
        0.29376021027565,
        0.28156307339668274,
        0.27368009090423584,
        0.2698427140712738,
        0.2663164734840393,
        0.2616158425807953,
        0.2580413520336151,
        0.2577805519104004,
        0.25983068346977234
    ],
    "val_history": [
        0.4773654043674469,
        0.45622214674949646,
        0.43300849199295044,
        0.40663841366767883,
        0.37819549441337585,
        0.35043981671333313,
        0.3279198408126831,
        0.31466466188430786,
        0.3056827485561371,
        0.2929993271827698,
        0.276845782995224,
        0.26363644003868103,
        0.2552424669265747,
        0.2511378824710846,
        0.24692419171333313,
        0.2411644160747528,
        0.2368086576461792,
        0.23637637495994568,
        0.23879435658454895,
        0.24002675712108612
    ]
}