{
    "final_mse": 0.5601141722872853,
    "final_sdr_db": -0.4030670104548335,
    "train_history": [
        0.45903380972127944,
        0.45680464228121237,
        0.455683423116946,
        0.45570339267246257,
        0.45445953247646176,
        0.4553880574413763,
        0.45515001848482856,
        0.454850400408236,
        0.45471927761650693,
        0.4546462352664326,
        0.45456325493681543,
        0.4539071774711243,
        0.4543133937893584,
        0.45346794122705064,
        0.4544928914632279,
        0.45316857965990376,
        0.45319712504792137,
        0.45322797883052035,
        0.4526457080064109,
        0.4524899892532787,
        0.45154743015575716,
        0.45210108998865367,
        0.4514541748804025,
        0.45063970026116784,
        0.450501394728883,
        0.45014474119622105,
        0.4507615530071929,
        0.4495779428238305,
        0.44972023891564755,
        0.44996254684064335,
        0.4495188578630027,
        0.4490760050642605,
        0.44834285498427123,
        0.44768221443072675,
        0.4471808092091411,
        0.4475286184027553,
        0.4466966755283526,
        0.4472043445696846,
        0.4462061366334129,
        0.44647030365733675,
        0.4461568464486363,
        0.4444732575561292,
        0.44303399714798974,
        0.44307790758510746,
        0.4438732696798282,
        0.4452611194631924,
        0.44556887252643085,
        0.44377361680752936,
        0.44084789720587075,
        0.4413374099678125
    ],
    "val_history": [
        0.4555177837610245,
        0.45353769045323133,
        0.44981102366000414,
        0.45341469068080187,
        0.4534179326146841,
        0.45389625430107117,
        0.4534264514222741,
        0.4535946911200881,
        0.45471507403999567,
        0.4517835136502981,
        0.45221675001084805,
        0.45354369562119246,
        0.45359248761087656,
        0.45320660527795553,
        0.45464907120913267,
        0.4536608401685953,
        0.4536610320210457,
        0.4532057475298643,
        0.45289951376616955,
        0.4517880417406559,
        0.4520758893340826,
        0.45195815060287714,
        0.4514881344512105,
        0.4521904671564698,
        0.4513898016884923,
        0.45330344792455435,
        0.45115487929433584,
        0.4511614590883255,
        0.4532272908836603,
        0.45136593002825975,
        0.4523838199675083,
        0.45146961975842714,
        0.4530932614579797,
        0.45057529117912054,
        0.45155999436974525,
        0.45301530230790377,
        0.45264614559710026,
        0.4521970050409436,
        0.4531298717483878,
        0.45176537334918976,
        0.45289461500942707,
        0.45376819372177124,
        0.45538324024528265,
        0.45450881868600845,
        0.45495528168976307,
        0.4546645740047097,
        0.4537867745384574,
        0.45297932531684637,
        0.4555282089859247,
        0.4562322525307536
    ]
}