{
    "final_mse": 0.7947421840259007,
    "final_sdr_db": -1.8155577523367745,
    "final_symbol_accuracy": 0.23588749999999997,
    "train_history": [
        0.5005429604696849,
        0.5000583089533306,
        0.49992867925810436,
        0.4998187507901873,
        0.4998342938839443,
        0.49985908279343255,
        0.49978851136707125,
        0.49978038715937784,
        0.4997048657091837,
        0.49964043781870887,
        0.4995341291503301,
        0.49946196211708915,
        0.4993822063718523,
        0.49943845801883274,
        0.49919392286785064,
        0.4993000749557737,
        0.4987675003589146,
        0.4988544739428021,
        0.49832297979839263,
        0.49775773759872194,
        0.49738078836410765,
        0.49671277545747305,
        0.4959758354557885,
        0.4955743007243626,
        0.4950019835479676,
        0.4948329447753846,
        0.49277897060863557,
        0.49309284819497,
        0.4915254030908857,
        0.48899350752906195,
        0.4888925230692303,
        0.4862360003448668,
        0.4830192620792086,
        0.4798118703895145,
        0.4793806653174143,
        0.4735661858604068,
        0.46948055426279706,
        0.4668914458108327,
        0.46334225081262137,
        0.4562777512603336,
        0.45292015018917264,
        0.44430582296280635,
        0.433983040707452,
        0.429270397103022,
        0.41718007032833404,
        0.40514847068559556,
        0.3947826141402835,
        0.38723585577238173,
        0.3774795735639239,
        0.3645548967141954,
        0.3569034773205954,
        0.36859647149131414,
        0.3423820464383988,
        0.3283724732815273,
        0.3144841392834981,
        0.3171664835914733,
        0.30284426183927626,
        0.3034775368277989,
        0.2875830218905494,
        0.34104818744318827,
        0.3317586107859536,
        0.37729523863111225,
        0.37808827369932146,
        0.33969043171595015,
        0.3107371798583439,
        0.2940730239663805,
        0.2791722050261876,
        0.28634790059119936,
        0.2825988741621139,
        0.2610179498082116,
        0.2452676695963693,
        0.23966540136034525,
        0.2319559592103201,
        0.22891199517817723,
        0.22561747332413992,
        0.25024332839345176,
        0.32135612836905886,
        0.2705619254755595,
        0.24818306782888988,
        0.23209709638640993,
        0.22189728631859734,
        0.21460805360286955,
        0.2069312920646062,
        0.19894838025645603,
        0.21369467510117424,
        0.2126026295480274,
        0.19746432086778065,
        0.19007668348531875,
        0.1848085295586359,
        0.18645644329843067,
        0.17370001025616177,
        0.17269826810511332,
        0.1660868785684071,
        0.15941499575736032,
        0.15506618529085128,
        0.15528252697180187,
        0.1520771865570356,
        0.14746782633047256,
        0.14381181637919138,
        0.14006674455271828
    ],
    "val_history": [
        0.5001514085701534,
        0.5000193885394505,
        0.4995547618184771,
        0.5002361706324986,
        0.49977703179631916,
        0.49958787645612446,
        0.4996067115238735,
        0.49952220916748047,
        0.5005864415849958,
        0.5003052353858948,
        0.5000413741384234,
        0.5001460058348519,
        0.5005428322723934,
        0.5000243186950684,
        0.5009250172546932,
        0.5001545676163265,
        0.5001844976629529,
        0.49991152967725483,
        0.5006016535418374,
        0.5013186292988914,
        0.502742988722665,
        0.5012289881706238,
        0.5035142047064645,
        0.5067995658942631,
        0.5072625151702336,
        0.5039264176573072,
        0.5043911508151463,
        0.5077976201261792,
        0.5093091726303101,
        0.5139629117080143,
        0.5085301399230957,
        0.5108493992260524,
        0.5128276646137238,
        0.5159332496779305,
        0.5196579481874194,
        0.5347508532660348,
        0.5344862427030291,
        0.5291461050510406,
        0.5363838076591492,
        0.5541221584592547,
        0.5605817607470921,
        0.5572380253246852,
        0.5768669247627258,
        0.5777813707079206,
        0.5909102133342198,
        0.6024561098643711,
        0.5979369878768921,
        0.608329679284777,
        0.6385199512754168,
        0.6217231665338788,
        0.6364339079175677,
        0.6439669472830636,
        0.6547627789633614,
        0.6737619382994515,
        0.6778553639139447,
        0.6692371623856681,
        0.6762321846825736,
        0.6976601736886161,
        0.7043584755488804,
        0.6501304081508091,
        0.6906127333641052,
        0.6453162346567426,
        0.6433053953307015,
        0.6732779315539769,
        0.6921608448028564,
        0.6903409106390817,
        0.7045364890779767,
        0.7029545818056379,
        0.7088465946061271,
        0.7260869741439819,
        0.7350697602544513,
        0.7361340863364083,
        0.7401284575462341,
        0.751679505620684,
        0.7558725476264954,
        0.6810826574053083,
        0.6886436683791024,
        0.7262010404041835,
        0.7464155639920916,
        0.7449849333081927,
        0.7520511405808585,
        0.7606880749974932,
        0.7607169577053615,
        0.7595366750444684,
        0.7461639387266976,
        0.7511803337505886,
        0.7616347244807652,
        0.7595166478838239,
        0.7712987491062709,
        0.765537074634007,
        0.7742045181138175,
        0.7713138035365513,
        0.7808583804539272,
        0.7775766934667315,
        0.7888963903699603,
        0.7890789083072117,
        0.788324875491006,
        0.7938060419900077,
        0.7870719943727765,
        0.7947421840259007
    ]
}