{
    "final_mse": 0.5000075430870056,
    "final_sdr_db": -6.552546098828316e-05,
    "final_symbol_accuracy": 0.2502375000000003,
    "train_history": [
        0.5000482551574708,
        0.5000186442375183,
        0.500014079284668,
        0.5000070444583893,
        0.5000064292430878,
        0.500004676270485,
        0.5000046616077423,
        0.500004460477829,
        0.5000045516252518,
        0.5000049914598464,
        0.5000047507286072,
        0.5000053844451904,
        0.5000044415950775,
        0.5000051202774047,
        0.500004975938797,
        0.5000054979085923,
        0.500006081032753,
        0.500004507613182,
        0.5000050155639648,
        0.5000053740024567,
        0.5000035569906235,
        0.5000035723924637,
        0.5000050211429596,
        0.5000055459976196,
        0.5000051614046097,
        0.5000050436973572,
        0.5000054874658585,
        0.5000062038660049,
        0.5000043092012405,
        0.5000044820070266,
        0.5000039503574372,
        0.5000033264160156,
        0.5000045061826706,
        0.5000051804542541,
        0.5000056841135025,
        0.5000052510499954,
        0.5000039893627167,
        0.5000033847093582,
        0.5000034194946289,
        0.5000040455341339,
        0.5000039056539536,
        0.500004514169693,
        0.500004475903511,
        0.5000047590970993,
        0.5000039159536361,
        0.5000047060251236,
        0.5000055349826813,
        0.5000047946929932,
        0.5000035054683686,
        0.5000043954610824,
        0.5000037925958634,
        0.5000044852018356,
        0.500004845380783,
        0.5000047857522965,
        0.5000056663036346,
        0.5000049384593963,
        0.5000043847560882,
        0.5000039978027344,
        0.5000046653747559,
        0.5000055219650269,
        0.5000047935009002,
        0.5000047485828399,
        0.5000042702913284,
        0.5000045808315277,
        0.5000054244279861,
        0.5000045274019241,
        0.5000045224428177,
        0.500004601764679,
        0.5000040999650955,
        0.5000045011520385,
        0.500004535484314,
        0.5000060189247131,
        0.5000046180725097,
        0.5000041145801544,
        0.5000037337779999,
        0.500004650259018,
        0.5000050375461579,
        0.5000054427862167,
        0.5000037737369537,
        0.5000044220924378,
        0.5000044778823852,
        0.5000036878347397,
        0.500004571890831,
        0.5000047260999679,
        0.5000038824319839,
        0.500004087972641,
        0.5000045601367951,
        0.5000040459394455,
        0.5000043312549591,
        0.5000050324678421,
        0.5000042021989822,
        0.5000043081045151,
        0.5000050885915757,
        0.5000052393436432,
        0.5000051798582077,
        0.5000043713331223,
        0.5000042689085007,
        0.5000050863504409,
        0.5000036424398422,
        0.5000055292129516,
        0.5000048035144806,
        0.5000040016651154,
        0.500004195356369,
        0.5000040812253952,
        0.5000064088344573,
        0.5000047518253327,
        0.5000051069498063,
        0.500004349899292,
        0.5000048551082611,
        0.5000049587249756,
        0.5000046127080917,
        0.5000040906906128,
        0.5000048984289169,
        0.5000038369178772,
        0.5000046876192092,
        0.5000038994789123,
        0.5000049460172653,
        0.5000053305387497,
        0.500004847741127,
        0.5000044413805008,
        0.5000044756412506,
        0.5000043950557709,
        0.5000049211502076,
        0.5000051005125046,
        0.5000052478313446,
        0.5000052957773209,
        0.5000047353506089,
        0.5000053453207016,
        0.5000054164648056,
        0.5000055434942245,
        0.5000051388502121,
        0.5000043513536453,
        0.5000051616430282,
        0.5000046576023102,
        0.5000033469200135,
        0.5000051379680633,
        0.5000034740209579,
        0.5000045401096344,
        0.5000048506021499,
        0.5000051257133484,
        0.5000041297197342,
        0.5000042914152145,
        0.5000048054933548,
        0.5000048367500305,
        0.5000048691511154,
        0.5000038380384445,
        0.5000045050144195,
        0.500005341219902,
        0.5000051372766495,
        0.5000050663471222,
        0.5000047889471054,
        0.5000051627159119,
        0.5000041734933853,
        0.5000042340040207,
        0.5000046472072601,
        0.5000051269769669,
        0.500004983496666,
        0.500004856467247,
        0.500004558300972,
        0.5000054389715195,
        0.5000043581008912,
        0.500005117559433,
        0.5000035701036454,
        0.5000040088176727,
        0.5000050926446915,
        0.5000043578386307,
        0.5000050214052201,
        0.500003994679451,
        0.5000053223133087,
        0.5000043170213699,
        0.5000038637399673,
        0.500004181098938,
        0.5000041515350342,
        0.5000048133850098,
        0.5000052548646927,
        0.5000048220634461,
        0.5000051215171814,
        0.5000043654680252,
        0.5000050435304642,
        0.5000039144992828,
        0.5000038100242614,
        0.5000043056488037,
        0.5000041149139405,
        0.5000046135902405,
        0.5000057116508484,
        0.5000044629573822,
        0.5000044247865677,
        0.5000045414447785,
        0.5000041703701019,
        0.5000051635742188,
        0.5000040495634079,
        0.5000047070264816,
        0.5000048641681671,
        0.5000050545930862,
        0.5000040546178818,
        0.5000051965713501,
        0.5000039096117019,
        0.5000052483797074,
        0.5000037338733673,
        0.5000041664361954,
        0.5000052169561386,
        0.5000036516666412,
        0.5000051384449005,
        0.5000046881198883,
        0.5000047925710678,
        0.5000053040027619,
        0.5000046735048294,
        0.5000050968408585,
        0.5000033700466155,
        0.5000043779611587,
        0.5000047924995422,
        0.500004216504097,
        0.5000041702747345,
        0.5000044992923737,
        0.5000041469097137,
        0.5000047163009643,
        0.500004702758789,
        0.5000047362565995,
        0.500003635764122,
        0.5000053020715713,
        0.5000036533117295,
        0.5000053898572921,
        0.500003959441185,
        0.5000053011417389,
        0.5000053580999374,
        0.5000053997993469,
        0.5000050300598144,
        0.5000048755168914,
        0.5000048182487488,
        0.5000036642074585,
        0.5000052687644958,
        0.5000039437055588,
        0.5000052765130997,
        0.5000040400743484,
        0.5000047349691391,
        0.5000057569742202,
        0.5000047586917877,
        0.5000052068948746,
        0.5000039574623107,
        0.5000051988601685,
        0.5000042783498764,
        0.5000053736686707,
        0.5000046784162522,
        0.5000051970481872,
        0.5000044333696365,
        0.5000046447515488,
        0.500005259847641,
        0.5000044350624084,
        0.5000046374559403,
        0.5000042824745178,
        0.5000041471958161,
        0.5000048123121261,
        0.5000049678802491,
        0.5000051394701004,
        0.500004869389534,
        0.500004677438736,
        0.5000051495552063,
        0.5000047243356704,
        0.5000046417474747,
        0.5000040561676026,
        0.5000052276134491,
        0.5000044640302658,
        0.5000049302816391,
        0.5000043597698212,
        0.5000045988559723,
        0.5000045172691345,
        0.50000376060009,
        0.5000040451049804,
        0.5000049385786056,
        0.5000045764923096,
        0.500005013036728,
        0.500005548119545,
        0.5000054891347885,
        0.5000044926643371,
        0.5000045763254166,
        0.500003816986084,
        0.5000043333530426,
        0.500003798031807,
        0.5000044471740722,
        0.500004857134819,
        0.5000051050662995,
