{
    "trial_idx": 7,
    "trial_name": "deep_cfg_07",
    "config": {
        "name": "deep_cfg_07",
        "base_channels": 48,
        "dropout": 0.08,
        "lr": 0.0017,
        "weight_decay": 0.00015,
        "input_noise_std": 0.005,
        "receiver_drop_prob": 0.05,
        "grad_clip": 1.0,
        "scheduler_name": "plateau",
        "batch_size": 8,
        "optimizer_name": "adamw",
        "normalize_batches": false
    },
    "checkpoint_path": "C:\\Users\\battl\\Documents\\School 2026\\Jareds_Repo\\DL-AIR\\search_runs\\iqcnn_deep\\run_20260329_194847\\deep_cfg_07\\best.pt",
    "train_history": [
        0.46012371592521667,
        0.45661477904319764,
        0.45648331713676454,
        0.4546908826828003,
        0.4543300433635712,
        0.4547042500972748,
        0.4544713903427124,
        0.45417870817184447,
        0.45393767228126525,
        0.4541163480758667,
        0.45366390800476075,
        0.4534799946784973,
        0.4531868517875671,
        0.4520935621738434,
        0.4509297249317169,
        0.4508744528770447,
        0.4508827990531921,
        0.45026870303153993,
        0.45033453855514527,
        0.45014615025520327,
        0.4497051483631134,
        0.4496056556224823,
        0.450356435918808,
        0.448920986032486,
        0.44904294900894165,
        0.44917899351119994,
        0.4486486309051514,
        0.44812203683853147,
        0.4490160670757294,
        0.4486152553081513,
        0.4486384264945984,
        0.4468206489086151,
        0.44773598194122316,
        0.44759559440612795,
        0.44744870228767397,
        0.4477706980705261,
        0.44693052039146425,
        0.44600478038787844,
        0.446053028345108,
        0.4454612161159515,
        0.4450499165058136,
        0.445376251077652,
        0.44543948774337766,
        0.444548256111145,
        0.44381997981071475,
        0.44238178691864016,
        0.44141665806770325,
        0.44068645009994506,
        0.4407005970954895,
        0.4402315622806549,
        0.43900005645751955,
        0.44026045680046083,
        0.43816557502746584,
        0.43961589884757996,
        0.4376784577846527,
        0.43828162255287173,
        0.4362562495708466,
        0.43596033182144167,
        0.4355596616268158,
        0.43553499617576596,
        0.4344755207538605,
        0.43413412075042723,
        0.43509149608612063,
        0.434738143491745,
        0.4339620732784271,
        0.433495766210556,
        0.43389388785362243,
        0.43323428325653074,
        0.4333589984416962,
        0.43255128059387205,
        0.43275896520614626,
        0.4332679039955139,
        0.43292664861679075,
        0.4321012634754181
    ],
    "val_history": [
        0.4582370798739176,
        0.45179761071053764,
        0.4524362139285557,
        0.45492000475762384,
        0.45516508770367453,
        0.45606759521696305,
        0.45582662641056,
        0.4564165146577926,
        0.45488398983365014,
        0.4560675095944178,
        0.4541097851026626,
        0.4539467758602566,
        0.4541044627863263,
        0.45314021101073615,
        0.45176817216570414,
        0.45283552909654284,
        0.45284795240750386,
        0.4530523395727551,
        0.4530430521283831,
        0.4523614626082163,
        0.45228776714158436,
        0.45171879775940427,
        0.4524082134640406,
        0.4515937916816227,
        0.452114299649284,
        0.451318906886237,
        0.45315208179610117,
        0.45203304196160937,
        0.4514246668134417,
        0.45258524635481456,
        0.45182795940883574,
        0.4533193589202941,
        0.45096334862330606,
        0.4504917339673118,
        0.4504984432742709,
        0.45192071369716097,
        0.45080278175217764,
        0.4519825355401115,
        0.45240853703211226,
        0.4554690955177186,
        0.4519371361959548,
        0.45244046336128596,
        0.45312527153227067,
        0.4519278203684186,
        0.45221582811976235,
        0.4524471608419267,
        0.4546515780781943,
        0.4543860758107806,
        0.4530025053591955,
        0.4542312773447188,
        0.45359098769369577,
        0.45436946976752507,
        0.45444876617855495,
        0.45426417012063286,
        0.45500596127812826,
        0.4545609652996063,
        0.4548948932261694,
        0.4553743279169476,
        0.4552867753165109,
        0.4555993520078205,
        0.4540070697428688,
        0.4546502511652689,
        0.4562886224852668,
        0.45631090374219985,
        0.4538400594204191,
        0.45517940653695,
        0.45545893765631174,
        0.45547088318400913,
        0.45521426673919435,
        0.4552557955658625,
        0.45501263889055404,
        0.45558561171804157,
        0.4548467175355033,
        0.45521868694396245
    ],
    "best_val_pit_mse": 0.4504917339673118,
    "best_epoch": 34,
    "stopped_after_epoch": 74,
    "stop_reason": "early_stopping",
    "epoch_times_sec": [
        10.416227800073102,
        10.559410999994725,
        10.406446699984372,
        10.470582999987528,
        10.382280500140041,
        10.421511500142515,
        10.392667799955234,
        10.430728600127622,
        10.398528099991381,
        10.430891400203109,
        10.493795600021258,
        10.392610999988392,
        10.418793800054118,
        10.639414899982512,
        10.35320630017668,
        10.411596500081941,
        10.379498000023887,
        10.37787889991887,
        10.362929300172254,
        10.417545800097287,
        10.370833799941465,
        10.389269299805164,
        10.416791700059548,
        10.49313269997947,
        10.478929900098592,
        10.714969400083646,
        10.386253499891609,
        10.484870800049976,
        10.41357470001094,
        10.459467699984089,
        10.42172670015134,
        10.412684200098738,
        10.64095119992271,
        10.388461400056258,
        10.395964900031686,
        10.645592299988493,
        10.460588400019333,
        10.49450849997811,
        10.388725599972531,
        10.318575199926272,
        10.515825300011784,
        10.39290039986372,
        10.536059300182387,
        10.546906400006264,
        10.388137399917468,
        10.576021699933335,
        10.423379900166765,
        10.397871099878103,
        10.569590199971572,
        10.484242499805987,
        10.412313000066206,
        10.424629600020126,
        10.376024200115353,
        10.464046200038865,
        10.475442599970847,
        10.43731279997155,
        10.876652000006288,
        10.484409000026062,
        10.564016199903563,
        10.68533969996497,
        10.44392400002107,
        10.428322900086641,
        10.357059200061485,
        10.505098700057715,
        10.531128100119531,
        10.56780940014869,
        10.481281399959698,
        10.79867190006189,
        10.881294400198385,
        10.74530029995367,
        10.74392869998701,
        10.80479390011169,
        10.721486299997196,
        10.508073799777776
    ],
    "avg_epoch_time_sec": 10.490293390561222,
    "optimizer_name": "adamw",
    "scheduler_name": "plateau",
    "normalize_batches": false,
    "input_noise_std": 0.005,
    "receiver_drop_prob": 0.05,
    "grad_clip": 1.0,
    "weight_decay": 0.00015,
    "learning_rate": 0.0017,
    "used_amp": true,
    "best_val_pit_sdr_db": 0.47978890261479784,
    "selected_val_metrics": {
        "val_pit_mse": 0.4504917339673118,
        "val_pit_sdr_db": 0.47978890261479784
    },
    "test_metrics": {
        "val_pit_mse": 0.45000010823446607,
        "val_pit_sdr_db": 0.48806112567110665
    }
}