{
  "best_epoch": 19,
  "best_val_mse": 0.0001133636297521344,
  "stop_epoch": 20,
  "stop_reason": "fixed_budget",
  "epochs_full": [
    0,
    1,
    2,
    3,
    4,
    5,
    6,
    7,
    8,
    9,
    10,
    11,
    12,
    13,
    14,
    15,
    16,
    17,
    18,
    19,
    20
  ],
  "train_history_full": [
    0.45221763243675234,
    0.25287902235984805,
    0.22660947508811952,
    0.12440550884604454,
    0.020875420384854078,
    0.007276756600663066,
    0.004917717721499503,
    0.004685402729269117,
    0.0007675039261113853,
    0.003123769521899521,
    0.0023603941432200374,
    0.003166245271405205,
    0.0012579118615249172,
    0.0003380145464325324,
    0.0029758667324436827,
    0.00032076131247449666,
    0.0002080084177898243,
    0.0034488649483653717,
    0.0008796934162266552,
    0.0002525595955783501,
    0.0011795394662767649
  ],
  "val_history_full": [
    0.451746818565187,
    0.25043283284656587,
    0.14791544231157455,
    0.08467731423794277,
    0.008713927711286241,
    0.008756251547426458,
    0.0012811871729643336,
    0.000689937690612934,
    0.0004022583228698562,
    0.0004775074623813409,
    0.0003771416455810328,
    0.022362744258273216,
    0.00021443908224769292,
    0.0003659575766447695,
    0.0003193585947710311,
    0.000185233652166697,
    0.00019027236761296138,
    0.04519016348889896,
    0.0002569603167348615,
    0.0001133636297521344,
    0.00022040901008978605
  ],
  "sampled_epochs": [
    0,
    1,
    2,
    3,
    4,
    5,
    6,
    7,
    8,
    9,
    10,
    20
  ],
  "sampled_train_history": [
    0.45221763243675234,
    0.25287902235984805,
    0.22660947508811952,
    0.12440550884604454,
    0.020875420384854078,
    0.007276756600663066,
    0.004917717721499503,
    0.004685402729269117,
    0.0007675039261113853,
    0.003123769521899521,
    0.0023603941432200374,
    0.0011795394662767649
  ],
  "sampled_val_history": [
    0.451746818565187,
    0.25043283284656587,
    0.14791544231157455,
    0.08467731423794277,
    0.008713927711286241,
    0.008756251547426458,
    0.0012811871729643336,
    0.000689937690612934,
    0.0004022583228698562,
    0.0004775074623813409,
    0.0003771416455810328,
    0.00022040901008978605
  ],
  "final_mse": 0.0001133636297521344,
  "final_sdr_db": 36.468678005157955,
  "final_symbol_accuracy": 1.0
}