{
  "best_epoch": 20,
  "best_val_mse": 0.0006106545620169195,
  "stop_epoch": 20,
  "stop_reason": "fixed_budget",
  "epochs_full": [
    0,
    1,
    2,
    3,
    4,
    5,
    6,
    7,
    8,
    9,
    10,
    11,
    12,
    13,
    14,
    15,
    16,
    17,
    18,
    19,
    20
  ],
  "train_history_full": [
    0.6593761487960815,
    0.25292618477344514,
    0.24997941315174102,
    0.24990503685474397,
    0.24986840372085573,
    0.24982058463096618,
    0.14296430975198746,
    0.12546095938682555,
    0.09230939858555794,
    0.01782936158180237,
    0.00887118081599474,
    0.006219053016602993,
    0.0044427112452685835,
    0.003093337011709809,
    0.0025754886796697973,
    0.0021951300330460073,
    0.011943346384726465,
    0.002251729485206306,
    0.0015019881006330252,
    0.0011452563573606312,
    0.0008616496192291379
  ],
  "val_history_full": [
    0.6583363726025536,
    0.2502345996243613,
    0.2501146003367409,
    0.2500491970115238,
    0.2500551865687446,
    0.24966338915484293,
    0.12595327044763263,
    0.12504910819587253,
    0.02760554625401421,
    0.01078595926186868,
    0.00893573412701251,
    0.0057163166532677315,
    0.00396551868863522,
    0.002748152832426722,
    0.0020571945527095405,
    0.0018784534481782762,
    0.0042547450386106024,
    0.001485731393571884,
    0.00120033803100269,
    0.0008775585650702909,
    0.0006106545620169195
  ],
  "sampled_epochs": [
    0,
    1,
    2,
    3,
    4,
    5,
    6,
    7,
    8,
    9,
    10,
    20
  ],
  "sampled_train_history": [
    0.6593761487960815,
    0.25292618477344514,
    0.24997941315174102,
    0.24990503685474397,
    0.24986840372085573,
    0.24982058463096618,
    0.14296430975198746,
    0.12546095938682555,
    0.09230939858555794,
    0.01782936158180237,
    0.00887118081599474,
    0.0008616496192291379
  ],
  "sampled_val_history": [
    0.6583363726025536,
    0.2502345996243613,
    0.2501146003367409,
    0.2500491970115238,
    0.2500551865687446,
    0.24966338915484293,
    0.12595327044763263,
    0.12504910819587253,
    0.02760554625401421,
    0.01078595926186868,
    0.00893573412701251,
    0.0006106545620169195
  ],
  "final_mse": 0.0006106545620169195,
  "final_sdr_db": 29.360145720224534,
  "final_symbol_accuracy": 0.999834999999998
}