{
  "best_epoch": 19,
  "best_val_mse": 0.0001335047450589223,
  "stop_epoch": 20,
  "stop_reason": "fixed_budget",
  "epochs_full": [
    0,
    1,
    2,
    3,
    4,
    5,
    6,
    7,
    8,
    9,
    10,
    11,
    12,
    13,
    14,
    15,
    16,
    17,
    18,
    19,
    20
  ],
  "train_history_full": [
    0.5009391978263855,
    0.25298199732303617,
    0.24785237624645234,
    0.06408424747437239,
    0.005903031044453382,
    0.024203237765282392,
    0.011577260640263558,
    0.00943281771503389,
    0.0027100814094766974,
    0.01523315508691594,
    0.0011471294077113271,
    0.006716678641922772,
    0.0009545230930205435,
    0.004047948081186041,
    0.009825811136839911,
    0.01137552169840783,
    0.0040043646097183225,
    0.001749316977756098,
    0.005045262036984787,
    0.00041065465658903123,
    0.011202190470905043
  ],
  "val_history_full": [
    0.5009505256773934,
    0.2501323296437188,
    0.2152787364191479,
    0.0032779888050364597,
    0.0013065608015047415,
    0.010581476613879204,
    0.0015999524399549479,
    0.012468264098205263,
    0.0006324824043697426,
    0.0007528353811404299,
    0.00039257498879340433,
    0.00043487166228245883,
    0.1491265675378224,
    0.00020869891621201993,
    0.0003692459034186507,
    0.00035147669231740846,
    0.039543813833641625,
    0.00022793338552767794,
    0.0003645010837649424,
    0.0001335047450589223,
    0.0011919103156302184
  ],
  "sampled_epochs": [
    0,
    1,
    2,
    3,
    4,
    5,
    6,
    7,
    8,
    9,
    10,
    20
  ],
  "sampled_train_history": [
    0.5009391978263855,
    0.25298199732303617,
    0.24785237624645234,
    0.06408424747437239,
    0.005903031044453382,
    0.024203237765282392,
    0.011577260640263558,
    0.00943281771503389,
    0.0027100814094766974,
    0.01523315508691594,
    0.0011471294077113271,
    0.011202190470905043
  ],
  "sampled_val_history": [
    0.5009505256773934,
    0.2501323296437188,
    0.2152787364191479,
    0.0032779888050364597,
    0.0013065608015047415,
    0.010581476613879204,
    0.0015999524399549479,
    0.012468264098205263,
    0.0006324824043697426,
    0.0007528353811404299,
    0.00039257498879340433,
    0.0011919103156302184
  ],
  "final_mse": 0.0001335047450589223,
  "final_sdr_db": 35.912849002414276,
  "final_symbol_accuracy": 0.9999924999999998
}