{
    "trial_idx": 5,
    "trial_name": "deep_cfg_05",
    "config": {
        "name": "deep_cfg_05",
        "base_channels": 48,
        "dropout": 0.08,
        "lr": 0.0017,
        "weight_decay": 0.0002,
        "input_noise_std": 0.0025,
        "receiver_drop_prob": 0.1,
        "grad_clip": 2.0,
        "scheduler_name": "plateau",
        "batch_size": 8,
        "optimizer_name": "adamw",
        "normalize_batches": false
    },
    "checkpoint_path": "C:\\Users\\battl\\Documents\\School 2026\\Jareds_Repo\\DL-AIR\\search_runs\\iqcnn_deep\\run_20260329_194847\\deep_cfg_05\\best.pt",
    "train_history": [
        0.46051137318611146,
        0.45577493271827696,
        0.45714199466705324,
        0.4561410160064697,
        0.45468424592018125,
        0.4553516860961914,
        0.45617622842788697,
        0.4551887041091919,
        0.4543563681602478,
        0.454313356590271,
        0.45464887766838075,
        0.4545330898761749,
        0.45482707228660585,
        0.45374554233551023,
        0.45408213658332824,
        0.45356967515945434,
        0.4532597008228302,
        0.45352625727653506,
        0.45240643796920776,
        0.452948061466217,
        0.45179509296417236,
        0.45179941477775576,
        0.4524173580646515,
        0.45207295422554017,
        0.4510248091220856,
        0.45284808707237245,
        0.4512181344985962,
        0.45099372382164,
        0.4525775608539581,
        0.451490261220932,
        0.45128743686676026,
        0.45137972354888917,
        0.4509472695827484,
        0.4507200330734253,
        0.4511883065700531,
        0.4504020859718323,
        0.45041430540084837,
        0.4506170338153839,
        0.4501258453369141,
        0.4502226805686951,
        0.45038020691871644,
        0.4500891890525818,
        0.4501728150844574,
        0.4495302869319916,
        0.45133757514953615,
        0.4502434377670288,
        0.4493155630111694,
        0.4501560853481293,
        0.4497312765598297,
        0.45006620411872866,
        0.4499070861339569,
        0.44975421781539915,
        0.4494504002094269,
        0.4483366620063782,
        0.4482188992023468,
        0.4485510501861572,
        0.4484546221256256,
        0.44885854578018186,
        0.4485804990768433,
        0.4476917241573334,
        0.4474308059692383,
        0.4485377359867096,
        0.44614085540771486,
        0.44690196752548217,
        0.44733476290702817,
        0.4468064615249634,
        0.44697978343963624,
        0.44610733160972593,
        0.44616705689430236,
        0.44604282751083374,
        0.44569582715034484,
        0.44603832745552063,
        0.44554339985847474,
        0.44677342309951784,
        0.44539403820037843,
        0.44505836162567136,
        0.44528790311813354,
        0.44561251726150514,
        0.44531035828590393,
        0.4447270872592926,
        0.44503634386062624
    ],
    "val_history": [
        0.45527833700180054,
        0.45201945541396976,
        0.45404180364003255,
        0.4535328258597662,
        0.4526574919148097,
        0.4528729972385225,
        0.4547297798451923,
        0.4510572879087357,
        0.4517297801517305,
        0.45283509530718363,
        0.450952263578536,
        0.45140154163042706,
        0.45167431519145057,
        0.4514508616356623,
        0.4504915343390571,
        0.451036922042332,
        0.45078319784194704,
        0.448742617690374,
        0.44927061692116754,
        0.4487119217713674,
        0.4487256696299901,
        0.4492827634962778,
        0.44889151293133933,
        0.4491398958932786,
        0.44807146749799215,
        0.44840581786064876,
        0.44850991216916886,
        0.4553112302507673,
        0.44771157465283834,
        0.44844697865228805,
        0.44797380244921126,
        0.44798421528604293,
        0.4480221451274932,
        0.44743421531858896,
        0.448822642129565,
        0.4477747513188256,
        0.4480749737648737,
        0.4514131153386737,
        0.448727523050611,
        0.44837149646547103,
        0.44705091487793697,
        0.44832233682511347,
        0.448170601848572,
        0.44956088444543263,
        0.4478772925952124,
        0.4494084432011559,
        0.45047731248159256,
        0.44971408352019293,
        0.45015511389762636,
        0.4482720257743957,
        0.4486658956323351,
        0.4509502923677838,
        0.44763538761744426,
        0.44902759364673067,
        0.4493490533223228,
        0.4479838836760748,
        0.44899926441056387,
        0.44939198900782873,
        0.4492263212090447,
        0.4497112887246268,
        0.4483875130850171,
        0.4493054227223472,
        0.44959440969285513,
        0.4503015852163708,
        0.4494997967803289,
        0.449174926394508,
        0.4494031521063002,
        0.44954950137743876,
        0.44930987745996503,
        0.44879936651578023,
        0.44949249946881853,
        0.44900488285791307,
        0.448770612951309,
        0.4494129882918464,
        0.44936487078666687,
        0.449605378366652,
        0.4497459071969229,
        0.4499636183655451,
        0.4503779434968555,
        0.450088232755661,
        0.4500728698949965
    ],
    "best_val_pit_mse": 0.44705091487793697,
    "best_epoch": 41,
    "stopped_after_epoch": 81,
    "stop_reason": "early_stopping",
    "epoch_times_sec": [
        10.477741899900138,
        10.428050500107929,
        10.55125020002015,
        10.491508399834856,
        10.555452400119975,
        10.546221199911088,
        10.527184700127691,
        10.496445000171661,
        10.534333900082856,
        10.784379799850285,
        11.069947500014678,
        10.805145799880847,
        10.622998400125653,
        10.510499000083655,
        10.556780299870297,
        10.631954099982977,
        10.61591779999435,
        10.502362200058997,
        10.572956099873409,
        10.512273499974981,
        10.62625139998272,
        10.559113099938259,
        10.54328879993409,
        10.608994100010023,
        10.728377599967644,
        10.544038199819624,
        10.491077899932861,
        10.466952599817887,
        10.579958999995142,
        10.508507499936968,
        10.533464699983597,
        10.780427899910137,
        10.48188540013507,
        10.526324599981308,
        10.671420300146565,
        10.453842099988833,
        10.575617599999532,
        10.62742940010503,
        10.579154300037771,
        10.4222471001558,
        10.528353499947116,
        10.464849899988621,
        10.537185299908742,
        10.393677299842238,
        10.64458670001477,
        10.793735299957916,
        10.311564799863845,
        10.419983600033447,
        10.39993970002979,
        10.522915299981833,
        10.36791789997369,
        10.482569999992847,
        10.343720899894834,
        10.475127399899065,
        10.421336899977177,
        9.98928610002622,
        10.258787400089204,
        10.741472600027919,
        10.522241000086069,
        10.385593800107017,
        10.411625999957323,
        10.39971759985201,
        10.378286899998784,
        10.424563100095838,
        10.54148339992389,
        10.446867699967697,
        10.431289700092748,
        10.428714800160378,
        10.469105000142008,
        10.436060900101438,
        10.444035300053656,
        10.41870760009624,
        10.389414599863812,
        10.381761899916455,
        10.454289600020275,
        10.440611799946055,
        10.395063299918547,
        10.538308099843562,
        10.40169580001384,
        10.526323199970648,
        10.49375219992362
    ],
    "avg_epoch_time_sec": 10.510596298756377,
    "optimizer_name": "adamw",
    "scheduler_name": "plateau",
    "normalize_batches": false,
    "input_noise_std": 0.0025,
    "receiver_drop_prob": 0.1,
    "grad_clip": 2.0,
    "weight_decay": 0.0002,
    "learning_rate": 0.0017,
    "used_amp": true,