{
  "data_root": "C:\\Users\\battl\\Documents\\School 2026\\Jareds_Repo\\DL-AIR\\data",
  "train_examples": 10000,
  "val_examples": 1000,
  "in_ch": 2,
  "device": "cuda",
  "results": {
    "IQ_CNN": {
      "train_history": [
        0.2565400656134176,
        0.24995751193346688,
        0.24988237404213925,
        0.24981894113194827,
        0.24981358885384217,
        0.24981135125167833,
        0.2497762846775329,
        0.24976912145607008,
        0.2497697871047468,
        0.24975493283698352,
        0.24976073595852896,
        0.2497499137640761,
        0.24970987696236316,
        0.24969170397272505,
        0.24968767361328625,
        0.2496729118469805,
        0.24964435631855608,
        0.24958986248642492,
        0.24944661633846477,
        0.24933467419764485
      ],
      "val_history": [
        0.2504614805802703,
        0.250339447055012,
        0.25024412805214524,
        0.25028266850858927,
        0.25029356870800257,
        0.25020116614177823,
        0.2502343049272895,
        0.2502089338377118,
        0.2502015791833401,
        0.25018872506916523,
        0.2502420134842396,
        0.25020204624161124,
        0.2502133185043931,
        0.25018580397590995,
        0.2502339603379369,
        0.25020534452050924,
        0.250184774864465,
        0.250183523632586,
        0.2502385932020843,
        0.25027206633239985
      ],
      "training_metadata": {
        "best_epoch": 18,
        "best_val_pit_mse": 0.250183523632586
      },
      "train_metrics": {
        "pit_mse": 0.24954798503424794,
        "aligned_mse": 0.24954798451056495,
        "sdr_db": 3.0209108602505523
      },
      "val_metrics": {
        "pit_mse": 0.250183523632586,
        "aligned_mse": 0.25018352176994085,
        "sdr_db": 3.009829841554165
      }
    },
    "Hybrid": {
      "train_history": [
        0.2559878228190608,
        0.25024713966221857,
        0.25007983499441666,
        0.24995793130831978,
        0.2499377901752155,
        0.24986274092913435,
        0.24986475772751024,
        0.2498252199480709,
        0.24983745165907156,
        0.2498089614005896,
        0.24981722835534678,
        0.24981254210677772,
        0.24979656806197792,
        0.24967111666172076,
        0.24966605517049187,
        0.2496715003785234,
        0.24967244634041771,
        0.2496501102139013,
        0.24963458010944695,
        0.2495349520406784
      ],
      "val_history": [
        0.25090953009203076,
        0.2509119384922087,
        0.2503683618269861,
        0.2504843710921705,
        0.2502993489615619,
        0.2503621708601713,
        0.2501930585131049,
        0.2503437134437263,
        0.2503755856305361,
        0.25026166485622525,
        0.2505490076728165,
        0.25049082422629,
        0.2502841060049832,
        0.250173716340214,
        0.25024321349337697,
        0.2503370656631887,
        0.25024344492703676,
        0.250214503146708,
        0.2502894997596741,
        0.25020755361765623
      ],
      "training_metadata": {
        "best_epoch": 14,
        "best_val_pit_mse": 0.250173716340214
      },
      "train_metrics": {
        "pit_mse": 0.24960280440676327,
        "aligned_mse": 0.24960280569216695,
        "sdr_db": 3.0199271017750995
      },
      "val_metrics": {
        "pit_mse": 0.250173716340214,
        "aligned_mse": 0.2501737168058753,
        "sdr_db": 3.0099706053733826
      }
    },
    "LSTM": {
      "train_history": [
        0.25579155081758104,
        0.25000010483181134,
        0.24988764043623646,
        0.24984209615582476,
        0.24981226769689555,
        0.2498052044988821,
        0.24977837945706546,
        0.2497633808908371,
        0.2497509696993965,
        0.24974893195370135,
        0.2497386017356056,
        0.24970354373081804,
        0.2496992919010857,
        0.24969658817346105,
        0.2496926087064865,
        0.2496936833991791,
        0.24969044356300427,
        0.24969402902994675,
        0.24968165530564304,
        0.24968736464032731
      ],
      "val_history": [
        0.25016885297372937,
        0.25017788307741284,
        0.25015218276530504,
        0.2501621008850634,
        0.250143323559314,
        0.2501265974715352,
        0.2501299693249166,
        0.2501402646303177,
        0.25016250647604465,
        0.2501281159929931,
        0.25013076001778245,
        0.2501233913935721,
        0.2501338329166174,
        0.2501167035661638,
        0.2501064785756171,
        0.2501106783747673,
        0.25010113837197423,
        0.25011460203677416,
        0.2501220703125,
        0.25010295771062374
      ],
      "training_metadata": {
        "best_epoch": 17,
        "best_val_pit_mse": 0.25010113837197423
      },
      "train_metrics": {
        "pit_mse": 0.24963715710579015,
        "aligned_mse": 0.24963715796272595,
        "sdr_db": 3.0193378323564133
      },
      "val_metrics": {
        "pit_mse": 0.25010113837197423,
        "aligned_mse": 0.2501011388376355,
        "sdr_db": 3.0112482234835625
      }
    }
  }
}