{
    "trial_idx": 30,
    "config": {
        "base_channels": 40,
        "dropout": 0.05,
        "lr": 0.0018609699509128772,
        "weight_decay": 3.6575496649702336e-05,
        "input_noise_std": 0.02,
        "receiver_drop_prob": 0.0,
        "grad_clip": 2.0,
        "scheduler_name": "plateau",
        "batch_size": 8,
        "optimizer_name": "adamw",
        "normalize_batches": false
    },
    "num_folds": 5,
    "mean_val_pit_mse": 0.4528264044851496,
    "mean_val_pit_sdr_db": 0.4588229073913417,
    "fold_summaries": [
        {
            "fold_idx": 1,
            "checkpoint_path": "C:\\Users\\battl\\Documents\\School 2026\\Jareds_Repo\\DL-AIR\\search_runs\\iqcnn_cv\\run_20260328_215540\\trial_030\\fold_01_best.pt",
            "train_history": [
                0.4607742770151658,
                0.4563232653249394,
                0.4560868574814363,
                0.45438262126662515,
                0.4546322056922046,
                0.4555974573438818,
                0.45658862569115377,
                0.455002972537821,
                0.45467083156108856,
                0.4537031660838561,
                0.4536303834481673,
                0.4532564420591701,
                0.4529304204745726,
                0.4527426024458625,
                0.4520688139850443
            ],
            "val_history": [
                0.45555246934510657,
                0.4561049242814382,
                0.4535597767950832,
                0.45386225589807483,
                0.4542313799046088,
                0.4543267503596734,
                0.45500368851682416,
                0.4542366907648418,
                0.4541731336410495,
                0.45513133553491125,
                0.45460543252419733,
                0.4543018757865049,
                0.45469786010790564,
                0.4544854714818623,
                0.4538849054471306
            ],
            "best_val_pit_mse": 0.4535597767950832,
            "best_epoch": 3,
            "stopped_after_epoch": 15,
            "stop_reason": "early_stopping",
            "epoch_times_sec": [
                9.895316399866715,
                5.979646699968725,
                5.838811699999496,
                6.01542149996385,
                5.876828700071201,
                5.9020084999501705,
                5.971455399878323,
                5.934940399834886,
                5.9782118001021445,
                5.961263700155541,
                6.032531199976802,
                5.951469299849123,
                5.865508900023997,
                5.905632099835202,
                5.905970900086686
            ],
            "avg_epoch_time_sec": 6.201001146637524,
            "optimizer_name": "adamw",
            "scheduler_name": "plateau",
            "normalize_batches": false,
            "input_noise_std": 0.02,
            "receiver_drop_prob": 0.0,
            "grad_clip": 2.0,
            "weight_decay": 3.6575496649702336e-05,
            "learning_rate": 0.0018609699509128772,
            "used_amp": true,
            "val_pit_mse": 0.4535597767950832,
            "val_pit_sdr_db": 0.4579943445227716
        },
        {
            "fold_idx": 2,
            "checkpoint_path": "C:\\Users\\battl\\Documents\\School 2026\\Jareds_Repo\\DL-AIR\\search_runs\\iqcnn_cv\\run_20260328_215540\\trial_030\\fold_02_best.pt",
            "train_history": [
                0.4606067833033475,
                0.4584997151656584,
                0.4546946315873753,
                0.45440351589159533,
                0.45386152587153694,
                0.4535466650941155,
                0.45344657534902744,
                0.4541713634404269,
                0.4539422522349791,
                0.4535117655450647,
                0.4537022693048824,
                0.45323890924453736,
                0.4529651399092241,
                0.4526218473369425,
                0.45194599893960086,
                0.45180707557634875,
                0.4515130354057659,
                0.4509358131343668,
                0.4512780340693214,
                0.45087891735813834,
                0.4502030705321919,
                0.45009034487334165,
                0.45065178139643236,
                0.4497065421126106,
                0.448853003653613,
                0.44809988336129625,
                0.4473920666629618,
                0.447328995032744,
                0.4469377934932709
            ],
            "val_history": [
                0.45579706326774927,
                0.45592313918514527,
                0.4600063378828159,
                0.45594595890978107,
                0.456365335246791,
                0.45565783005693683,
                0.4548871100380801,
                0.45525108256201813,
                0.4532186812248783,
                0.4534605616244717,
                0.45494737011798914,
                0.45537174071954645,
                0.4528413460306499,
                0.45372760079909064,
                0.4523557815430821,
                0.4517977950365647,
                0.45121064803738525,
                0.45371927990429645,
                0.45197150175986084,
                0.45163505146468896,
                0.4517568827107333,
                0.4526670404534409,
                0.45340523965980695,
                0.452405438259028,
                0.451847230826599,
                0.4518628671117451,
                0.4523646898459697,
                0.452009470998377,
                0.4542767941087916
            ],
            "best_val_pit_mse": 0.45121064803738525,
            "best_epoch": 17,
            "stopped_after_epoch": 29,
            "stop_reason": "early_stopping",
            "epoch_times_sec": [
                9.95269210007973,
                5.870249700034037,
                5.992720100097358,
                5.990131800062954,
                6.009921600110829,
                5.9041820000857115,
                5.923113900003955,
                5.906914199935272,
                5.957859200192615,
                5.907572099938989,
                5.895238900091499,
                5.963195600081235,
                5.944305200129747,
                6.007824600208551,
                5.9165993998758495,
                5.937675000168383,
                5.961654300102964,
                5.842962099937722,
                6.00739309983328,
                5.92126249987632,
                5.970496299909428,
                6.015564800007269,
                5.943435000022873,
                5.978841800009832,
                5.798644799971953,
                5.904187300009653,
                6.220493400003761,
                6.0288567000534385,
                5.468869100091979
            ],
            "avg_epoch_time_sec": 6.073891606928524,
            "optimizer_name": "adamw",
            "scheduler_name": "plateau",
            "normalize_batches": false,
            "input_noise_std": 0.02,
            "receiver_drop_prob": 0.0,
            "grad_clip": 2.0,
            "weight_decay": 3.6575496649702336e-05,
            "learning_rate": 0.0018609699509128772,
            "used_amp": true,
            "val_pit_mse": 0.45121064803738525,
            "val_pit_sdr_db": 0.4702002482785695
        },
        {
            "fold_idx": 3,
            "checkpoint_path": "C:\\Users\\battl\\Documents\\School 2026\\Jareds_Repo\\DL-AIR\\search_runs\\iqcnn_cv\\run_20260328_215540\\trial_030\\fold_03_best.pt",