{
    "device": "cuda",
    "train_history": [
        0.06406722296378575,
        0.0034325070009799674,
        0.001870775333372876,
        0.0014719789469381794,
        0.001346002085483633,
        0.001210703980177641,
        0.0011301618797006086,
        0.0010622350746416487,
        0.001018503084196709,
        0.0009985898432205431,
        0.0009666095684224274,
        0.0009332919289590791,
        0.0009027177729876712,
        0.0008741797028051224,
        0.0008392900781473145,
        0.0008225302335631568,
        0.0008447436666756403,
        0.0008790811261860654,
        0.0008196691014745738,
        0.0008091698764474131,
        0.0008211380445573013,
        0.0007670521445106715,
        0.0007967841629579198,
        0.0007572849644930102,
        0.0007370030944002792,
        0.0007166233554016799,
        0.0006979331665206701,
        0.0007001977792242542,
        0.0007026595776551403,
        0.0007350110827246681,
        0.000702321995049715,
        0.0007026762377790874,
        0.0006913019351486582,
        0.0006984095416555647,
        0.0006845672469353303,
        0.0006769536703359336,
        0.0006803916512581054,
        0.0006749063795723487,
        0.0006614133380935527,
        0.000671819287163089
    ],
    "val_history": [
        0.004847807344049215,
        0.0021488238126039505,
        0.0014938332315068692,
        0.0012204185186419636,
        0.0011296638695057482,
        0.001033237698720768,
        0.0010178113880101591,
        0.0009151456906693056,
        0.0009181833011098206,
        0.000878293372807093,
        0.0008390542352572083,
        0.0008094196527963504,
        0.0008379361825063825,
        0.0008038513333303854,
        0.0007577882934128866,
        0.0007406048243865371,
        0.0007901851931819692,
        0.0008618178690085188,
        0.0007396047440124676,
        0.0008005813870113343,
        0.0007349359948420897,
        0.0008127152541419491,
        0.0007245361048262566,
        0.0007015753071755171,
        0.0006863942253403366,
        0.0006350698240566999,
        0.0006179343472467735,
        0.0006546530203195289,
        0.0006851273647043854,
        0.0006429118220694363,
        0.0006249875877983868,
        0.0006976701261010021,
        0.0006342864944599569,
        0.0006223059608601034,
        0.0006287130527198315,
        0.0006282315007410944,
        0.0006576217128895223,
        0.0005980557616567239,
        0.000633078656392172,
        0.0006852956576040015
    ],
    "metadata": {
        "best_val_pit_mse": 0.0005980557616567239,
        "best_epoch": 38,
        "learning_rate": 0.001,
        "final_learning_rate": 0.001,
        "weight_decay": 0.0,
        "grad_clip": 1.0,
        "epochs": 40,
        "normalize_inputs": false
    },
    "val_metrics": {
        "pit_mse": 0.0005980557616567239,
        "aligned_mse": 0.0005980557762086391,
        "sdr_db": 27.538230419158936
    },
    "test_metrics": {
        "pit_mse": 0.0005654202541336417,
        "aligned_mse": 0.0005654202395817265,
        "sdr_db": 27.847249031066895
    },
    "checkpoint_path": "C:\\Users\\battl\\Documents\\School 2026\\Jareds_Repo\\DL-AIR\\experiments\\simple_wave_separation\\outputs\\simple_iqcnn_best.pt",
    "artifacts": {
        "sources_plot": "C:\\Users\\battl\\Documents\\School 2026\\Jareds_Repo\\DL-AIR\\experiments\\simple_wave_separation\\outputs\\01_sources.png",
        "mixture_plot": "C:\\Users\\battl\\Documents\\School 2026\\Jareds_Repo\\DL-AIR\\experiments\\simple_wave_separation\\outputs\\02_mixture.png",
        "outputs_plot": "C:\\Users\\battl\\Documents\\School 2026\\Jareds_Repo\\DL-AIR\\experiments\\simple_wave_separation\\outputs\\03_outputs.png"
    }
}