{
  "best_epoch": 19,
  "best_val_mse": 9.644113870019774e-05,
  "stop_epoch": 20,
  "stop_reason": "fixed_budget",
  "epochs_full": [
    0,
    1,
    2,
    3,
    4,
    5,
    6,
    7,
    8,
    9,
    10,
    11,
    12,
    13,
    14,
    15,
    16,
    17,
    18,
    19,
    20
  ],
  "train_history_full": [
    0.5507353099822998,
    0.25303510546684266,
    0.2501316965341568,
    0.19222362518310546,
    0.010210167967900634,
    0.003933751791715622,
    0.001054810507874936,
    0.0047851090881507845,
    0.0013095516481436789,
    0.0014504030687035993,
    0.002754482865729369,
    0.00032513081720098855,
    0.00027524425126612185,
    0.0002445925297215581,
    0.004226283078663982,
    0.00025840809887740763,
    0.00019872840906027704,
    0.0013109383973758668,
    0.0003864952632342465,
    0.00017556886831298472,
    0.00017363601020770148
  ],
  "val_history_full": [
    0.5505392664954776,
    0.2507614266304743,
    0.2504454044595597,
    0.022562335260094157,
    0.0013499403804806726,
    0.0006097079955026625,
    0.0012338801142981364,
    0.0003721752903416812,
    0.004795774237237989,
    0.0002347298623857251,
    0.0004276513183925537,
    0.00018245945795483532,
    0.0002875603418538554,
    0.00019248535289310864,
    0.00042408934539361366,
    0.00020311376064210124,
    0.00020852052613109764,
    0.00024197795446814289,
    0.00013242147254040614,
    9.644113870019774e-05,
    0.00029889124007673846
  ],
  "sampled_epochs": [
    0,
    1,
    2,
    3,
    4,
    5,
    6,
    7,
    8,
    9,
    10,
    20
  ],
  "sampled_train_history": [
    0.5507353099822998,
    0.25303510546684266,
    0.2501316965341568,
    0.19222362518310546,
    0.010210167967900634,
    0.003933751791715622,
    0.001054810507874936,
    0.0047851090881507845,
    0.0013095516481436789,
    0.0014504030687035993,
    0.002754482865729369,
    0.00017363601020770148
  ],
  "sampled_val_history": [
    0.5505392664954776,
    0.2507614266304743,
    0.2504454044595597,
    0.022562335260094157,
    0.0013499403804806726,
    0.0006097079955026625,
    0.0012338801142981364,
    0.0003721752903416812,
    0.004795774237237989,
    0.0002347298623857251,
    0.0004276513183925537,
    0.00029889124007673846
  ],
  "final_mse": 9.644113870019774e-05,
  "final_sdr_db": 37.159068819076296,
  "final_symbol_accuracy": 1.0
}