{
  "best_epoch": 20,
  "best_val_mse": 0.0003755624731263471,
  "stop_epoch": 20,
  "stop_reason": "fixed_budget",
  "epochs_full": [
    0,
    1,
    2,
    3,
    4,
    5,
    6,
    7,
    8,
    9,
    10,
    11,
    12,
    13,
    14,
    15,
    16,
    17,
    18,
    19,
    20
  ],
  "train_history_full": [
    0.70977339220047,
    0.2528455839395523,
    0.24982690262794494,
    0.09987305571734906,
    0.011066478569805622,
    0.007995122435688973,
    0.006288076217472553,
    0.004039877804741263,
    0.001926138705201447,
    0.04532791403690353,
    0.006540727243199944,
    0.0026009950656443836,
    0.0016660778054967522,
    0.00262558384751901,
    0.0009933692154474557,
    0.0006949708161875605,
    0.0005202956538181752,
    0.01603299734131433,
    0.024587055641971528,
    0.0010125605972483753,
    0.00048533448735252024
  ],
  "val_history_full": [
    0.7096356948216757,
    0.25050147161597297,
    0.2500645858900888,
    0.017699959436579357,
    0.009793667536642816,
    0.00763727564896856,
    0.006700409073678274,
    0.0024400825560506848,
    0.001248410387363817,
    0.016235611741504972,
    0.0032797013889879936,
    0.002264675802536427,
    0.0011737819923649704,
    0.001257727652536853,
    0.0007404587554952337,
    0.0005868111546742656,
    0.0004402813945142996,
    0.240920138737512,
    0.0016293826139724208,
    0.0006583533212838192,
    0.0003755624731263471
  ],
  "sampled_epochs": [
    0,
    1,
    2,
    3,
    4,
    5,
    6,
    7,
    8,
    9,
    10,
    20
  ],
  "sampled_train_history": [
    0.70977339220047,
    0.2528455839395523,
    0.24982690262794494,
    0.09987305571734906,
    0.011066478569805622,
    0.007995122435688973,
    0.006288076217472553,
    0.004039877804741263,
    0.001926138705201447,
    0.04532791403690353,
    0.006540727243199944,
    0.00048533448735252024
  ],
  "sampled_val_history": [
    0.7096356948216757,
    0.25050147161597297,
    0.2500645858900888,
    0.017699959436579357,
    0.009793667536642816,
    0.00763727564896856,
    0.006700409073678274,
    0.0024400825560506848,
    0.001248410387363817,
    0.016235611741504972,
    0.0032797013889879936,
    0.0003755624731263471
  ],
  "final_mse": 0.0003755624731263471,
  "final_sdr_db": 31.30917461334713,
  "final_symbol_accuracy": 1.0
}