{
  "best_epoch": 20,
  "best_val_mse": 6.953209462124736e-05,
  "stop_epoch": 20,
  "stop_reason": "fixed_budget",
  "epochs_full": [
    0,
    1,
    2,
    3,
    4,
    5,
    6,
    7,
    8,
    9,
    10,
    11,
    12,
    13,
    14,
    15,
    16,
    17,
    18,
    19,
    20
  ],
  "train_history_full": [
    0.5022583433151245,
    0.24775878434181214,
    0.03416428819522262,
    0.002863084520585835,
    0.023332559709995985,
    0.019651700306124984,
    0.004186276945099234,
    0.0013789748192764818,
    0.02117380105210468,
    0.0011257263285107911,
    0.0006136317591648549,
    0.005856899717124179,
    0.00045209122197702525,
    0.008352219157479704,
    0.004308312821015715,
    0.0022260573788546027,
    0.00034244233465287836,
    0.004527091610082425,
    0.00031305060896556823,
    0.0020124064372619615,
    0.00024935532624367627
  ],
  "val_history_full": [
    0.5022739966710409,
    0.16747883742763883,
    0.00273539568297565,
    0.0011239900098492701,
    0.0011089392290968034,
    0.005950120802495688,
    0.0009379447945984938,
    0.0004940183180946089,
    0.0009842742870133075,
    0.0003448550618024513,
    0.00022164233110194643,
    0.0003326556655497009,
    0.00016187298035855212,
    0.10590408245722453,
    0.0002827951028603055,
    0.00017244235445220497,
    0.00011989413501901759,
    0.00018918518224612824,
    9.555280329160658e-05,
    0.0001528309909940978,
    6.953209462124736e-05
  ],
  "sampled_epochs": [
    0,
    1,
    2,
    3,
    4,
    5,
    6,
    7,
    8,
    9,
    10,
    20
  ],
  "sampled_train_history": [
    0.5022583433151245,
    0.24775878434181214,
    0.03416428819522262,
    0.002863084520585835,
    0.023332559709995985,
    0.019651700306124984,
    0.004186276945099234,
    0.0013789748192764818,
    0.02117380105210468,
    0.0011257263285107911,
    0.0006136317591648549,
    0.00024935532624367627
  ],
  "sampled_val_history": [
    0.5022739966710409,
    0.16747883742763883,
    0.00273539568297565,
    0.0011239900098492701,
    0.0011089392290968034,
    0.005950120802495688,
    0.0009379447945984938,
    0.0004940183180946089,
    0.0009842742870133075,
    0.0003448550618024513,
    0.00022164233110194643,
    6.953209462124736e-05
  ],
  "final_mse": 6.953209462124736e-05,
  "final_sdr_db": 38.712577395968964,
  "final_symbol_accuracy": 0.9999975
}