{
  "best_epoch": 15,
  "best_val_mse": 0.058476346648401685,
  "stop_epoch": 20,
  "stop_reason": "fixed_budget",
  "epochs_full": [
    0,
    1,
    2,
    3,
    4,
    5,
    6,
    7,
    8,
    9,
    10,
    11,
    12,
    13,
    14,
    15,
    16,
    17,
    18,
    19,
    20
  ],
  "train_history_full": [
    0.6232222991943359,
    0.11999545996189118,
    0.06493898928761482,
    0.0628318806886673,
    0.061823547172546386,
    0.06106042414903641,
    0.06070480278134346,
    0.060541899639368055,
    0.060388797664642335,
    0.060064233070611955,
    0.060040382182598113,
    0.05996189288496971,
    0.05978586842417717,
    0.059785390132665636,
    0.05960835718512535,
    0.05952855824232101,
    0.05937086555361748,
    0.05943908507227898,
    0.059264139705896376,
    0.05908988550901413,
    0.059047837215662
  ],
  "val_history_full": [
    0.6230981662159875,
    0.0669879000338297,
    0.062284841719600886,
    0.06067831666460113,
    0.061458307007948555,
    0.06012703117633623,
    0.06595574532236372,
    0.059384229046011726,
    0.06008172727056912,
    0.061354160959285406,
    0.05913410454042374,
    0.05870639964465111,
    0.0593460729670903,
    0.05937939172699338,
    0.05941932252238667,
    0.058476346648401685,
    0.06104927805681077,
    0.05898883099120761,
    0.05861882930473676,
    0.058556322954476825,
    0.058705846823397134
  ],
  "sampled_epochs": [
    0,
    1,
    2,
    3,
    4,
    5,
    6,
    7,
    8,
    9,
    10,
    20
  ],
  "sampled_train_history": [
    0.6232222991943359,
    0.11999545996189118,
    0.06493898928761482,
    0.0628318806886673,
    0.061823547172546386,
    0.06106042414903641,
    0.06070480278134346,
    0.060541899639368055,
    0.060388797664642335,
    0.060064233070611955,
    0.060040382182598113,
    0.059047837215662
  ],
  "sampled_val_history": [
    0.6230981662159875,
    0.0669879000338297,
    0.062284841719600886,
    0.06067831666460113,
    0.061458307007948555,
    0.06012703117633623,
    0.06595574532236372,
    0.059384229046011726,
    0.06008172727056912,
    0.061354160959285406,
    0.05913410454042374,
    0.058705846823397134
  ],
  "final_mse": 0.058476346648401685,
  "final_sdr_db": 9.365210745069716,
  "final_symbol_accuracy": 0.9228787500000002
}