{
  "best_epoch": 10,
  "best_val_mse": 0.058553029206537065,
  "stop_epoch": 20,
  "stop_reason": "fixed_budget",
  "epochs_full": [
    0,
    1,
    2,
    3,
    4,
    5,
    6,
    7,
    8,
    9,
    10,
    11,
    12,
    13,
    14,
    15,
    16,
    17,
    18,
    19,
    20
  ],
  "train_history_full": [
    0.6414176107406616,
    0.11926260443329811,
    0.06477439487576485,
    0.06224036564230919,
    0.06105074259638786,
    0.06037807937860489,
    0.05988411481976509,
    0.05965410867333412,
    0.05952068765759468,
    0.059259983766078946,
    0.05916660860776901,
    0.0590046500146389,
    0.0588540918469429,
    0.058682342606782914,
    0.058449365615844726,
    0.05828779059648514,
    0.057962782508134844,
    0.0577358319401741,
    0.05745382644534111,
    0.05703057874441147,
    0.0565008695602417
  ],
  "val_history_full": [
    0.6411631258707198,
    0.06641470120539741,
    0.06209610532673578,
    0.0608164140038074,
    0.05973607153883056,
    0.05954596695918885,
    0.05950335052514833,
    0.05906942084668174,
    0.05878185900667357,
    0.05885057399670283,
    0.058553029206537065,
    0.0586556296736475,
    0.05867901497653553,
    0.05856947506230975,
    0.058848039380141666,
    0.05862262005370761,
    0.05878137087538129,
    0.05923031495204047,
    0.05922747373817459,
    0.05946210263267396,
    0.05989163729643065
  ],
  "sampled_epochs": [
    0,
    1,
    2,
    3,
    4,
    5,
    6,
    7,
    8,
    9,
    10,
    20
  ],
  "sampled_train_history": [
    0.6414176107406616,
    0.11926260443329811,
    0.06477439487576485,
    0.06224036564230919,
    0.06105074259638786,
    0.06037807937860489,
    0.05988411481976509,
    0.05965410867333412,
    0.05952068765759468,
    0.059259983766078946,
    0.05916660860776901,
    0.0565008695602417
  ],
  "sampled_val_history": [
    0.6411631258707198,
    0.06641470120539741,
    0.06209610532673578,
    0.0608164140038074,
    0.05973607153883056,
    0.05954596695918885,
    0.05950335052514833,
    0.05906942084668174,
    0.05878185900667357,
    0.05885057399670283,
    0.058553029206537065,
    0.05989163729643065
  ],
  "final_mse": 0.058553029206537065,
  "final_sdr_db": 9.36130508543953,
  "final_symbol_accuracy": 0.9229000000000003
}