{
  "best_epoch": 9,
  "best_val_mse": 0.05811119670905764,
  "stop_epoch": 20,
  "stop_reason": "fixed_budget",
  "epochs_full": [
    0,
    1,
    2,
    3,
    4,
    5,
    6,
    7,
    8,
    9,
    10,
    11,
    12,
    13,
    14,
    15,
    16,
    17,
    18,
    19,
    20
  ],
  "train_history_full": [
    0.5008413456439972,
    0.11590536631345749,
    0.06292914727926255,
    0.06146833977103233,
    0.06086925653815269,
    0.06044319695234299,
    0.060080449056625365,
    0.059936402326822284,
    0.0597390538752079,
    0.05959375169873238,
    0.05956020029783249,
    0.059413893288373945,
    0.05935247254371643,
    0.05926253620386124,
    0.059226246863603595,
    0.059108288490772244,
    0.05898472575545311,
    0.0589734511911869,
    0.058946190744638444,
    0.058909376764297486,
    0.058852545100450515
  ],
  "val_history_full": [
    0.5008190037712218,
    0.061686920445589793,
    0.0599581841675062,
    0.059540639498404095,
    0.05923732937801452,
    0.05878465208742353,
    0.058748238971309055,
    0.05895350004235903,
    0.05864961220631524,
    0.05811119670905764,
    0.05826950930650272,
    0.05834990982261915,
    0.058398285496329506,
    0.0585744171033776,
    0.05827079340815544,
    0.05829603479258598,
    0.05874014078151612,
    0.05823948470846055,
    0.05879183285056599,
    0.05846894124434108,
    0.05828114362463119
  ],
  "sampled_epochs": [
    0,
    1,
    2,
    3,
    4,
    5,
    6,
    7,
    8,
    9,
    10,
    20
  ],
  "sampled_train_history": [
    0.5008413456439972,
    0.11590536631345749,
    0.06292914727926255,
    0.06146833977103233,
    0.06086925653815269,
    0.06044319695234299,
    0.060080449056625365,
    0.059936402326822284,
    0.0597390538752079,
    0.05959375169873238,
    0.05956020029783249,
    0.058852545100450515
  ],
  "sampled_val_history": [
    0.5008190037712218,
    0.061686920445589793,
    0.0599581841675062,
    0.059540639498404095,
    0.05923732937801452,
    0.05878465208742353,
    0.058748238971309055,
    0.05895350004235903,
    0.05864961220631524,
    0.05811119670905764,
    0.05826950930650272,
    0.05828114362463119
  ],
  "final_mse": 0.05811119670905764,
  "final_sdr_db": 9.394026922801185,
  "final_symbol_accuracy": 0.9228049999999995
}