{
  "best_epoch": 19,
  "best_val_mse": 0.002114696280350761,
  "stop_epoch": 20,
  "stop_reason": "fixed_budget",
  "epochs_full": [
    0,
    1,
    2,
    3,
    4,
    5,
    6,
    7,
    8,
    9,
    10,
    11,
    12,
    13,
    14,
    15,
    16,
    17,
    18,
    19,
    20
  ],
  "train_history_full": [
    0.5457965011596679,
    0.0525609719119966,
    0.006311747860908508,
    0.00499546510130167,
    0.004280887428671122,
    0.003995757467672229,
    0.0037920520981773735,
    0.0035261126870289447,
    0.0033764755945652723,
    0.003298382809944451,
    0.0031653544114902616,
    0.003164391522668302,
    0.00311592554692179,
    0.003004891336709261,
    0.002972384764812887,
    0.0028859362123534083,
    0.002911055868677795,
    0.0028669233329594135,
    0.0028390584383159874,
    0.0027842044968158005,
    0.002788156045973301
  ],
  "val_history_full": [
    0.5459887158303034,
    0.006557447237095663,
    0.004228753133839558,
    0.005159878755904852,
    0.0037242196692479036,
    0.00334897262620784,
    0.004173124914929744,
    0.003453734608012296,
    0.003001939331639617,
    0.0027317562425095174,
    0.0027534976723559553,
    0.0023968020150999703,
    0.0026884815980872463,
    0.0025198089147341392,
    0.002455612736946297,
    0.0024532098082884674,
    0.0026969596067266096,
    0.0025456213754498297,
    0.002226400372040059,
    0.002114696280350761,
    0.0023054815422270504
  ],
  "sampled_epochs": [
    0,
    1,
    2,
    3,
    4,
    5,
    6,
    7,
    8,
    9,
    10,
    20
  ],
  "sampled_train_history": [
    0.5457965011596679,
    0.0525609719119966,
    0.006311747860908508,
    0.00499546510130167,
    0.004280887428671122,
    0.003995757467672229,
    0.0037920520981773735,
    0.0035261126870289447,
    0.0033764755945652723,
    0.003298382809944451,
    0.0031653544114902616,
    0.002788156045973301
  ],
  "sampled_val_history": [
    0.5459887158303034,
    0.006557447237095663,
    0.004228753133839558,
    0.005159878755904852,
    0.0037242196692479036,
    0.00334897262620784,
    0.004173124914929744,
    0.003453734608012296,
    0.003001939331639617,
    0.0027317562425095174,
    0.0027534976723559553,
    0.0023054815422270504
  ],
  "final_mse": 0.002114696280350761,
  "final_sdr_db": 25.56931625850617,
  "final_symbol_accuracy": 0.9974349999999919
}