{
  "best_epoch": 18,
  "best_val_mse": 0.002294737088035733,
  "stop_epoch": 20,
  "stop_reason": "fixed_budget",
  "epochs_full": [
    0,
    1,
    2,
    3,
    4,
    5,
    6,
    7,
    8,
    9,
    10,
    11,
    12,
    13,
    14,
    15,
    16,
    17,
    18,
    19,
    20
  ],
  "train_history_full": [
    0.6214398865699768,
    0.08569974531680345,
    0.006103498559445143,
    0.004612973241135478,
    0.0040886629957705735,
    0.0036821049496531485,
    0.0034123496524989605,
    0.0031962042804807426,
    0.00303056273534894,
    0.0028600302290171385,
    0.002741055575013161,
    0.002595349769294262,
    0.002543323993310332,
    0.00249402295332402,
    0.002412487738765776,
    0.00232257427778095,
    0.0022733216712251306,
    0.0022255656302906574,
    0.0021773586038500072,
    0.002080334224179387,
    0.0020253976904787124
  ],
  "val_history_full": [
    0.6214131949439882,
    0.008549891523129884,
    0.0051378052799947675,
    0.00437668820340482,
    0.0037301621281556666,
    0.003908255011848514,
    0.0033569970086867375,
    0.0029913195989109457,
    0.0028512268844578,
    0.002739085586712001,
    0.002748238140835412,
    0.0027007371804396076,
    0.002461224981021905,
    0.002449003560098982,
    0.002323525944828159,
    0.002446853777482396,
    0.002427002391038788,
    0.002378889317032955,
    0.002294737088035733,
    0.0024123136028056107,
    0.002435723576502549
  ],
  "sampled_epochs": [
    0,
    1,
    2,
    3,
    4,
    5,
    6,
    7,
    8,
    9,
    10,
    20
  ],
  "sampled_train_history": [
    0.6214398865699768,
    0.08569974531680345,
    0.006103498559445143,
    0.004612973241135478,
    0.0040886629957705735,
    0.0036821049496531485,
    0.0034123496524989605,
    0.0031962042804807426,
    0.00303056273534894,
    0.0028600302290171385,
    0.002741055575013161,
    0.0020253976904787124
  ],
  "sampled_val_history": [
    0.6214131949439882,
    0.008549891523129884,
    0.0051378052799947675,
    0.00437668820340482,
    0.0037301621281556666,
    0.003908255011848514,
    0.0033569970086867375,
    0.0029913195989109457,
    0.0028512268844578,
    0.002739085586712001,
    0.002748238140835412,
    0.002435723576502549
  ],
  "final_mse": 0.002294737088035733,
  "final_sdr_db": 25.0352968185667,
  "final_symbol_accuracy": 0.99731499999999
}