{
  "best_epoch": 12,
  "best_val_mse": 0.002323979918386728,
  "stop_epoch": 20,
  "stop_reason": "fixed_budget",
  "epochs_full": [
    0,
    1,
    2,
    3,
    4,
    5,
    6,
    7,
    8,
    9,
    10,
    11,
    12,
    13,
    14,
    15,
    16,
    17,
    18,
    19,
    20
  ],
  "train_history_full": [
    0.5007155789375305,
    0.06502012359648943,
    0.005309405291453004,
    0.003972559070959687,
    0.0035397395595908165,
    0.0032585824470967055,
    0.0030799314226955176,
    0.0029688327031210065,
    0.0028848821781575678,
    0.0028217176550999284,
    0.0027627461852505805,
    0.0026973862478509546,
    0.002650697870180011,
    0.0026259142890572547,
    0.0025613356789574025,
    0.002552947093360126,
    0.002498059277050197,
    0.0024726687600836158,
    0.0024511721890419723,
    0.0024287810748443005,
    0.002367493115924299
  ],
  "val_history_full": [
    0.5008252750313471,
    0.005504292413769733,
    0.0035358874999459776,
    0.003046746923780394,
    0.003018536233520579,
    0.002718294617749514,
    0.0029324109588439264,
    0.0025184520645924503,
    0.0025038506174164398,
    0.002581949903821898,
    0.002666221756029815,
    0.0025538214822373694,
    0.002323979918386728,
    0.00262160899694122,
    0.002409921552512854,
    0.002705391720011239,
    0.0024151355545553896,
    0.002650864098945426,
    0.0023813912264322714,
    0.002550503059792968,
    0.002522139165121766
  ],
  "sampled_epochs": [
    0,
    1,
    2,
    3,
    4,
    5,
    6,
    7,
    8,
    9,
    10,
    20
  ],
  "sampled_train_history": [
    0.5007155789375305,
    0.06502012359648943,
    0.005309405291453004,
    0.003972559070959687,
    0.0035397395595908165,
    0.0032585824470967055,
    0.0030799314226955176,
    0.0029688327031210065,
    0.0028848821781575678,
    0.0028217176550999284,
    0.0027627461852505805,
    0.002367493115924299
  ],
  "sampled_val_history": [
    0.5008252750313471,
    0.005504292413769733,
    0.0035358874999459776,
    0.003046746923780394,
    0.003018536233520579,
    0.002718294617749514,
    0.0029324109588439264,
    0.0025184520645924503,
    0.0025038506174164398,
    0.002581949903821898,
    0.002666221756029815,
    0.002522139165121766
  ],
  "final_mse": 0.002323979918386728,
  "final_sdr_db": 25.167177018665132,
  "final_symbol_accuracy": 0.9971324999999904
}