{
    "trial_idx": 6,
    "config": {
        "base_channels": 24,
        "dropout": 0.0,
        "lr": 0.0003308780597959161,
        "weight_decay": 2.3117388101352395e-05,
        "input_noise_std": 0.0,
        "receiver_drop_prob": 0.025,
        "grad_clip": 2.0,
        "scheduler_name": "plateau",
        "batch_size": 8,
        "optimizer_name": "adamw",
        "normalize_batches": true
    },
    "num_folds": 5,
    "mean_val_pit_mse": 2.213716609236123,
    "mean_val_pit_sdr_db": 0.44009066497016214,
    "fold_summaries": [
        {
            "fold_idx": 1,
            "checkpoint_path": "C:\\Users\\battl\\Documents\\School 2026\\Jareds_Repo\\DL-AIR\\search_runs\\iqcnn_cv\\run_20260328_215540\\trial_006\\fold_01_best.pt",
            "train_history": [
                2.2605651300603693,
                2.222191305810755,
                2.2165959984605963,
                2.2130536038225346,
                2.2092966851321134,
                2.209296891039068,
                2.207751412825151,
                2.203515165502375,
                2.205789078365673,
                2.2030996027859775,
                2.2035843805833295,
                2.2030359742858194,
                2.2009902570464392,
                2.201650494445454,
                2.200229304487055,
                2.1962066565860403,
                2.1943205376104875,
                2.1959378933906555,
                2.191031216274608,
                2.1923476659167895,
                2.191553076614033,
                2.188948465910825,
                2.1853788872198625,
                2.1823104314370587,
                2.169420405951413,
                2.15672010270032,
                2.130713310024955,
                2.115773281617598,
                2.0936716175079346,
                2.0812020661614157,
                2.063720651323145,
                2.0252429032325745,
                2.0014779983867297,
                1.993073031468825,
                1.987307464426214,
                1.974201021194458
            ],
            "val_history": [
                2.2204392353693643,
                2.214633475179258,
                2.212459613447604,
                2.2097199645595276,
                2.2120900646499964,
                2.2131564522135085,
                2.206008439478667,
                2.2041755024937615,
                2.2056161795837292,
                2.2071042069490403,
                2.2119704320810842,
                2.205837338730909,
                2.206341426441635,
                2.212805238322935,
                2.20500703998234,
                2.204079078591388,
                2.205797813076904,
                2.2038615579190464,
                2.204110650912575,
                2.2054802766744643,
                2.207251172998677,
                2.2047780743543655,
                2.2026694373808047,
                2.202250563580057,
                2.2032613598782085,
                2.210461055023083,
                2.2159328832142595,
                2.2129414979962334,
                2.2237027071524356,
                2.230699730956036,
                2.230756622293721,
                2.2498434289642004,
                2.2481162012487217,
                2.245468312415524,
                2.248178650503573,
                2.2518013586168704
            ],
            "best_val_pit_mse": 2.202250563580057,
            "best_epoch": 24,
            "stopped_after_epoch": 36,
            "stop_reason": "early_stopping",
            "epoch_times_sec": [
                9.745393899967894,
                5.574883599998429,
                5.7462233998812735,
                5.676513500045985,
                5.677896999986842,
                5.6440468998625875,
                5.591686100000516,
                5.685383700067177,
                5.651974200038239,
                5.783937399974093,
                5.764599799877033,
                5.672110100043938,
                5.592136400053278,
                5.521357099991292,
                5.6620244001969695,
                5.653969200095162,
                5.570694499881938,
                5.677565000019968,
                5.623203200055286,
                5.581558000063524,
                5.629025900037959,
                5.504347700159997,
                5.693452900042757,
                5.5781177000608295,
                5.687535400036722,
                5.64674250013195,
                5.577865900006145,
                5.687771999975666,
                5.521702500060201,
                5.656363100046292,
                5.588523799786344,
                5.555284600006416,
                5.6168528001289815,
                5.684988199966028,
                5.590129800140858,
                5.6443030999507755
            ],
            "avg_epoch_time_sec": 5.748893480573315,
            "optimizer_name": "adamw",
            "scheduler_name": "plateau",
            "normalize_batches": true,
            "input_noise_std": 0.0,
            "receiver_drop_prob": 0.025,
            "grad_clip": 2.0,
            "weight_decay": 2.3117388101352395e-05,
            "learning_rate": 0.0003308780597959161,
            "used_amp": true,
            "val_pit_mse": 2.202250563580057,
            "val_pit_sdr_db": 0.4625986460461349
        },
        {
            "fold_idx": 2,
            "checkpoint_path": "C:\\Users\\battl\\Documents\\School 2026\\Jareds_Repo\\DL-AIR\\search_runs\\iqcnn_cv\\run_20260328_215540\\trial_006\\fold_02_best.pt",
            "train_history": [
                2.266477876143022,
                2.224987610903653,
                2.2174057522687045,
                2.213830445463007,
                2.2130052094026045,
                2.211720401807265,
                2.2119133030284535,
                2.210471799590371,
                2.210303040634502,
                2.208585375439037,
                2.2078834626891397,
                2.2066173460266807,
                2.2054903780330313,
                2.2045871220935473,
                2.2062946930798617,
                2.2042074580626054,
                2.1993067173524334,
                2.1969007231972433,
                2.1974031925201416,
                2.192859893928875,
                2.191987633488395
            ],
            "val_history": [
                2.227111251457878,
                2.2192059046980264,
                2.215716412965802,
                2.2161000958387405,
                2.2146744823110276,
                2.2149578540221504,
                2.2148504948270493,
                2.2141128847564477,
                2.213877739249796,
                2.2162278786949487,
                2.2140370926995208,
                2.215223819449328,
                2.214645243209341,
                2.215892235438029,
                2.214479410130045,
                2.2149202659510183,
                2.214996131433957,
                2.2157803972562156,
                2.2158444152362105,
                2.2161636784456777,
                2.219688196113144
            ],
            "best_val_pit_mse": 2.213877739249796,
            "best_epoch": 9,
            "stopped_after_epoch": 21,
            "stop_reason": "early_stopping",