{
  "best_epoch": 17,
  "best_val_mse": 0.00011476861428014846,
  "stop_epoch": 20,
  "stop_reason": "fixed_budget",
  "epochs_full": [
    0,
    1,
    2,
    3,
    4,
    5,
    6,
    7,
    8,
    9,
    10,
    11,
    12,
    13,
    14,
    15,
    16,
    17,
    18,
    19,
    20
  ],
  "train_history_full": [
    0.5550326893806458,
    0.1992264292806387,
    0.012673129416443408,
    0.00378171446705237,
    0.005461257557850331,
    0.0018055865623988212,
    0.0033988884461112322,
    0.0013814334478694946,
    0.002633880015090108,
    0.0031104553827084602,
    0.0003367990954546258,
    0.0003057763981865719,
    0.00026963089883793147,
    0.0002399949390324764,
    0.0035942830652813426,
    0.0002176683034049347,
    0.0023738708882941866,
    0.00018801735676825045,
    0.00017073279927717523,
    0.0001726779611548409,
    0.0025081521145766603
  ],
  "val_history_full": [
    0.5549177858564589,
    0.04210072205889793,
    0.0020387143465793794,
    0.001071121730279946,
    0.0007663622973412867,
    0.00042900781975024275,
    0.000619340579890247,
    0.00033472568195845397,
    0.00037939885921318023,
    0.0005924667976427055,
    0.00399352149993536,
    0.00023154053113622858,
    0.00020321494888602976,
    0.00016907582152819644,
    0.0002658363701480012,
    0.00013999062676226632,
    0.00018004552874204127,
    0.00011476861428014846,
    0.00013713301080907326,
    0.00014340917169604274,
    0.0015642000085097692
  ],
  "sampled_epochs": [
    0,
    1,
    2,
    3,
    4,
    5,
    6,
    7,
    8,
    9,
    10,
    20
  ],
  "sampled_train_history": [
    0.5550326893806458,
    0.1992264292806387,
    0.012673129416443408,
    0.00378171446705237,
    0.005461257557850331,
    0.0018055865623988212,
    0.0033988884461112322,
    0.0013814334478694946,
    0.002633880015090108,
    0.0031104553827084602,
    0.0003367990954546258,
    0.0025081521145766603
  ],
  "sampled_val_history": [
    0.5549177858564589,
    0.04210072205889793,
    0.0020387143465793794,
    0.001071121730279946,
    0.0007663622973412867,
    0.00042900781975024275,
    0.000619340579890247,
    0.00033472568195845397,
    0.00037939885921318023,
    0.0005924667976427055,
    0.00399352149993536,
    0.0015642000085097692
  ],
  "final_mse": 0.00011476861428014846,
  "final_sdr_db": 36.401522560725134,
  "final_symbol_accuracy": 1.0
}