{
  "best_epoch": 19,
  "best_val_mse": 0.00012899085055641268,
  "stop_epoch": 20,
  "stop_reason": "fixed_budget",
  "epochs_full": [
    0,
    1,
    2,
    3,
    4,
    5,
    6,
    7,
    8,
    9,
    10,
    11,
    12,
    13,
    14,
    15,
    16,
    17,
    18,
    19,
    20
  ],
  "train_history_full": [
    0.658219080734253,
    0.2527437841892242,
    0.2498979002714157,
    0.09533772661387921,
    0.005108226718753576,
    0.0020297076838091017,
    0.0010391509583219886,
    0.0006353285071440041,
    0.023541896847449242,
    0.002424687154777348,
    0.0009131939420476556,
    0.0005655925726518035,
    0.0004002225977834314,
    0.00033939142890740187,
    0.02609412654277403,
    0.011017791919596493,
    0.0009190656057093292,
    0.000373386116232723,
    0.00022365424633026123,
    0.0001615086569567211,
    0.00012694688895717264
  ],
  "val_history_full": [
    0.6581625578895448,
    0.24997530641063812,
    0.24957341523397536,
    0.00799014400099478,
    0.0027573623931005835,
    0.0013822987564795074,
    0.0007487257410373006,
    0.0004813222645131487,
    0.004812287728464793,
    0.001201813033456722,
    0.0006977502951428057,
    0.0005594881247758628,
    0.00044324841222814505,
    0.0002242016720600308,
    0.08879679760762624,
    0.002101541119849398,
    0.000510620697039283,
    0.00028722350520732267,
    0.00017409024728713408,
    0.00012899085055641268,
    0.0001676627243074426
  ],
  "sampled_epochs": [
    0,
    1,
    2,
    3,
    4,
    5,
    6,
    7,
    8,
    9,
    10,
    20
  ],
  "sampled_train_history": [
    0.658219080734253,
    0.2527437841892242,
    0.2498979002714157,
    0.09533772661387921,
    0.005108226718753576,
    0.0020297076838091017,
    0.0010391509583219886,
    0.0006353285071440041,
    0.023541896847449242,
    0.002424687154777348,
    0.0009131939420476556,
    0.00012694688895717264
  ],
  "sampled_val_history": [
    0.6581625578895448,
    0.24997530641063812,
    0.24957341523397536,
    0.00799014400099478,
    0.0027573623931005835,
    0.0013822987564795074,
    0.0007487257410373006,
    0.0004813222645131487,
    0.004812287728464793,
    0.001201813033456722,
    0.0006977502951428057,
    0.0001676627243074426
  ],
  "final_mse": 0.00012899085055641268,
  "final_sdr_db": 35.93921721927703,
  "final_symbol_accuracy": 1.0
}