{
  "best_epoch": 16,
  "best_val_mse": 8.88941600957575e-05,
  "stop_epoch": 20,
  "stop_reason": "fixed_budget",
  "epochs_full": [
    0,
    1,
    2,
    3,
    4,
    5,
    6,
    7,
    8,
    9,
    10,
    11,
    12,
    13,
    14,
    15,
    16,
    17,
    18,
    19,
    20
  ],
  "train_history_full": [
    0.5012937403678894,
    0.21475239866375923,
    0.01052199094556272,
    0.001667474432475865,
    0.022191115891281515,
    0.0017312482330948114,
    0.0025736060766503215,
    0.0006071612034924328,
    0.01865681502483785,
    0.0015851232035085558,
    0.0006254299620632082,
    0.00040305937575176357,
    0.01715527564166114,
    0.0004852223493158817,
    0.010337250156560913,
    0.00033652574582956733,
    0.00024028922859579326,
    0.002837650445033796,
    0.004900397602119483,
    0.0003528091879794374,
    0.0027644594209967183
  ],
  "val_history_full": [
    0.5012119346194797,
    0.03666494792652509,
    0.0013070009179442885,
    0.000573006878045225,
    0.0013586023050020375,
    0.0005345806453583969,
    0.0004089609137736261,
    0.00022365188499587395,
    0.0020284465466079023,
    0.00040228129272157,
    0.0002065487543217069,
    0.00015754945366458584,
    0.0003128840647164791,
    0.0001525034419342225,
    0.00020092264319481772,
    0.00012739346210663725,
    8.88941600957575e-05,
    0.0003098948754274124,
    0.0004338048632249295,
    0.00010600239918511804,
    0.0050986567290411105
  ],
  "sampled_epochs": [
    0,
    1,
    2,
    3,
    4,
    5,
    6,
    7,
    8,
    9,
    10,
    20
  ],
  "sampled_train_history": [
    0.5012937403678894,
    0.21475239866375923,
    0.01052199094556272,
    0.001667474432475865,
    0.022191115891281515,
    0.0017312482330948114,
    0.0025736060766503215,
    0.0006071612034924328,
    0.01865681502483785,
    0.0015851232035085558,
    0.0006254299620632082,
    0.0027644594209967183
  ],
  "sampled_val_history": [
    0.5012119346194797,
    0.03666494792652509,
    0.0013070009179442885,
    0.000573006878045225,
    0.0013586023050020375,
    0.0005345806453583969,
    0.0004089609137736261,
    0.00022365188499587395,
    0.0020284465466079023,
    0.00040228129272157,
    0.0002065487543217069,
    0.0050986567290411105
  ],
  "final_mse": 8.88941600957575e-05,
  "final_sdr_db": 37.636583842928445,
  "final_symbol_accuracy": 0.9999975
}