{
  "config": {
    "dataset_path": "C:\\Users\\battl\\Documents\\School 2026\\Jareds_Repo\\DL-AIR\\reporting_pipeline\\outputs\\iqcnn_2ch_loss_study\\data",
    "epochs": 60,
    "train_examples": 20000,
    "val_examples": 2000,
    "test_examples": 2000,
    "n_rx": 2,
    "alpha": 1.0,
    "snr_db": 15.0
  },
  "pit_mse": {
    "loss_name": "pit_mse",
    "best_epoch": 55,
    "best_val_pit_mse": 0.4426557081086295,
    "train_history": [
      0.4587576846122742,
      0.45577298822402956,
      0.45494618396759035,
      0.4543936888217926,
      0.45412431855201724,
      0.4539647116661072,
      0.4537458585739136,
      0.45335620131492615,
      0.45323399224281313,
      0.452586296749115,
      0.4521131434440613,
      0.45157027797698973,
      0.4517016592979431,
      0.45074130644798277,
      0.4499753716945648,
      0.4490091427326202,
      0.4484837743759155,
      0.4477767496585846,
      0.4478268313884735,
      0.44756706247329714,
      0.4473214078903198,
      0.4472721856117248,
      0.4469495233535767,
      0.4464304466724396,
      0.4461705554962158,
      0.44622787532806396,
      0.4467741151809692,
      0.44649817352294924,
      0.4463259657859802,
      0.44568406591415405,
      0.44557802700996396,
      0.44558051953315736,
      0.44564504022598267,
      0.4459081801891327,
      0.4453826447486877,
      0.44524236545562745,
      0.4459276701927185,
      0.445940726852417,
      0.4456376796722412,
      0.4450652811527252,
      0.44507063546180725,
      0.4447452217578888,
      0.44410690779685974,
      0.44453942651748657,
      0.44376423845291135,
      0.4440788761138916,
      0.4437959259033203,
      0.4439419477462769,
      0.44399760570526126,
      0.4436792926311493,
      0.4437186821937561,
      0.444297625875473,
      0.44368259177207947,
      0.4436177649497986,
      0.44349893393516543,
      0.4433487267971039,
      0.44339338312149046,
      0.4431393012046814,
      0.4429686994075775,
      0.4429638355255127
    ],
    "val_history": [
      0.4565495162729233,
      0.45485867962004645,
      0.45451277399819995,
      0.453658927527685,
      0.45358017134288003,
      0.4535067942407396,
      0.4533477174857306,
      0.4539163765453157,
      0.4531216550441015,
      0.4530000492693886,
      0.45160508676180766,
      0.4516283425073775,
      0.45345093428142486,
      0.4508335907307882,
      0.44864267773098415,
      0.4490167200565338,
      0.44710093925869654,
      0.44824173526158406,
      0.4472838980810983,
      0.4474012643571884,
      0.4465301628150637,
      0.44768721527523464,
      0.44636025220628767,
      0.4458203377231719,
      0.44588798379141187,
      0.44623097824671915,
      0.4462901396410806,
      0.445772043296269,
      0.44570843993671355,
      0.44508374778051224,
      0.4451978835794661,
      0.44478585275392685,
      0.444637814211467,
      0.4456923268144093,
      0.4441759955315363,
      0.44458709018571035,
      0.4450235404665508,
      0.444963873851867,
      0.4452761085260482,
      0.4451371913864499,
      0.44569612400872366,
      0.4441580218928201,
      0.44381534438284614,
      0.44400741656621295,
      0.44393465348652433,
      0.4432921991461799,
      0.44363218545913696,
      0.44496934092234053,
      0.44424889011988566,
      0.4432192629291898,
      0.4442695029198177,
      0.44334701129368376,
      0.44315015087051995,
      0.44293486173190766,
      0.4426557081086295,
      0.44317249504346695,
      0.4434698971491011,
      0.44314595583885436,
      0.4439437474523272,
      0.44310040464476935
    ],
    "test_metrics": {
      "pit_mse": 0.44432922677388265,
      "wave_mse": 0.44432922630082994,
      "sdr_db": 0.5212023173059736,
      "soi_symbol_accuracy": 0.6286275000000008,
      "int_symbol_accuracy": 0.6286275000000008,
      "avg_symbol_accuracy": 0.6286275000000008
    },
    "checkpoint_path": "C:\\Users\\battl\\Documents\\School 2026\\Jareds_Repo\\DL-AIR\\reporting_pipeline\\outputs\\iqcnn_2ch_loss_study\\iqcnn_pit_mse.pt",
    "dataset_path": "C:\\Users\\battl\\Documents\\School 2026\\Jareds_Repo\\DL-AIR\\reporting_pipeline\\outputs\\iqcnn_2ch_loss_study\\data"
  },
  "mse": {
    "loss_name": "mse",
    "best_epoch": 56,
    "best_val_pit_mse": 0.49343158801396686,
    "train_history": [
      0.5010467843532562,
      0.5001125824451447,
      0.5000895519256592,
      0.5000700651645661,
      0.5000689641952515,
      0.5000667362213135,
      0.5000610154151917,
      0.5000485789299012,
      0.5000511463165284,
      0.5000169587135315,
      0.5000155998706818,
      0.5000137972831726,
      0.5000192146778106,
      0.5000181834697723,
      0.5000126249790192,
      0.5000174699783325,
      0.5000169434547425,
      0.5000141375064849,
      0.4999933831214905,
      0.4999961423397064,
      0.4999943608760834,
      0.49999280705451965,
      0.49998868322372436,
      0.499994938659668,
      0.4999915759086609,
      0.4999912672996521,
      0.49999068512916567,
      0.49999177227020264,
      0.49999309363365174,
      0.4999813322067261,
      0.4999791000366211,
      0.49997955431938174,
      0.4999765925884247,
      0.4999747696399689,
      0.49997744417190554,
      0.4999672839641571,
      0.4999646401882172,
      0.499962479019165,
      0.49996065158843994,
      0.4999574597835541,
      0.4999548953533173,
      0.4999437319755554,
      0.4999393697738648,
      0.49993387413024903,
      0.4999313257217407,
      0.49992335019111633,
      0.499915798997879,
      0.49989224853515624,
      0.49985243883132935,
      0.49974359273910524,
      0.4995645157814026,
      0.49945301733016967,
      0.49923344044685364,
      0.49913894357681277,
      0.4990043369293213,
      0.49880564131736754,
      0.49881705179214475,
      0.49864358024597166,
      0.4984868930339813,
      0.498331063079834
    ],
    "val_history": [
      0.49889318574042546,
      0.4992159188739837,
      0.49862604529138593,
      0.49857805267212885,
      0.49867110498367795,
      0.49932253833801027,
      0.49933301219864495,
      0.49936799870596993,
      0.49897787116822745,
      0.49882119420974974,
      0.4989559030722058,
      0.4983489508666689,
      0.4988234336414034,
      0.4990055168431903,
      0.4992311445493547,
      0.49903801178175305,
      0.49920177838158986,
      0.4989827478688861,
      0.498548756516169,
      0.49872085972437785,
      0.49870541597169543,
      0.49840965535905624,
      0.4978015068031493,
      0.49860618937583195,
      0.49836773247945876,
      0.49866559912288,
      0.4986160137350597,
      0.4982705683935256,
      0.4985194825936878,
      0.49846969946982367,
      0.4982085322576856,
      0.4981773438907805,
      0.49824505192892893,
      0.49800433147521245,
      0.4980686709048256,
      0.4981113076210022,
      0.4980937289813208,
      0.49813300938833327,
      0.4981705749791766,
      0.4980548360044994,
      0.4981329951967512,
      0.4981163503631713,
      0.4980722178542425,
      0.49800466403128607,
      0.4979111429244753,
      0.49794865695257035,
      0.49801647946948097,
      0.49769591055219137,
      0.49745685051357935,
      0.4955456975906614,
      0.49592495721483987,
      0.4963927354131426,
      0.4956371618641747,
      0.49633407640078714,
      0.4966469312471057,
      0.49343158801396686,
      0.4934994445906745,
      0.4945697756040664,
      0.49578472404252916,
      0.49706080177473644
    ],
    "test_metrics": {
      "pit_mse": 0.49398411834050737,
      "wave_mse": 0.4939841169213492,
      "sdr_db": 0.055030800106506496,
      "soi_symbol_accuracy": 0.6291937499999996,
      "int_symbol_accuracy": 0.6291937499999996,
      "avg_symbol_accuracy": 0.6291937499999996
    },
    "checkpoint_path": "C:\\Users\\battl\\Documents\\School 2026\\Jareds_Repo\\DL-AIR\\reporting_pipeline\\outputs\\iqcnn_2ch_loss_study\\iqcnn_mse.pt",