{
  "loss_name": "mse",
  "best_epoch": 56,
  "best_val_pit_mse": 0.49343158801396686,
  "train_history": [
    0.5010467843532562,
    0.5001125824451447,
    0.5000895519256592,
    0.5000700651645661,
    0.5000689641952515,
    0.5000667362213135,
    0.5000610154151917,
    0.5000485789299012,
    0.5000511463165284,
    0.5000169587135315,
    0.5000155998706818,
    0.5000137972831726,
    0.5000192146778106,
    0.5000181834697723,
    0.5000126249790192,
    0.5000174699783325,
    0.5000169434547425,
    0.5000141375064849,
    0.4999933831214905,
    0.4999961423397064,
    0.4999943608760834,
    0.49999280705451965,
    0.49998868322372436,
    0.499994938659668,
    0.4999915759086609,
    0.4999912672996521,
    0.49999068512916567,
    0.49999177227020264,
    0.49999309363365174,
    0.4999813322067261,
    0.4999791000366211,
    0.49997955431938174,
    0.4999765925884247,
    0.4999747696399689,
    0.49997744417190554,
    0.4999672839641571,
    0.4999646401882172,
    0.499962479019165,
    0.49996065158843994,
    0.4999574597835541,
    0.4999548953533173,
    0.4999437319755554,
    0.4999393697738648,
    0.49993387413024903,
    0.4999313257217407,
    0.49992335019111633,
    0.499915798997879,
    0.49989224853515624,
    0.49985243883132935,
    0.49974359273910524,
    0.4995645157814026,
    0.49945301733016967,
    0.49923344044685364,
    0.49913894357681277,
    0.4990043369293213,
    0.49880564131736754,
    0.49881705179214475,
    0.49864358024597166,
    0.4984868930339813,
    0.498331063079834
  ],
  "val_history": [
    0.49889318574042546,
    0.4992159188739837,
    0.49862604529138593,
    0.49857805267212885,
    0.49867110498367795,
    0.49932253833801027,
    0.49933301219864495,
    0.49936799870596993,
    0.49897787116822745,
    0.49882119420974974,
    0.4989559030722058,
    0.4983489508666689,
    0.4988234336414034,
    0.4990055168431903,
    0.4992311445493547,
    0.49903801178175305,
    0.49920177838158986,
    0.4989827478688861,
    0.498548756516169,
    0.49872085972437785,
    0.49870541597169543,
    0.49840965535905624,
    0.4978015068031493,
    0.49860618937583195,
    0.49836773247945876,
    0.49866559912288,
    0.4986160137350597,
    0.4982705683935256,
    0.4985194825936878,
    0.49846969946982367,
    0.4982085322576856,
    0.4981773438907805,
    0.49824505192892893,
    0.49800433147521245,
    0.4980686709048256,
    0.4981113076210022,
    0.4980937289813208,
    0.49813300938833327,
    0.4981705749791766,
    0.4980548360044994,
    0.4981329951967512,
    0.4981163503631713,
    0.4980722178542425,
    0.49800466403128607,
    0.4979111429244753,
    0.49794865695257035,
    0.49801647946948097,
    0.49769591055219137,
    0.49745685051357935,
    0.4955456975906614,
    0.49592495721483987,
    0.4963927354131426,
    0.4956371618641747,
    0.49633407640078714,
    0.4966469312471057,
    0.49343158801396686,
    0.4934994445906745,
    0.4945697756040664,
    0.49578472404252916,
    0.49706080177473644
  ],
  "test_metrics": {
    "pit_mse": 0.49398411834050737,
    "wave_mse": 0.4939841169213492,
    "sdr_db": 0.055030800106506496,
    "soi_symbol_accuracy": 0.6291937499999996,
    "int_symbol_accuracy": 0.6291937499999996,
    "avg_symbol_accuracy": 0.6291937499999996
  },
  "checkpoint_path": "C:\\Users\\battl\\Documents\\School 2026\\Jareds_Repo\\DL-AIR\\reporting_pipeline\\outputs\\iqcnn_2ch_loss_study\\iqcnn_mse.pt",
  "dataset_path": "C:\\Users\\battl\\Documents\\School 2026\\Jareds_Repo\\DL-AIR\\reporting_pipeline\\outputs\\iqcnn_2ch_loss_study\\data"
}