{
  "loss_name": "pit_mse",
  "best_epoch": 55,
  "best_val_pit_mse": 0.4426557081086295,
  "train_history": [
    0.4587576846122742,
    0.45577298822402956,
    0.45494618396759035,
    0.4543936888217926,
    0.45412431855201724,
    0.4539647116661072,
    0.4537458585739136,
    0.45335620131492615,
    0.45323399224281313,
    0.452586296749115,
    0.4521131434440613,
    0.45157027797698973,
    0.4517016592979431,
    0.45074130644798277,
    0.4499753716945648,
    0.4490091427326202,
    0.4484837743759155,
    0.4477767496585846,
    0.4478268313884735,
    0.44756706247329714,
    0.4473214078903198,
    0.4472721856117248,
    0.4469495233535767,
    0.4464304466724396,
    0.4461705554962158,
    0.44622787532806396,
    0.4467741151809692,
    0.44649817352294924,
    0.4463259657859802,
    0.44568406591415405,
    0.44557802700996396,
    0.44558051953315736,
    0.44564504022598267,
    0.4459081801891327,
    0.4453826447486877,
    0.44524236545562745,
    0.4459276701927185,
    0.445940726852417,
    0.4456376796722412,
    0.4450652811527252,
    0.44507063546180725,
    0.4447452217578888,
    0.44410690779685974,
    0.44453942651748657,
    0.44376423845291135,
    0.4440788761138916,
    0.4437959259033203,
    0.4439419477462769,
    0.44399760570526126,
    0.4436792926311493,
    0.4437186821937561,
    0.444297625875473,
    0.44368259177207947,
    0.4436177649497986,
    0.44349893393516543,
    0.4433487267971039,
    0.44339338312149046,
    0.4431393012046814,
    0.4429686994075775,
    0.4429638355255127
  ],
  "val_history": [
    0.4565495162729233,
    0.45485867962004645,
    0.45451277399819995,
    0.453658927527685,
    0.45358017134288003,
    0.4535067942407396,
    0.4533477174857306,
    0.4539163765453157,
    0.4531216550441015,
    0.4530000492693886,
    0.45160508676180766,
    0.4516283425073775,
    0.45345093428142486,
    0.4508335907307882,
    0.44864267773098415,
    0.4490167200565338,
    0.44710093925869654,
    0.44824173526158406,
    0.4472838980810983,
    0.4474012643571884,
    0.4465301628150637,
    0.44768721527523464,
    0.44636025220628767,
    0.4458203377231719,
    0.44588798379141187,
    0.44623097824671915,
    0.4462901396410806,
    0.445772043296269,
    0.44570843993671355,
    0.44508374778051224,
    0.4451978835794661,
    0.44478585275392685,
    0.444637814211467,
    0.4456923268144093,
    0.4441759955315363,
    0.44458709018571035,
    0.4450235404665508,
    0.444963873851867,
    0.4452761085260482,
    0.4451371913864499,
    0.44569612400872366,
    0.4441580218928201,
    0.44381534438284614,
    0.44400741656621295,
    0.44393465348652433,
    0.4432921991461799,
    0.44363218545913696,
    0.44496934092234053,
    0.44424889011988566,
    0.4432192629291898,
    0.4442695029198177,
    0.44334701129368376,
    0.44315015087051995,
    0.44293486173190766,
    0.4426557081086295,
    0.44317249504346695,
    0.4434698971491011,
    0.44314595583885436,
    0.4439437474523272,
    0.44310040464476935
  ],
  "test_metrics": {
    "pit_mse": 0.44432922677388265,
    "wave_mse": 0.44432922630082994,
    "sdr_db": 0.5212023173059736,
    "soi_symbol_accuracy": 0.6286275000000008,
    "int_symbol_accuracy": 0.6286275000000008,
    "avg_symbol_accuracy": 0.6286275000000008
  },
  "checkpoint_path": "C:\\Users\\battl\\Documents\\School 2026\\Jareds_Repo\\DL-AIR\\reporting_pipeline\\outputs\\iqcnn_2ch_loss_study\\iqcnn_pit_mse.pt",
  "dataset_path": "C:\\Users\\battl\\Documents\\School 2026\\Jareds_Repo\\DL-AIR\\reporting_pipeline\\outputs\\iqcnn_2ch_loss_study\\data"
}