{
  "best_epoch": 2,
  "best_val_mse": 0.25957361459732053,
  "stop_epoch": 2,
  "stop_reason": "fixed_budget",
  "epochs_full": [
    0,
    1,
    2
  ],
  "train_history_full": [
    0.6913794508347144,
    0.38198044208379894,
    0.26276037096977234
  ],
  "val_history_full": [
    0.6891146063804626,
    0.29181718826293945,
    0.25957361459732053
  ],
  "sampled_epochs": [
    0,
    1,
    2
  ],
  "sampled_train_history": [
    0.6913794508347144,
    0.38198044208379894,
    0.26276037096977234
  ],
  "sampled_val_history": [
    0.6891146063804626,
    0.29181718826293945,
    0.25957361459732053
  ],
  "final_mse": 0.25957361459732053,
  "final_sdr_db": 2.848857545852661,
  "final_symbol_accuracy": 0.6169218749999998
}