{
  "best_epoch": 2,
  "best_val_mse": 0.2554006457328796,
  "stop_epoch": 2,
  "stop_reason": "fixed_budget",
  "epochs_full": [
    0,
    1,
    2
  ],
  "train_history_full": [
    0.6546963086495032,
    0.37116082356526303,
    0.2586477605196146
  ],
  "val_history_full": [
    0.65432049036026,
    0.26649934649467466,
    0.2554006457328796
  ],
  "sampled_epochs": [
    0,
    1,
    2
  ],
  "sampled_train_history": [
    0.6546963086495032,
    0.37116082356526303,
    0.2586477605196146
  ],
  "sampled_val_history": [
    0.65432049036026,
    0.26649934649467466,
    0.2554006457328796
  ],
  "final_mse": 0.2554006457328796,
  "final_sdr_db": 2.919382190704346,
  "final_symbol_accuracy": 0.6349218750000003
}