{
  "best_epoch": 2,
  "best_val_mse": 0.25621284246444703,
  "stop_epoch": 2,
  "stop_reason": "fixed_budget",
  "epochs_full": [
    0,
    1,
    2
  ],
  "train_history_full": [
    0.5083218491994418,
    0.3798723587623009,
    0.260643516595547
  ],
  "val_history_full": [
    0.508110249042511,
    0.27354570031166076,
    0.25621284246444703
  ],
  "sampled_epochs": [
    0,
    1,
    2
  ],
  "sampled_train_history": [
    0.5083218491994418,
    0.3798723587623009,
    0.260643516595547
  ],
  "sampled_val_history": [
    0.508110249042511,
    0.27354570031166076,
    0.25621284246444703
  ],
  "final_mse": 0.25621284246444703,
  "final_sdr_db": 2.905531406402588,
  "final_symbol_accuracy": 0.5978437500000001
}