{
  "best_epoch": 17,
  "best_val_mse": 0.0001650689311125981,
  "stop_epoch": 20,
  "stop_reason": "fixed_budget",
  "epochs_full": [
    0,
    1,
    2,
    3,
    4,
    5,
    6,
    7,
    8,
    9,
    10,
    11,
    12,
    13,
    14,
    15,
    16,
    17,
    18,
    19,
    20
  ],
  "train_history_full": [
    0.6913749557495117,
    0.06310466757994145,
    0.001470617181621492,
    0.000993939185841009,
    0.0008340478017926216,
    0.0007060343179851771,
    0.000529165559168905,
    0.002649139503086917,
    0.0005136628325330093,
    0.00042403518268838527,
    0.00038425937957363204,
    0.00038348535174736754,
    0.00034896360184066,
    0.0003322334588854574,
    0.0003037203649524599,
    0.00028320555997779593,
    0.00027928683584323155,
    0.00025078037327039054,
    0.00023774212028365583,
    0.0002304962194582913,
    0.0012957980590232183
  ],
  "val_history_full": [
    0.6912507585116795,
    0.0026984749997537288,
    0.0008641808692898069,
    0.0010111793775909714,
    0.0004469748546687206,
    0.0003008394777434804,
    0.000532650065401362,
    0.0009864337736785057,
    0.00033271254182586237,
    0.0005003050808602619,
    0.00017358250139902034,
    0.0005496872232354705,
    0.00025585961356271235,
    0.00017426735980229246,
    0.0006001948763335508,
    0.0005585354039563783,
    0.00041721071512068787,
    0.0001650689311125981,
    0.0002739867597397062,
    0.00017036512098644698,
    0.00023871644548813088
  ],
  "sampled_epochs": [
    0,
    1,
    2,
    3,
    4,
    5,
    6,
    7,
    8,
    9,
    10,
    20
  ],
  "sampled_train_history": [
    0.6913749557495117,
    0.06310466757994145,
    0.001470617181621492,
    0.000993939185841009,
    0.0008340478017926216,
    0.0007060343179851771,
    0.000529165559168905,
    0.002649139503086917,
    0.0005136628325330093,
    0.00042403518268838527,
    0.00038425937957363204,
    0.0012957980590232183
  ],
  "sampled_val_history": [
    0.6912507585116795,
    0.0026984749997537288,
    0.0008641808692898069,
    0.0010111793775909714,
    0.0004469748546687206,
    0.0003008394777434804,
    0.000532650065401362,
    0.0009864337736785057,
    0.00033271254182586237,
    0.0005003050808602619,
    0.00017358250139902034,
    0.00023871644548813088
  ],
  "final_mse": 0.0001650689311125981,
  "final_sdr_db": 34.8149293566507,
  "final_symbol_accuracy": 1.0
}