{
  "best_epoch": 19,
  "best_val_mse": 3.965097003235733e-05,
  "stop_epoch": 20,
  "stop_reason": "fixed_budget",
  "epochs_full": [
    0,
    1,
    2,
    3,
    4,
    5,
    6,
    7,
    8,
    9,
    10,
    11,
    12,
    13,
    14,
    15,
    16,
    17,
    18,
    19,
    20
  ],
  "train_history_full": [
    0.6539996946334838,
    0.07092623452469707,
    0.0016883998362347483,
    0.000871872634254396,
    0.0005865304636768996,
    0.0004413986699189991,
    0.0003465819063829258,
    0.000285222665569745,
    0.00022662266215775162,
    0.00019228923425544054,
    0.0001587387825245969,
    0.00014074103534221648,
    0.00013505827211774885,
    0.00010922283069230617,
    0.00010600605755462311,
    9.990443199058063e-05,
    9.044361063861288e-05,
    8.273056606994942e-05,
    7.953881692374126e-05,
    7.151318496325984e-05,
    6.831207360955887e-05
  ],
  "val_history_full": [
    0.6536617525040157,
    0.0029289066710228486,
    0.0011476281150761577,
    0.0006655032648557117,
    0.0005976072612351605,
    0.0002997172012415138,
    0.0002754264185944247,
    0.0002005066972554824,
    0.00025930252833484066,
    0.0001271701861812275,
    0.00014468051709367761,
    0.0001325020438387236,
    0.00011611843365244567,
    0.0001019281216218905,
    9.98698872983426e-05,
    0.00011360738576585723,
    7.5848286325622e-05,
    5.277681829904886e-05,
    6.0403677101324625e-05,
    3.965097003235733e-05,
    5.398556424465607e-05
  ],
  "sampled_epochs": [
    0,
    1,
    2,
    3,
    4,
    5,
    6,
    7,
    8,
    9,
    10,
    20
  ],
  "sampled_train_history": [
    0.6539996946334838,
    0.07092623452469707,
    0.0016883998362347483,
    0.000871872634254396,
    0.0005865304636768996,
    0.0004413986699189991,
    0.0003465819063829258,
    0.000285222665569745,
    0.00022662266215775162,
    0.00019228923425544054,
    0.0001587387825245969,
    6.831207360955887e-05
  ],
  "sampled_val_history": [
    0.6536617525040157,
    0.0029289066710228486,
    0.0011476281150761577,
    0.0006655032648557117,
    0.0005976072612351605,
    0.0002997172012415138,
    0.0002754264185944247,
    0.0002005066972554824,
    0.00025930252833484066,
    0.0001271701861812275,
    0.00014468051709367761,
    5.398556424465607e-05
  ],
  "final_mse": 3.965097003235733e-05,
  "final_sdr_db": 41.05782057747008,
  "final_symbol_accuracy": 1.0
}