{
  "best_epoch": 17,
  "best_val_mse": 1.892727936686401e-05,
  "stop_epoch": 20,
  "stop_reason": "fixed_budget",
  "epochs_full": [
    0,
    1,
    2,
    3,
    4,
    5,
    6,
    7,
    8,
    9,
    10,
    11,
    12,
    13,
    14,
    15,
    16,
    17,
    18,
    19,
    20
  ],
  "train_history_full": [
    0.5083339637756348,
    0.05368131127599627,
    0.0008210656313225626,
    0.0004393127233255655,
    0.00030232215775176884,
    0.00023363398425281048,
    0.00018725745528936385,
    0.00015757728077005594,
    0.00013333938451251016,
    0.00011930946881184355,
    0.00010164899912197142,
    9.097997465869412e-05,
    7.73164218873717e-05,
    7.18646134948358e-05,
    6.326567101641558e-05,
    5.869715281878598e-05,
    5.064437475812156e-05,
    4.743346843170002e-05,
    4.360892270342447e-05,
    4.003862383542583e-05,
    3.681803118379321e-05
  ],
  "val_history_full": [
    0.5083362365525866,
    0.0005715217613171609,
    0.00025145907928827147,
    0.0001428049854150722,
    0.00019622597374975505,
    9.49846287276448e-05,
    0.00021033412693733617,
    5.9218776432172734e-05,
    0.00010282830355988284,
    4.288094570501781e-05,
    6.936608221463209e-05,
    2.7957194250784742e-05,
    6.434548817600848e-05,
    2.420369636393078e-05,
    7.83064955150679e-05,
    1.9479505378209676e-05,
    0.00014857482257491303,
    1.892727936686401e-05,
    2.01725372226931e-05,
    2.949713159487435e-05,
    2.3705166226829445e-05
  ],
  "sampled_epochs": [
    0,
    1,
    2,
    3,
    4,
    5,
    6,
    7,
    8,
    9,
    10,
    20
  ],
  "sampled_train_history": [
    0.5083339637756348,
    0.05368131127599627,
    0.0008210656313225626,
    0.0004393127233255655,
    0.00030232215775176884,
    0.00023363398425281048,
    0.00018725745528936385,
    0.00015757728077005594,
    0.00013333938451251016,
    0.00011930946881184355,
    0.00010164899912197142,
    3.681803118379321e-05
  ],
  "sampled_val_history": [
    0.5083362365525866,
    0.0005715217613171609,
    0.00025145907928827147,
    0.0001428049854150722,
    0.00019622597374975505,
    9.49846287276448e-05,
    0.00021033412693733617,
    5.9218776432172734e-05,
    0.00010282830355988284,
    4.288094570501781e-05,
    6.936608221463209e-05,
    2.3705166226829445e-05
  ],
  "final_mse": 1.892727936686401e-05,
  "final_sdr_db": 44.22040242997427,
  "final_symbol_accuracy": 1.0
}