{
  "best_epoch": 9,
  "best_val_mse": 0.24962463241720956,
  "stop_epoch": 20,
  "stop_reason": "fixed_budget",
  "epochs_full": [
    0,
    1,
    2,
    3,
    4,
    5,
    6,
    7,
    8,
    9,
    10,
    11,
    12,
    13,
    14,
    15,
    16,
    17,
    18,
    19,
    20
  ],
  "train_history_full": [
    0.6621905688285827,
    0.25264396929740907,
    0.2501995353937149,
    0.25002988018989564,
    0.24996703341007231,
    0.24993074586391448,
    0.24990398302078248,
    0.2498966705083847,
    0.24985012927055358,
    0.24987244446277618,
    0.24985914702415465,
    0.24983176617622377,
    0.24983482673168184,
    0.2498006299495697,
    0.24980682888031006,
    0.24978279671669007,
    0.24979035403728486,
    0.2497576513528824,
    0.24975879514217378,
    0.24975580224990845,
    0.24973896255493164
  ],
  "val_history_full": [
    0.6620399053134616,
    0.2507428273795143,
    0.2505062801970376,
    0.2501864901610783,
    0.24983177984517718,
    0.24972044877589694,
    0.2499656386318661,
    0.24980869676385606,
    0.24986541531388723,
    0.24962463241720956,
    0.24964646261835854,
    0.25003298762298765,
    0.2496705542481135,
    0.24972100745117853,
    0.24974468610589468,
    0.2498367726802826,
    0.24966845129217421,
    0.24971295633013285,
    0.24974202069025192,
    0.24981143621225205,
    0.24974391905088272
  ],
  "sampled_epochs": [
    0,
    1,
    2,
    3,
    4,
    5,
    6,
    7,
    8,
    9,
    10,
    20
  ],
  "sampled_train_history": [
    0.6621905688285827,
    0.25264396929740907,
    0.2501995353937149,
    0.25002988018989564,
    0.24996703341007231,
    0.24993074586391448,
    0.24990398302078248,
    0.2498966705083847,
    0.24985012927055358,
    0.24987244446277618,
    0.24985914702415465,
    0.24973896255493164
  ],
  "sampled_val_history": [
    0.6620399053134616,
    0.2507428273795143,
    0.2505062801970376,
    0.2501864901610783,
    0.24983177984517718,
    0.24972044877589694,
    0.2499656386318661,
    0.24980869676385606,
    0.24986541531388723,
    0.24962463241720956,
    0.24964646261835854,
    0.24974391905088272
  ],
  "final_mse": 0.24962463241720956,
  "final_sdr_db": 3.019590249137273,
  "final_symbol_accuracy": 0.5720587500000004
}