{
  "best_epoch": 20,
  "best_val_mse": 0.1289580049259322,
  "stop_epoch": 20,
  "stop_reason": "fixed_budget",
  "epochs_full": [
    0,
    1,
    2,
    3,
    4,
    5,
    6,
    7,
    8,
    9,
    10,
    11,
    12,
    13,
    14,
    15,
    16,
    17,
    18,
    19,
    20
  ],
  "train_history_full": [
    0.6079729287147522,
    0.2530776444673538,
    0.24989185132980346,
    0.24984323332309724,
    0.24979758203029634,
    0.2497906299829483,
    0.24977647216320037,
    0.24975797703266145,
    0.24975492107868194,
    0.24975074632167815,
    0.24973389585018158,
    0.24972068383693696,
    0.24970803301334382,
    0.24970174415111543,
    0.24968651509284973,
    0.24967611396312714,
    0.2496604254245758,
    0.20946944561004638,
    0.13664876236915588,
    0.1315588695049286,
    0.12956086099147796
  ],
  "val_history_full": [
    0.6078651027073936,
    0.24981664097498332,
    0.24973777906289177,
    0.2497513090807294,
    0.24968308565162478,
    0.2496797503933074,
    0.24965748805848378,
    0.2496270291388981,
    0.24966147778526185,
    0.2496108982771162,
    0.24960192659544567,
    0.2496424743107387,
    0.2496028258686974,
    0.24959362996002984,
    0.24955822314534867,
    0.24960514500973716,
    0.24952612675371624,
    0.14227748106396387,
    0.13246954362543803,
    0.13110156026151445,
    0.1289580049259322
  ],
  "sampled_epochs": [
    0,
    1,
    2,
    3,
    4,
    5,
    6,
    7,
    8,
    9,
    10,
    20
  ],
  "sampled_train_history": [
    0.6079729287147522,
    0.2530776444673538,
    0.24989185132980346,
    0.24984323332309724,
    0.24979758203029634,
    0.2497906299829483,
    0.24977647216320037,
    0.24975797703266145,
    0.24975492107868194,
    0.24975074632167815,
    0.24973389585018158,
    0.12956086099147796
  ],
  "sampled_val_history": [
    0.6078651027073936,
    0.24981664097498332,
    0.24973777906289177,
    0.2497513090807294,
    0.24968308565162478,
    0.2496797503933074,
    0.24965748805848378,
    0.2496270291388981,
    0.24966147778526185,
    0.2496108982771162,
    0.24960192659544567,
    0.1289580049259322
  ],
  "final_mse": 0.1289580049259322,
  "final_sdr_db": 5.8904655244615345,
  "final_symbol_accuracy": 0.7466625000000008
}