{
  "best_epoch": 15,
  "best_val_mse": 0.24955289633501143,
  "stop_epoch": 20,
  "stop_reason": "fixed_budget",
  "epochs_full": [
    0,
    1,
    2,
    3,
    4,
    5,
    6,
    7,
    8,
    9,
    10,
    11,
    12,
    13,
    14,
    15,
    16,
    17,
    18,
    19,
    20
  ],
  "train_history_full": [
    0.5005778439044952,
    0.2529260615348816,
    0.24989936561584472,
    0.24981774134635926,
    0.24979480774402618,
    0.24976817939281465,
    0.24975185830593108,
    0.24974235339164733,
    0.24973565952777863,
    0.24972089109420775,
    0.24971454265117646,
    0.2497125689268112,
    0.24970747957229614,
    0.24970347411632537,
    0.2496971126794815,
    0.2496905065059662,
    0.24968749113082886,
    0.249685080742836,
    0.24968190157413483,
    0.24968330178260803,
    0.24967571122646331
  ],
  "val_history_full": [
    0.5005628012475514,
    0.24966579604716527,
    0.24960239326197003,
    0.24959351240642488,
    0.2496034268821989,
    0.24959671473692333,
    0.24964068096781533,
    0.24958328666195037,
    0.24955622236880046,
    0.24961798011310518,
    0.2495761090327823,
    0.2495568919749487,
    0.24959497508548556,
    0.2495841495101414,
    0.24956014066461532,
    0.24955289633501143,
    0.24956259675442227,
    0.24955752231771983,
    0.24956821520177144,
    0.24956751768551175,
    0.24955699486391886
  ],
  "sampled_epochs": [
    0,
    1,
    2,
    3,
    4,
    5,
    6,
    7,
    8,
    9,
    10,
    20
  ],
  "sampled_train_history": [
    0.5005778439044952,
    0.2529260615348816,
    0.24989936561584472,
    0.24981774134635926,
    0.24979480774402618,
    0.24976817939281465,
    0.24975185830593108,
    0.24974235339164733,
    0.24973565952777863,
    0.24972089109420775,
    0.24971454265117646,
    0.24967571122646331
  ],
  "sampled_val_history": [
    0.5005628012475514,
    0.24966579604716527,
    0.24960239326197003,
    0.24959351240642488,
    0.2496034268821989,
    0.24959671473692333,
    0.24964068096781533,
    0.24958328666195037,
    0.24955622236880046,
    0.24961798011310518,
    0.2495761090327823,
    0.24955699486391886
  ],
  "final_mse": 0.24955289633501143,
  "final_sdr_db": 3.020821283734034,
  "final_symbol_accuracy": 0.5788925000000001
}