{
  "data_root": "C:\\Users\\battl\\Documents\\School 2026\\Jareds_Repo\\DL-AIR\\data\\structured_single_rx",
  "train_examples": 10000,
  "val_examples": 1000,
  "in_ch": 2,
  "device": "cuda",
  "results": {
    "IQ_CNN": {
      "train_history": [
        0.006321211057988861,
        0.0013916152745140152,
        0.0005090631664166757,
        0.0003102468257880035,
        0.0002545061509237259,
        0.000218331701906633,
        0.00020493489980977325,
        0.0001922006632897634,
        0.0001797688763329057,
        0.00016967063017833692,
        0.00016536014348888896,
        0.00025326674005828243,
        0.00015319293341078697,
        0.00014932443801675904,
        0.0001477885693741275,
        0.00013818274480484116,
        0.00013641536755772967,
        0.0001383663247471092,
        0.00013356931353141865,
        0.00021323471176869476
      ],
      "val_history": [
        0.002208539917774033,
        0.0007019006370683201,
        0.00035398153249843745,
        0.0002913392377195123,
        0.00023067414713295875,
        0.00022226856572160614,
        0.00020736460646730848,
        0.00019264874390501063,
        0.00019146203976561083,
        0.00015906930138953612,
        0.0002660211180227634,
        0.00015237124762279564,
        0.00014584139648832206,
        0.00014675499778604717,
        0.00013648795857079676,
        0.00014420093725675542,
        0.00013659366277352092,
        0.00013404130800154235,
        0.00014605984324589372,
        0.00014599116070712626
      ],
      "training_metadata": {
        "best_epoch": 18,
        "best_val_pit_mse": 0.00013404130800154235
      },
      "train_metrics": {
        "pit_mse": 0.0001316036646493886,
        "aligned_mse": 0.0001316036644866675,
        "sdr_db": 21.42110598506257
      },
      "val_metrics": {
        "pit_mse": 0.00013404130800154235,
        "aligned_mse": 0.00013404131050265278,
        "sdr_db": 21.391685009002686
      }
    },
    "Hybrid": {
      "train_history": [
        0.006957512775126595,
        0.0005144424929533498,
        0.00028618574253106403,
        0.00021253348579786468,
        0.00017165248101400866,
        0.00013476345348157012,
        0.00012187398910152759,
        9.650080644238455e-05,
        9.340393844119365e-05,
        8.580622834589751e-05,
        7.55749724209517e-05,
        7.19290526267461e-05,
        6.185273517398521e-05,
        6.741981202029451e-05,
        5.1411292687249626e-05,
        5.517169640265805e-05,
        7.181843374420654e-05,
        4.029646604180562e-05,
        3.602714673216163e-05,
        3.4810292021075365e-05
      ],
      "val_history": [
        0.0007789448154653655,
        0.0003581005175874452,
        0.0002536104311730014,
        0.00023705704961685115,
        0.00016573073071413091,
        0.00013668951623913017,
        0.00012233683810336515,
        9.66572786182951e-05,
        0.00014053997256269213,
        0.00014553222763424856,
        0.00012376528161439637,
        6.410115577182296e-05,
        0.00011746060044970363,
        7.892801545494876e-05,
        4.003669346275274e-05,
        0.00012089558072148066,
        3.776933658627968e-05,
        7.791324196659843e-05,
        4.767931875448994e-05,
        4.8309173280358664e-05
      ],
      "training_metadata": {
        "best_epoch": 17,
        "best_val_pit_mse": 3.776933658627968e-05
      },
      "train_metrics": {
        "pit_mse": 3.687591643116181e-05,
        "aligned_mse": 3.687591640791594e-05,
        "sdr_db": 25.573825306024034
      },
      "val_metrics": {
        "pit_mse": 3.776933658627968e-05,
        "aligned_mse": 3.776933738208754e-05,
        "sdr_db": 25.544576823711395
      }
    },
    "LSTM": {
      "train_history": [
        0.004834974052967688,
        0.0007145997285976792,
        0.00027784209220689505,
        0.00020077017828366145,
        0.00023574989404623805,
        0.00012325432747859098,
        0.00010122513739684502,
        8.816091668412324e-05,
        0.0002131987280205276,
        8.006020384338929e-05,
        6.551686431902026e-05,
        5.7620250771696954e-05,
        5.2120219619952875e-05,
        4.94430402909166e-05,
        4.590372778118228e-05,
        4.243833298012748e-05,
        3.851089093894787e-05,
        3.7691102553041467e-05,
        3.5171642628791834e-05,
        3.1925300550682415e-05
      ],
      "val_history": [
        0.0014820286342001054,
        0.0002935017832896847,
        0.0001988979424822901,
        0.00021008390012866585,
        0.00010928704887191998,
        8.316994740198425e-05,
        6.15229884033397e-05,
        6.144774852145929e-05,
        7.541871764260577e-05,
        5.0724548486869026e-05,
        4.135876883992751e-05,
        4.053725081121229e-05,
        3.2817144301588996e-05,
        3.198767529966062e-05,
        3.280497298874252e-05,
        2.880028455365391e-05,
        2.3431580643773486e-05,
        2.402355801223166e-05,
        2.0499811284935276e-05,
        2.0250139527888678e-05
      ],
      "training_metadata": {
        "best_epoch": 20,
        "best_val_pit_mse": 2.0250139527888678e-05
      },
      "train_metrics": {
        "pit_mse": 2.003168228025453e-05,
        "aligned_mse": 2.0031682367426546e-05,
        "sdr_db": 28.71259985488063
      },
      "val_metrics": {
        "pit_mse": 2.0250139527888678e-05,
        "aligned_mse": 2.0250139186828164e-05,
        "sdr_db": 28.770328283309937
      }
    }
  }
}