{
  "config_snapshot": {
    "mode": "train",
    "model_name": "pilot",
    "model_path": null,
    "dropout": 0.0,
    "batch_size": 16,
    "epochs": 20,
    "lr": 0.001,
    "modulation": "QPSK",
    "noise_alpha": 0.8,
    "noise_sigma": 0.1,
    "num_symbols": 1000,
    "num_sources": 2,
    "dataset_path": "./data",
    "generate_new_data": false,
    "use_cross_val": false,
    "n_symbols": 400,
    "samples_per_symbol": 2,
    "rolloff": 0.25,
    "rrc_span_symbols": 12,
    "normalize_power": true,
    "num_channels": 1,
    "noise_enabled": false,
    "alpha": 0.8,
    "snr_db": 25,
    "n_rx": 1,
    "random_phase": true,
    "use_on_the_fly_data": false
  },
  "pilot_setup": {
    "alphas": [
      0.8,
      0.9,
      1.0,
      1.1
    ],
    "train_size": 2000,
    "val_size": 400,
    "epochs": 8,
    "batch_size": 32,
    "device": "cuda"
  },
  "results": {
    "0.80": {
      "Hybrid": {
        "train_history": [
          0.6534475532789079,
          0.26985125290969064,
          0.15247953215998317,
          0.014182682681296552,
          0.004988087489018364,
          0.00340025123238327,
          0.002584422151336358,
          0.0023141878135945824,
          0.0018839274352002475
        ],
        "val_history": [
          0.6532771312273465,
          0.2329149074279345,
          0.07613543650278679,
          0.007024343591183424,
          0.004344447050243616,
          0.002825632243632124,
          0.0021785198746678922,
          0.0020257369436037084,
          0.0015773180012519543
        ],
        "best_val_mse": 0.0015773180012519543,
        "final_val_mse": 0.0015773180012519543
      },
      "LSTM": {
        "train_history": [
          0.501697441888234,
          0.27365749341154855,
          0.14275366552765406,
          0.06051697162172151,
          0.019091669203979627,
          0.007598598362020557,
          0.003938097111319029,
          0.0027250362937116905,
          0.002111340398042803
        ],
        "val_history": [
          0.5018334617981544,
          0.21869691633261168,
          0.0915184634236189,
          0.023757442402151916,
          0.007419444513148987,
          0.0028045775834470987,
          0.0016720261729250734,
          0.001221920157639453,
          0.0009977406589314342
        ],
        "best_val_mse": 0.0009977406589314342,
        "final_val_mse": 0.0009977406589314342
      },
      "IQ_CNN": {
        "train_history": [
          0.7146373551989359,
          0.28186127732670496,
          0.23848328088957166,
          0.13321478097211747,
          0.04680086418040215,
          0.015180628879794053,
          0.009150913155208978,
          0.006582000655018621,
          0.004859570502525284
        ],
        "val_history": [
          0.7137950842197125,
          0.24902639709986174,
          0.19821440141934615,
          0.09295847668097569,
          0.021124520983833533,
          0.01124568828023397,
          0.007673762273043394,
          0.00569427006233197,
          0.004376371964239157
        ],
        "best_val_mse": 0.004376371964239157,
        "final_val_mse": 0.004376371964239157
      }
    },
    "0.90": {
      "Hybrid": {
        "train_history": [
          0.6876839418259878,
          0.27764351878847393,
          0.24407615477130526,
          0.18316399128664107,
          0.05999231473025349,
          0.008094022427463815,
          0.004808776605401247,
          0.0034913270889470973,
          0.0025393623296940137
        ],
        "val_history": [
          0.6885477304458618,
          0.2502419856878427,
          0.23538736540537614,
          0.12794731098871964,
          0.014709750906779217,
          0.006876928015397145,
          0.003915744905288403,
          0.0033940259689608445,
          0.0021955851071442547
        ],
        "best_val_mse": 0.0021955851071442547,
        "final_val_mse": 0.0021955851071442547
      },
      "LSTM": {
        "train_history": [
          0.5020385706235492,
          0.27819736065372586,
          0.23349674755618685,
          0.1459465730521414,
          0.061305235361769086,
          0.024226730778103785,
          0.012013828086238059,
          0.006484715001923698,
          0.004189607753817525
        ],
        "val_history": [
          0.5018408986238333,
          0.24836617822830492,
          0.19441312093001145,
          0.08866439071985391,
          0.02650204931314175,
          0.01080207354747332,
          0.004860987134564381,
          0.002612304515563525,
          0.0018081804021046711
        ],
        "best_val_mse": 0.0018081804021046711,
        "final_val_mse": 0.0018081804021046711
      },
      "IQ_CNN": {
        "train_history": [
          0.5970281996424236,
          0.27463984749619924,
          0.2494984720907514,
          0.24310106772278983,
          0.16983645705003586,
          0.10017114617521801,
          0.04322599805891514,
          0.019462045474303146,
          0.012959170968286575
        ],
        "val_history": [
          0.597137607060946,
          0.250460494023103,
          0.24824822980623978,
          0.22383173612447885,
          0.14192259311676025,
          0.07123631124313061,
          0.02446032802645977,
          0.01621565817353817,
          0.011496140335041743
        ],
        "best_val_mse": 0.011496140335041743,
        "final_val_mse": 0.011496140335041743
      }
    },
    "1.00": {
      "Hybrid": {
        "train_history": [
          0.724937881742205,
          0.2873307636805943,
          0.25262669414754896,
          0.251680316433074,
          0.2512269727294407,
          0.2508828006093464,
          0.2507204780029872,
          0.25065229549294427,
          0.25052143444144537
        ],
        "val_history": [
          0.7264293478085444,
          0.2541393981530116,
          0.25240369599599105,
          0.25175369129731107,
          0.2516870704980997,
          0.251246839761734,
          0.2513555735349655,
          0.25115696971233076,
          0.25154560001996845
        ],
        "best_val_mse": 0.25115696971233076,
        "final_val_mse": 0.25154560001996845
      },
      "LSTM": {
        "train_history": [
          0.507157976665194,
          0.2788381992824494,
          0.25068423625022646,
          0.2504103999762308,
          0.25034661922189927,
          0.25032440797677113,
          0.25026716481125544,
          0.2502345953668867,
          0.25017787516117096
        ],
        "val_history": [
          0.5070416331291199,
          0.25045654292290026,
          0.25036461880573857,
          0.25017120975714463,
          0.2504913336955584,
          0.25041985511779785,
          0.25034974630062395,
          0.25020787692987,
          0.25032855914189267
        ],
        "best_val_mse": 0.25017120975714463,
        "final_val_mse": 0.25032855914189267
      },
      "IQ_CNN": {
        "train_history": [
          0.7116735842492845,
          0.28897724856459905,
          0.251176261476108,
          0.2506581700983502,
          0.25047551261054146,
          0.25035996451264336,
          0.2502866451229368,
          0.2502538937897909,
          0.2502371962108309
        ],
        "val_history": [
          0.7121193821613605,
          0.2522063977443255,
          0.2509859651327133,
          0.25081755908635944,
          0.25061075389385223,
          0.2505106570628973,
          0.2505269463245685,
          0.25044827736341035,
          0.2505035904737619
        ],
        "best_val_mse": 0.25044827736341035,
        "final_val_mse": 0.2505035904737619
      }
    },