{
  "best_epoch": 15,
  "best_val_mse": 0.13058727080859836,
  "stop_epoch": 20,
  "stop_reason": "fixed_budget",
  "epochs_full": [
    0,
    1,
    2,
    3,
    4,
    5,
    6,
    7,
    8,
    9,
    10,
    11,
    12,
    13,
    14,
    15,
    16,
    17,
    18,
    19,
    20
  ],
  "train_history_full": [
    0.4276070328235626,
    0.1727910573244095,
    0.13488598506450653,
    0.13324872152805328,
    0.13272077889442443,
    0.13235420179367066,
    0.13199588627815245,
    0.13182598583698274,
    0.13168098244667054,
    0.131538876247406,
    0.131401626932621,
    0.13131735354661941,
    0.1311967728972435,
    0.13115576177835464,
    0.13097348103523254,
    0.13100312385559082,
    0.13082596739530564,
    0.1307056889653206,
    0.13067102670669556,
    0.1305276985168457,
    0.13041270291805268
  ],
  "val_history_full": [
    0.42751151228707934,
    0.1392188739208948,
    0.13458789766780913,
    0.1343314489201894,
    0.1318047336406178,
    0.1320298532881434,
    0.13356887679251414,
    0.13177684824618083,
    0.13157421504221264,
    0.13134888949848356,
    0.13079282641410828,
    0.13130242401172246,
    0.13099893277126645,
    0.13060927024436375,
    0.13083918167958183,
    0.13058727080859836,
    0.1310742748162103,
    0.13072916818043542,
    0.1313067080955657,
    0.13075574215442415,
    0.13077784637137066
  ],
  "sampled_epochs": [
    0,
    1,
    2,
    3,
    4,
    5,
    6,
    7,
    8,
    9,
    10,
    20
  ],
  "sampled_train_history": [
    0.4276070328235626,
    0.1727910573244095,
    0.13488598506450653,
    0.13324872152805328,
    0.13272077889442443,
    0.13235420179367066,
    0.13199588627815245,
    0.13182598583698274,
    0.13168098244667054,
    0.131538876247406,
    0.131401626932621,
    0.13041270291805268
  ],
  "sampled_val_history": [
    0.42751151228707934,
    0.1392188739208948,
    0.13458789766780913,
    0.1343314489201894,
    0.1318047336406178,
    0.1320298532881434,
    0.13356887679251414,
    0.13177684824618083,
    0.13157421504221264,
    0.13134888949848356,
    0.13079282641410828,
    0.13077784637137066
  ],
  "final_mse": 0.13058727080859836,
  "final_sdr_db": 5.846742221287319,
  "final_symbol_accuracy": 0.8227437500000012
}