{
  "best_epoch": 10,
  "best_val_mse": 0.13084389943452107,
  "stop_epoch": 20,
  "stop_reason": "fixed_budget",
  "epochs_full": [
    0,
    1,
    2,
    3,
    4,
    5,
    6,
    7,
    8,
    9,
    10,
    11,
    12,
    13,
    14,
    15,
    16,
    17,
    18,
    19,
    20
  ],
  "train_history_full": [
    0.600775407409668,
    0.1746530966281891,
    0.1380241158246994,
    0.13514768171310426,
    0.1335698703765869,
    0.13275609664916993,
    0.13230455056428908,
    0.13196125251054763,
    0.13172003237009047,
    0.13147452310323715,
    0.13139465936422348,
    0.13116805846691132,
    0.13099133497476578,
    0.1307391543865204,
    0.13055684309005738,
    0.13029927468299865,
    0.1299873456954956,
    0.12968699276447296,
    0.12937894130945204,
    0.12896852322816849,
    0.1285671665430069
  ],
  "val_history_full": [
    0.6005944524492536,
    0.13982212945582376,
    0.13542830092566355,
    0.13337618207174634,
    0.13253570099671683,
    0.1320291024351877,
    0.1317833393575653,
    0.13116249572190028,
    0.131279518679967,
    0.13145271061904848,
    0.13084389943452107,
    0.1311674310810982,
    0.13109412008807772,
    0.1308599967095587,
    0.13097736251259606,
    0.13136672831716992,
    0.13150744873379905,
    0.1314729785635358,
    0.13240867403764572,
    0.13185901384031962,
    0.13214713536084643
  ],
  "sampled_epochs": [
    0,
    1,
    2,
    3,
    4,
    5,
    6,
    7,
    8,
    9,
    10,
    20
  ],
  "sampled_train_history": [
    0.600775407409668,
    0.1746530966281891,
    0.1380241158246994,
    0.13514768171310426,
    0.1335698703765869,
    0.13275609664916993,
    0.13230455056428908,
    0.13196125251054763,
    0.13172003237009047,
    0.13147452310323715,
    0.13139465936422348,
    0.1285671665430069
  ],
  "sampled_val_history": [
    0.6005944524492536,
    0.13982212945582376,
    0.13542830092566355,
    0.13337618207174634,
    0.13253570099671683,
    0.1320291024351877,
    0.1317833393575653,
    0.13116249572190028,
    0.131279518679967,
    0.13145271061904848,
    0.13084389943452107,
    0.13214713536084643
  ],
  "final_mse": 0.13084389943452107,
  "final_sdr_db": 5.838547986651224,
  "final_symbol_accuracy": 0.8227925000000011
}