{
  "best_epoch": 17,
  "best_val_mse": 0.13029531566869645,
  "stop_epoch": 20,
  "stop_reason": "fixed_budget",
  "epochs_full": [
    0,
    1,
    2,
    3,
    4,
    5,
    6,
    7,
    8,
    9,
    10,
    11,
    12,
    13,
    14,
    15,
    16,
    17,
    18,
    19,
    20
  ],
  "train_history_full": [
    0.5058204952239991,
    0.17642068541049957,
    0.1340813086271286,
    0.13285800457000732,
    0.13226940100193024,
    0.13193189026117325,
    0.13176708623170852,
    0.131570216691494,
    0.13138944380283354,
    0.13137833434343338,
    0.1312702876806259,
    0.13122465093135835,
    0.13114621994495393,
    0.13108068103790282,
    0.13096427581310272,
    0.1309227085351944,
    0.13091970376968384,
    0.13086139140129088,
    0.13078778324127197,
    0.1307485694885254,
    0.13073060854673385
  ],
  "val_history_full": [
    0.5058202809757657,
    0.13302905904868292,
    0.1316017559359944,
    0.1315344569701997,
    0.13134281609266524,
    0.13088166891109376,
    0.13115954836682667,
    0.13072210952403054,
    0.1304732339959296,
    0.13053885386103675,
    0.13065069771948315,
    0.1304462170080533,
    0.1305325645066443,
    0.13050545562827398,
    0.13046828834783464,
    0.1306401410746196,
    0.1304367341929012,
    0.13029531566869645,
    0.13098613314685367,
    0.1303799163017954,
    0.13034436544255604
  ],
  "sampled_epochs": [
    0,
    1,
    2,
    3,
    4,
    5,
    6,
    7,
    8,
    9,
    10,
    20
  ],
  "sampled_train_history": [
    0.5058204952239991,
    0.17642068541049957,
    0.1340813086271286,
    0.13285800457000732,
    0.13226940100193024,
    0.13193189026117325,
    0.13176708623170852,
    0.131570216691494,
    0.13138944380283354,
    0.13137833434343338,
    0.1312702876806259,
    0.13073060854673385
  ],
  "sampled_val_history": [
    0.5058202809757657,
    0.13302905904868292,
    0.1316017559359944,
    0.1315344569701997,
    0.13134281609266524,
    0.13088166891109376,
    0.13115954836682667,
    0.13072210952403054,
    0.1304732339959296,
    0.13053885386103675,
    0.13065069771948315,
    0.13034436544255604
  ],
  "final_mse": 0.13029531566869645,
  "final_sdr_db": 5.856851895650228,
  "final_symbol_accuracy": 0.8230487500000002
}